,CFAP53,GYPA,COCH,EGFR,MTRNR2L11,AR,FAS,MALL,PCNA,CA4,STC2,CD83,CD68,MET,PPARG,GPC3,NTN4,PCP4,MDM2,TENT5C,MCF2L,CFB,HAVCR2,CYP2B6,TFPI,S100A1,THY1,ACE2,TMEM174,BBOX1,GLYATL1,RBP5,RIDA,NAT8,ANPEP,GATM,SMIM24,SLC22A8,DPEP1,ACTG2,SMYD2
CFAP53,1.0,8.645551e-14,-1.894195e-13,-0.021275504,-0.052172065,-7.449939e-14,-0.037660964,-0.030413805,0.20070381,-4.3706873e-14,-0.021275548,0.326155,-0.021275526,-0.043978635,0.30557916,-0.037661284,-0.11420857,-0.042579778,0.4339867,-0.02127599,-0.030413747,2.3410571e-14,-0.021275656,-3.580733e-14,-0.04665181,-0.021275468,-0.055130254,-0.021275382,-0.030413587,-0.021275382,-0.021275382,-0.0304138,-0.052171987,-0.03537618,-0.04135509,-0.04096178,0.112440825,-0.025814729,-0.037660908,-0.087957606,-0.03766089
GYPA,8.64555e-14,1.0,-1.5304106e-07,-1.12130906e-13,-8.4258333e-13,6.0830246e-07,-8.8072704e-14,-3.4837693e-13,1.34785016e-14,-1.5485882e-07,-9.81592e-13,-1.6673229e-14,-2.712949e-13,-8.758517e-13,-3.8524636e-13,-1.9822878e-13,-2.9163128e-13,-1.5423017e-13,2.5096442e-13,-8.8708695e-13,-2.8318225e-13,2.1872917e-07,-3.9369801e-13,-5.0986165e-07,1.926694e-12,3.307658e-13,-5.836217e-13,2.7199313e-12,2.5286023e-12,2.8537166e-12,2.5391416e-12,2.518709e-12,5.1794566e-13,2.755169e-12,8.1950505e-14,2.8784113e-12,2.2426585e-12,2.7240447e-12,-2.0219515e-13,-4.195474e-13,2.8271417e-13
COCH,-1.8941951e-13,-1.5304106e-07,1.0,2.3318803e-12,2.1638605e-12,4.7734557e-07,-3.5128692e-12,6.581615e-13,-1.327625e-12,1.3103167e-07,1.5422244e-12,-1.2387772e-12,1.8631011e-13,2.2590846e-12,2.927173e-13,-1.9831378e-13,-5.7213137e-13,-4.2382364e-14,3.7997833e-13,2.9757414e-12,2.5835006e-13,-2.2601793e-07,1.6745498e-12,4.187051e-07,3.152083e-12,-1.2914713e-12,1.4668179e-12,6.317671e-12,1.8748648e-12,1.0444268e-11,7.950928e-12,1.4782721e-12,3.5659774e-12,3.7344615e-12,-1.0437524e-12,5.3493945e-12,4.596968e-12,7.1031874e-12,-1.4078822e-12,-4.808722e-13,-2.220132e-12
EGFR,-0.021275504,-1.1213091e-13,2.3318803e-12,1.0,-0.05217203,1.7761388e-14,-0.03766097,-0.030413818,-0.07454714,-2.1425459e-13,-0.021275565,-0.06523094,-0.021275494,-0.043978594,-0.05217201,-0.03766119,0.25125876,-0.042579785,0.07482527,-0.021276029,-0.03041382,-2.1372509e-13,-0.021275574,-4.778512e-13,-0.0466519,-0.021275533,-0.055130146,-0.021275539,-0.030413818,-0.021275539,-0.021275539,-0.030413805,-0.052172005,-0.03537642,0.35565343,-0.04096195,0.010607612,-0.025814896,-0.03766089,0.1759153,-0.037661005
MTRNR2L11,-0.052172065,-8.4258333e-13,2.1638605e-12,-0.05217203,1.0,1.2093412e-13,0.118738726,-0.07458089,0.010044262,-2.8584635e-13,-0.05217206,-0.022851354,-0.052172054,0.07703183,-0.12793657,-0.092352964,0.018670838,0.10015266,-0.0052424814,-0.052173007,-0.07458093,-1.5012122e-13,-0.05217207,1.9123733e-13,-0.0023347165,-0.052172054,0.01931292,-0.05217204,-0.07458097,-0.05217204,-0.05217204,-0.07458097,-0.12793657,-0.0867503,-0.10141106,-0.031569105,-0.116682604,-0.06330348,0.11873879,-0.12325153,-0.09235238
AR,-7.4499394e-14,6.0830246e-07,4.7734557e-07,1.776139e-14,1.2093412e-13,1.0,-3.0112813e-13,7.684373e-14,-2.470035e-13,2.4332326e-07,-6.1264026e-13,-4.0629937e-13,-3.0413606e-14,-3.1303383e-13,-2.3410432e-14,-7.585629e-14,-3.211115e-13,-1.8734916e-13,8.5729e-14,4.88524e-14,-1.5165157e-13,-1.5649663e-07,1.6876415e-14,4.8371675e-07,1.5257224e-12,-6.348751e-14,-3.034136e-14,1.0883561e-12,1.0572098e-12,3.0849184e-12,1.6178871e-12,1.6603021e-12,6.847157e-13,1.8163969e-12,-1.9585596e-13,2.0329211e-12,1.5498609e-12,2.1387087e-12,-5.798025e-13,-3.2567818e-13,-1.9821554e-13
FAS,-0.037660964,-8.8072704e-14,-3.5128692e-12,-0.03766097,0.118738726,-3.0112813e-13,1.0,-0.053837117,-0.13195966,2.2777694e-13,-0.03766093,-0.11546872,-0.037660945,-0.077848695,-0.09235236,-0.06666594,0.013477745,-0.075372696,0.026490375,-0.037661575,-0.053837012,2.9557764e-13,-0.037660945,-6.390653e-13,0.10617553,-0.037660915,-0.09758877,-0.037660893,-0.053837053,-0.037660893,-0.037660893,-0.053837024,-0.09235235,-0.06262161,-0.073204726,-0.014501751,-0.04130955,-0.045696236,-0.06666548,-0.15569828,-0.06666558
MALL,-0.030413806,-3.483769e-13,6.581615e-13,-0.03041382,-0.07458089,7.684373e-14,-0.05383712,1.0,0.28691006,-1.4989874e-13,-0.030413875,0.18649799,-0.03041381,-0.06286832,-0.07458096,-0.053837422,-0.07618959,0.3565166,-0.02139288,-0.030414363,-0.04347723,-1.0809747e-13,-0.030413834,4.280398e-13,-0.06668998,-0.03041382,0.23642908,-0.030413978,-0.043477323,-0.030413978,-0.030413978,-0.043477323,-0.07458105,-0.0505715,-0.059117913,-0.05855609,-0.05762253,-0.036903083,-0.05383711,-0.12573716,-0.05383705
PCNA,0.20070381,1.3478501e-14,-1.327625e-12,-0.07454714,0.010044263,-2.4700354e-13,-0.13195966,0.2869101,1.0,-6.060551e-14,-0.07454713,0.08790851,-0.07454712,-0.15409592,-0.08638024,-0.05075401,0.026678309,0.16558975,0.2137769,-0.07454847,-0.10656657,1.7544115e-13,-0.07454713,-1.1178922e-13,0.008981496,-0.07454706,0.16345142,-0.07454712,0.090171754,-0.07454712,-0.07454712,0.090171695,0.20289339,-0.009534978,-0.14490342,-0.06403469,-0.1000673,-0.090452515,-0.13195962,-0.16595027,0.030452322
CA4,-4.3706873e-14,-1.5485884e-07,1.3103167e-07,-2.1425457e-13,-2.8584635e-13,2.4332326e-07,2.2777694e-13,-1.4989874e-13,-6.060552e-14,1.0,-6.992615e-13,-4.5764634e-14,-9.3736515e-14,-2.051785e-13,-2.2010601e-13,-8.969229e-14,9.0523116e-14,6.845631e-14,3.1610277e-14,-2.4897903e-13,3.4706396e-14,5.723447e-08,-2.9909362e-13,-1.5421546e-07,2.3824695e-13,3.0312515e-13,-2.2075076e-13,1.8643385e-13,5.4694167e-13,5.9307745e-13,-7.285173e-14,4.5413917e-13,-1.2589399e-13,4.5031565e-13,1.08224426e-14,2.861289e-13,1.6323115e-13,2.5184382e-13,7.49589e-14,9.546559e-15,1.6972315e-13
STC2,-0.021275548,-9.815919e-13,1.5422244e-12,-0.021275565,-0.052172057,-6.1264026e-13,-0.03766093,-0.030413875,-0.07454713,-6.992615e-13,1.0,-0.06523095,-0.021275539,-0.043978643,0.30557916,-0.037661172,-0.11420856,-0.042579822,-0.104755394,-0.021275971,-0.030413866,-1.9978925e-13,-0.021275595,2.2036497e-13,-0.04665191,-0.021275464,-0.055130184,-0.021275548,-0.03041385,-0.021275548,-0.021275548,-0.03041379,-0.05217201,-0.035376478,-0.04135502,-0.04096196,0.112440735,-0.025814908,-0.03766098,-0.08795763,-0.037660763
CD83,0.326155,-1.6673229e-14,-1.2387771e-12,-0.06523095,-0.022851354,-4.0629934e-13,-0.11546872,0.18649799,0.087908514,-4.5764634e-14,-0.06523095,1.0,-0.065230936,0.2696772,0.25136536,0.34640825,0.070032865,0.09324999,0.29823914,-0.06523215,-0.09324901,2.5100256e-13,0.32615492,-2.5642493e-13,-0.14303513,0.32615495,0.16902949,-0.06523098,0.18649799,-0.06523098,-0.06523098,-0.09324903,-0.022851428,0.054232243,0.025358915,-0.012558964,0.22766097,-0.07914868,0.115468666,-0.06741956,0.34640604
CD68,-0.021275526,-2.712949e-13,1.8631011e-13,-0.021275492,-0.05217205,-3.0413606e-14,-0.037660945,-0.03041381,-0.07454711,-9.3736515e-14,-0.021275539,-0.06523093,1.0,-0.04397855,-0.05217207,-0.037661143,0.0076139146,-0.042579807,-0.10475537,-0.021275982,-0.030413782,2.0321703e-13,-0.021275504,-4.853316e-14,0.593146,-0.021275561,0.38591138,-0.021275636,-0.030413883,-0.021275636,-0.021275636,-0.0304139,0.30557895,-0.03537648,-0.041354984,0.057346683,0.010607565,-0.025814993,-0.03766092,0.43978804,-0.03766096
MET,-0.04397863,-8.758517e-13,2.2590846e-12,-0.043978594,0.07703183,-3.130338e-13,-0.077848695,-0.06286832,-0.15409592,-2.051785e-13,-0.043978646,0.26967716,-0.04397855,1.0,0.07703181,0.07784915,0.07869327,-0.08801646,0.15467094,0.48377347,-0.062868245,-9.069417e-14,-0.0439786,3.667664e-14,-0.09643397,-0.04397863,0.11395935,-0.04397858,-0.062868275,-0.04397858,-0.04397858,-0.06286825,0.07703179,-0.073126435,0.32484227,0.016934467,0.28505015,-0.053361855,0.23354621,-0.0454542,-0.077848755
PPARG,0.30557916,-3.8524636e-13,2.9271732e-13,-0.05217201,-0.12793657,-2.3410432e-14,-0.09235237,-0.07458096,-0.08638024,-2.2010601e-13,0.30557916,0.25136536,-0.05217207,0.07703181,1.0,0.013193292,-0.15203409,-0.104414456,0.05766731,0.3055847,-0.07458095,-2.7504161e-15,-0.052172005,-2.398485e-14,-0.11440019,0.3055791,-0.13519055,-0.052172065,-0.07458095,-0.052172065,-0.052172065,-0.07458098,-0.12793657,-0.08675032,-0.101411,-0.1004472,0.13303299,-0.0633035,-0.0923524,-0.21569018,0.3298299
GPC3,-0.037661284,-1.9822878e-13,-1.9831378e-13,-0.03766119,-0.092352964,-7.5856286e-14,-0.06666594,-0.053837422,-0.05075401,-8.969229e-14,-0.037661172,0.34640825,-0.037661143,0.07784915,0.013193291,1.0,0.15724146,-0.075373136,0.026490554,-0.03766187,-0.053837385,6.6437016e-14,0.86620706,2.9521246e-14,-0.08258147,0.2636283,0.2927681,-0.037661172,-0.053837404,-0.037661172,-0.037661172,0.16151215,-0.092352904,-0.06262201,0.04392305,-0.072509326,-0.041309826,-0.045696583,-0.066665985,0.1556992,0.28888592
NTN4,-0.114208564,-2.9163128e-13,-5.721314e-13,0.25125876,0.018670838,-3.2111152e-13,0.013477745,-0.07618959,0.026678309,9.052311e-14,-0.11420856,0.070032865,0.0076139136,0.07869327,-0.1520341,0.15724146,1.0,0.1197277,0.05891109,0.0076140556,0.09795798,2.4588594e-13,0.0076139406,-1.6293946e-13,-0.13594802,0.12943636,-0.08549443,-0.11420851,0.18503188,-0.11420851,-0.11420851,0.09795802,-0.10935784,0.16458263,0.062159013,-0.1260682,-0.088830054,-0.098263025,0.08535909,0.34625217,0.15724047
PCP4,-0.042579774,-1.5423017e-13,-4.2382364e-14,-0.042579785,0.10015266,-1.8734916e-13,-0.075372696,0.3565166,0.16558975,6.8456315e-14,-0.04257982,0.09324999,-0.042579804,-0.08801646,-0.104414456,-0.075373136,0.11972771,1.0,0.14975144,-0.042580582,0.14782393,6.617563e-14,-0.04257981,-4.6397392e-14,-0.09336682,-0.04257979,0.14185897,-0.04257978,0.3565166,-0.04257978,-0.04257978,-0.060868714,-0.10441445,0.17194435,-0.08276586,-0.025764868,-0.007885237,-0.051664628,-0.07537268,-0.17603388,-0.07537267
MDM2,0.4339867,2.5096442e-13,3.7997833e-13,0.07482527,-0.0052424814,8.572899e-14,0.026490375,-0.021392882,0.2137769,3.1610277e-14,-0.10475539,0.29823914,-0.10475537,0.15467094,0.057667308,0.026490552,0.058911085,0.14975144,1.0,-0.10475731,-0.021392837,-1.5056789e-13,0.07482525,1.5871802e-13,0.051565804,-0.10475542,0.2714469,0.07482527,0.23532128,0.07482527,0.07482527,-0.021392882,-0.005242482,0.12441756,-0.06399541,0.16134894,0.17757916,0.051172562,0.13245204,-0.0618687,-0.18543288
TENT5C,-0.02127599,-8.8708695e-13,2.9757414e-12,-0.021276029,-0.052173004,4.8852405e-14,-0.03766158,-0.030414362,-0.07454846,-2.4897903e-13,-0.021275971,-0.06523215,-0.021275982,0.48377347,0.3055847,-0.03766187,0.007614056,-0.042580586,-0.10475731,1.0,-0.0304144,-2.7795282e-13,-0.021275932,2.8627575e-13,-0.04665285,-0.021275975,-0.055131167,-0.021275949,-0.030414388,-0.021275949,-0.021275949,-0.030414402,-0.05217297,-0.035377096,-0.041355863,-0.04096273,0.0106078135,-0.02581539,-0.03766159,-0.08795925,-0.037661646
MCF2L,-0.030413747,-2.8318225e-13,2.583501e-13,-0.03041382,-0.07458092,-1.5165156e-13,-0.053837012,-0.04347723,-0.10656657,3.4706396e-14,-0.030413866,-0.093249,-0.03041378,-0.06286824,-0.07458095,-0.053837385,0.097957976,0.14782393,-0.021392837,-0.0304144,1.0,2.0771111e-14,-0.030413842,-8.556247e-14,-0.06668978,-0.030413864,-0.078809656,-0.030413795,-0.043477204,-0.030413795,-0.030413795,-0.04347713,-0.07458091,0.25285664,-0.059117887,-0.058555897,-0.13040859,0.04361258,0.37685937,0.25147432,-0.05383707
CFB,2.341057e-14,2.1872917e-07,-2.2601793e-07,-2.1372509e-13,-1.5012122e-13,-1.5649663e-07,2.9557766e-13,-1.0809747e-13,1.7544116e-13,5.723447e-08,-1.9978927e-13,2.5100256e-13,2.0321704e-13,-9.069416e-14,-2.7504161e-15,6.6437016e-14,2.4588597e-13,6.617563e-14,-1.5056789e-13,-2.7795282e-13,2.0771111e-14,1.0,-1.7489539e-13,-3.537324e-08,-8.84967e-13,1.4734173e-13,-8.2330606e-14,-1.3672144e-12,-6.9071533e-13,-2.2296449e-12,-1.1761189e-12,-7.333786e-13,-5.978784e-13,-1.0106418e-12,1.4263121e-13,-1.3455025e-12,-1.0032169e-12,-1.4964229e-12,1.2058289e-13,1.1838783e-13,3.9130103e-13
HAVCR2,-0.021275656,-3.9369801e-13,1.6745497e-12,-0.021275574,-0.05217207,1.6876417e-14,-0.037660945,-0.030413833,-0.07454713,-2.990936e-13,-0.021275595,0.32615492,-0.021275504,-0.0439786,-0.052172005,0.86620706,0.0076139406,-0.04257981,0.07482525,-0.021275932,-0.030413844,-1.7489539e-13,1.0,1.4667225e-13,-0.046651885,-0.021275314,0.38591126,-0.02127547,-0.030413792,-0.02127547,-0.02127547,-0.030413706,-0.052172,-0.035376396,-0.041355092,-0.04096191,-0.091225386,-0.02581485,-0.037661005,0.17591521,-0.037660707
CYP2B6,-3.580733e-14,-5.0986165e-07,4.187051e-07,-4.778512e-13,1.9123733e-13,4.8371675e-07,-6.390653e-13,4.280398e-13,-1.1178922e-13,-1.5421546e-07,2.2036497e-13,-2.5642493e-13,-4.853316e-14,3.667664e-14,-2.3984851e-14,2.9521246e-14,-1.6293945e-13,-4.6397392e-14,1.5871802e-13,2.8627575e-13,-8.556247e-14,-3.537324e-08,1.4667225e-13,1.0,9.490053e-13,-2.52436e-13,-1.6611997e-14,1.0419849e-12,7.3095056e-13,1.8618514e-12,1.789733e-12,9.0948527e-13,7.267389e-13,1.2962986e-12,-2.546681e-13,1.5121575e-12,1.0352964e-12,1.726085e-12,-1.546995e-13,-1.9251351e-13,-3.2196115e-13
TFPI,-0.04665181,1.926694e-12,3.1520828e-12,-0.0466519,-0.0023347163,1.5257225e-12,0.10617553,-0.06668998,0.008981497,2.3824695e-13,-0.04665191,-0.14303513,0.59314597,-0.09643397,-0.11440019,-0.08258147,-0.13594802,-0.09336682,0.051565804,-0.046652846,-0.06668978,-8.8496707e-13,-0.046651885,9.490053e-13,1.0,-0.046651997,0.2935818,0.5931461,0.39061207,0.5931461,0.5931461,0.39061213,0.5579924,0.45434818,-0.0906812,0.6184697,0.43794912,0.5785534,-0.0825809,0.13776349,-0.08258101
S100A1,-0.02127547,3.307658e-13,-1.2914713e-12,-0.021275533,-0.052172054,-6.348751e-14,-0.03766092,-0.03041382,-0.07454706,3.0312512e-13,-0.021275466,0.32615498,-0.021275561,-0.04397863,0.3055791,0.2636283,0.12943636,-0.042579792,-0.10475541,-0.021275975,-0.030413866,1.4734173e-13,-0.021275314,-2.52436e-13,-0.046651997,1.0,-0.055130143,-0.021275619,-0.03041384,-0.021275619,-0.021275619,-0.030413903,-0.05217203,-0.035376467,-0.041355073,-0.040962037,0.010607535,-0.025814973,-0.03766093,-0.087957636,0.5649141
THY1,-0.055130254,-5.836217e-13,1.4668179e-12,-0.05513015,0.01931292,-3.0341364e-14,-0.09758878,0.2364291,0.16345142,-2.2075076e-13,-0.055130184,0.16902949,0.38591138,0.11395935,-0.13519055,0.29276806,-0.08549443,0.14185897,0.2714469,-0.055131167,-0.078809656,-8.2330606e-14,0.38591126,-1.6611998e-14,0.2935818,-0.055130143,1.0,-0.05513022,-0.07880973,-0.05513022,-0.05513022,-0.078809716,0.32831988,-0.09166906,-0.10716108,0.021228459,-0.06047125,-0.06689281,0.16264792,0.22791977,-0.09758868
ACE2,-0.021275382,2.7199313e-12,6.317671e-12,-0.021275539,-0.052172035,1.0883561e-12,-0.037660897,-0.03041398,-0.07454712,1.8643385e-13,-0.021275548,-0.06523098,-0.021275636,-0.043978576,-0.052172065,-0.03766117,-0.11420852,-0.04257978,0.07482527,-0.02127595,-0.030413795,-1.3672144e-12,-0.02127547,1.0419849e-12,0.5931461,-0.021275619,-0.05513022,1.0,0.69951797,0.99995106,0.99995106,0.69951814,0.30557904,0.8136581,-0.041355062,0.942125,0.723439,0.9880071,-0.037660927,-0.08795766,-0.03766099
TMEM174,-0.030413585,2.5286025e-12,1.8748648e-12,-0.03041382,-0.07458097,1.0572097e-12,-0.05383705,-0.043477323,0.090171754,5.469417e-13,-0.03041385,0.18649799,-0.030413885,-0.062868275,-0.07458095,-0.053837404,0.18503186,0.3565166,0.23532128,-0.030414388,-0.043477204,-6.9071533e-13,-0.030413793,7.309505e-13,0.39061207,-0.030413842,-0.07880972,0.69951797,1.0,0.69951797,0.69951797,0.4782488,0.18112513,0.8597125,-0.05911786,0.71438235,0.5246671,0.68773645,-0.05383711,-0.1257372,-0.053837094
BBOX1,-0.021275382,2.8537168e-12,1.0444267e-11,-0.021275539,-0.052172035,3.0849182e-12,-0.037660897,-0.03041398,-0.07454712,5.9307745e-13,-0.021275548,-0.06523098,-0.021275636,-0.043978576,-0.052172065,-0.03766117,-0.11420852,-0.04257978,0.07482527,-0.02127595,-0.030413795,-2.2296449e-12,-0.02127547,1.8618516e-12,0.5931461,-0.021275619,-0.05513022,0.99995106,0.69951797,1.0,0.99995106,0.69951814,0.30557904,0.8136581,-0.041355062,0.942125,0.723439,0.9880071,-0.037660927,-0.08795766,-0.03766099
GLYATL1,-0.021275382,2.5391416e-12,7.950928e-12,-0.021275539,-0.052172035,1.6178871e-12,-0.037660897,-0.03041398,-0.07454712,-7.2851725e-14,-0.021275548,-0.06523098,-0.021275636,-0.043978576,-0.052172065,-0.03766117,-0.11420852,-0.04257978,0.07482527,-0.02127595,-0.030413795,-1.1761189e-12,-0.02127547,1.7897331e-12,0.5931461,-0.021275619,-0.05513022,0.99995106,0.69951797,0.99995106,1.0,0.69951814,0.30557904,0.8136581,-0.041355062,0.942125,0.723439,0.9880071,-0.037660927,-0.08795766,-0.03766099
RBP5,-0.030413799,2.5187088e-12,1.4782721e-12,-0.030413803,-0.074580975,1.6603021e-12,-0.053837027,-0.043477323,0.090171695,4.5413917e-13,-0.030413792,-0.09324903,-0.030413898,-0.06286825,-0.07458098,0.16151215,0.09795801,-0.060868714,-0.02139288,-0.030414402,-0.04347713,-7.333786e-13,-0.030413704,9.0948527e-13,0.3906121,-0.030413903,-0.078809716,0.69951814,0.4782488,0.69951814,0.69951814,1.0,0.18112518,0.55628455,-0.059117887,0.6441152,0.59745324,0.6877365,-0.053837057,0.06286855,0.3768593
RIDA,-0.052171987,5.179456e-13,3.5659772e-12,-0.052172005,-0.12793657,6.8471574e-13,-0.09235235,-0.07458105,0.20289339,-1.2589399e-13,-0.05217201,-0.022851426,0.30557898,0.077031784,-0.12793657,-0.092352904,-0.10935785,-0.10441445,-0.0052424814,-0.052172966,-0.074580915,-5.978784e-13,-0.052172,7.267389e-13,0.5579924,-0.05217203,0.32831985,0.30557904,0.18112513,0.30557904,0.30557904,0.18112518,1.0,0.21067928,0.037666984,0.278382,0.4184222,0.2918536,-0.09235234,0.15406437,-0.092352316
NAT8,-0.035376176,2.755169e-12,3.7344615e-12,-0.03537642,-0.0867503,1.8163969e-12,-0.06262161,-0.050571505,-0.009534978,4.5031567e-13,-0.035376478,0.054232243,-0.03537648,-0.073126435,-0.08675032,-0.06262201,0.16458263,0.17194435,0.124417566,-0.035377096,0.25285664,-1.0106418e-12,-0.035376392,1.2962986e-12,0.45434815,-0.035376463,-0.09166906,0.8136581,0.8597125,0.8136581,0.8136581,0.55628455,0.2106793,1.0,-0.06876411,0.79008156,0.5679455,0.8467808,0.18786485,0.0731268,-0.062621646
ANPEP,-0.04135509,8.1950505e-14,-1.0437524e-12,0.35565343,-0.10141106,-1.9585597e-13,-0.073204726,-0.05911791,-0.14490342,1.08224426e-14,-0.041355025,0.025358915,-0.041354984,0.32484227,-0.10141101,0.04392305,0.06215901,-0.082765855,-0.06399541,-0.041355863,-0.059117887,1.4263121e-13,-0.041355092,-2.546681e-13,-0.09068121,-0.041355073,-0.107161075,-0.041355066,-0.05911786,-0.041355066,-0.041355066,-0.059117883,0.037666984,-0.068764105,1.0,-0.0031848424,0.25814852,-0.050178602,-0.07320467,-0.06838823,-0.073204786
GATM,-0.04096178,2.8784115e-12,5.349395e-12,-0.04096195,-0.031569105,2.0329211e-12,-0.014501751,-0.058556095,-0.06403469,2.8612892e-13,-0.04096196,-0.012558965,0.057346683,0.016934467,-0.10044719,-0.072509326,-0.1260682,-0.02576487,0.16134894,-0.04096273,-0.058555897,-1.3455025e-12,-0.04096191,1.5121575e-12,0.6184697,-0.040962037,0.021228459,0.94212496,0.7143823,0.94212496,0.94212496,0.6441152,0.278382,0.79008156,-0.0031848426,1.0,0.7262382,0.9262574,0.10151242,0.008467242,-0.07250892
SMIM24,0.112440825,2.2426587e-12,4.5969678e-12,0.010607612,-0.116682604,1.5498608e-12,-0.04130955,-0.05762253,-0.1000673,1.6323115e-13,0.112440735,0.22766098,0.010607565,0.28505012,0.13303299,-0.041309826,-0.088830054,-0.007885236,0.17757916,0.010607813,-0.13040859,-1.0032169e-12,-0.091225386,1.0352963e-12,0.43794912,0.010607535,-0.06047125,0.723439,0.5246671,0.723439,0.723439,0.5974533,0.4184222,0.5679455,0.25814855,0.7262382,1.0,0.6980683,-0.04130951,-0.061395764,0.13895024
SLC22A8,-0.02581473,2.7240447e-12,7.1031874e-12,-0.025814896,-0.06330348,2.1387087e-12,-0.045696236,-0.036903083,-0.09045251,2.5184385e-13,-0.025814908,-0.07914869,-0.025814995,-0.05336186,-0.0633035,-0.045696583,-0.098263025,-0.051664624,0.051172562,-0.025815392,0.04361258,-1.4964229e-12,-0.025814848,1.726085e-12,0.5785533,-0.025814973,-0.06689281,0.9880071,0.6877364,0.9880071,0.9880071,0.6877366,0.29185364,0.8467808,-0.050178602,0.9262573,0.6980683,1.0,0.020771042,-0.04851107,-0.045696333
DPEP1,-0.037660908,-2.0219514e-13,-1.4078822e-12,-0.03766089,0.11873879,-5.798025e-13,-0.06666548,-0.05383711,-0.13195962,7.49589e-14,-0.03766098,0.11546866,-0.03766092,0.2335462,-0.09235239,-0.066665985,0.08535909,-0.07537269,0.13245204,-0.03766159,0.3768594,1.2058289e-13,-0.037661005,-1.546995e-13,-0.082580894,-0.03766093,0.16264792,-0.037660927,-0.05383711,-0.037660927,-0.037660927,-0.053837057,-0.092352346,0.18786485,-0.073204674,0.10151242,-0.04130951,0.020771042,1.0,0.3113964,-0.06666554
ACTG2,-0.087957606,-4.195474e-13,-4.808722e-13,0.1759153,-0.12325153,-3.256782e-13,-0.15569827,-0.12573716,-0.16595027,9.546559e-15,-0.08795763,-0.067419566,0.43978807,-0.045454197,-0.21569018,0.15569921,0.34625214,-0.17603388,-0.0618687,-0.08795926,0.25147432,1.1838782e-13,0.1759152,-1.9251351e-13,0.13776349,-0.087957636,0.22791977,-0.08795765,-0.1257372,-0.08795765,-0.08795765,0.06286855,0.15406436,0.0731268,-0.06838823,0.008467242,-0.061395768,-0.048511066,0.3113964,1.0,-9.307456e-09
SMYD2,-0.037660886,2.8271417e-13,-2.220132e-12,-0.037661005,-0.09235239,-1.9821554e-13,-0.06666558,-0.05383705,0.030452322,1.6972314e-13,-0.037660763,0.346406,-0.03766096,-0.077848755,0.32982993,0.28888592,0.15724048,-0.07537267,-0.18543288,-0.037661646,-0.05383707,3.9130106e-13,-0.037660707,-3.2196115e-13,-0.08258101,0.56491405,-0.09758868,-0.03766099,-0.053837094,-0.03766099,-0.03766099,0.3768593,-0.092352316,-0.06262165,-0.07320478,-0.072508916,0.13895024,-0.045696333,-0.06666554,-9.307456e-09,1.0
