n_floor_eigs_full,n_zero_var_genes,n_rank_def_blocks,n_floor_eigs_blocks,n_cells
192,18,5,19,186
271,66,11,69,107
270,68,11,68,108
280,71,15,72,98
259,67,10,69,119
330,119,16,124,48
256,72,13,75,122
235,65,13,66,143
259,89,16,91,119
235,84,16,84,143
212,66,11,68,166
231,51,12,54,147
260,76,15,76,118
241,70,11,71,137
241,58,10,58,137
284,71,13,74,94
258,67,14,69,120
252,70,14,73,126
228,63,11,65,150
191,53,9,54,187
199,71,12,71,179
313,148,18,152,65
330,155,18,165,48
340,190,18,204,38
201,77,14,78,177
271,89,13,94,107
194,71,12,72,184
273,83,16,88,105
268,85,16,89,110
255,83,15,85,123
253,75,13,78,125
225,54,13,57,153
238,64,11,64,140
308,106,16,110,70
272,74,14,75,106
249,101,16,105,129
261,93,17,94,117
247,117,16,119,131
256,74,13,75,122
261,101,16,103,117
261,93,17,93,117
233,71,14,71,145
288,106,17,109,90
256,93,15,94,122
235,70,14,71,143
258,83,14,84,120
260,90,14,93,118
285,89,16,95,93
267,108,16,112,111
217,82,13,84,161
267,98,16,106,111
254,91,14,91,124
271,74,13,79,107
265,98,15,104,113
239,91,14,93,139
325,101,17,108,53
265,64,11,65,113
317,96,16,101,61
220,37,9,37,158
266,75,13,76,112
218,73,13,74,160
221,53,10,53,157
237,79,13,81,141
265,51,10,51,113
325,126,18,137,53
316,116,17,125,62
324,91,18,100,54
304,94,15,97,74
288,48,11,49,90
183,31,8,32,195
277,78,16,80,101
229,56,12,56,149
201,58,13,59,177
217,63,12,64,161
183,64,13,65,195
232,77,14,79,146
216,75,14,76,162
246,82,16,84,132
252,66,11,66,126
222,66,13,66,156
235,74,14,75,143
262,93,15,95,116
249,89,16,90,129
260,81,13,82,118
240,77,12,78,138
237,76,14,79,141
328,100,16,105,50
231,55,10,56,147
312,103,16,108,66
268,69,13,71,110
264,84,14,85,114
274,96,15,99,104
301,103,16,108,77
232,63,11,66,146
349,168,18,199,29
266,73,14,77,112
348,128,18,153,30
268,82,14,86,110
275,96,16,99,103
232,72,11,73,146
267,73,14,78,111
215,69,10,71,163
271,103,17,110,107
266,80,14,83,112
252,93,16,96,126
222,75,14,78,156
251,92,12,93,127
213,67,13,68,165
262,104,15,104,116
258,70,15,72,120
266,98,14,104,112
262,88,15,93,116
290,124,16,127,88
324,144,18,153,54
328,161,17,168,50
330,157,18,169,48
325,164,18,167,53
254,104,17,111,124
273,96,14,97,105
236,75,15,78,142
260,76,13,81,118
272,89,15,93,106
295,118,16,121,83
276,86,15,92,102
224,85,15,86,154
206,59,11,59,173
235,79,15,82,143
257,87,14,88,121
253,83,14,84,125
285,85,18,90,93
238,61,13,65,140
323,116,16,122,55
266,90,17,94,112
232,85,14,88,146
220,58,11,60,158
222,51,10,52,156
224,72,14,75,154
259,90,15,94,119
254,89,15,89,124
264,96,16,97,114
198,60,11,61,180
196,39,7,41,182
225,58,9,59,153
285,88,16,92,93
233,63,12,63,145
209,59,13,59,169
260,100,16,102,118
260,97,16,100,118
231,72,14,75,147
244,79,16,79,134
243,65,13,66,135
312,104,17,107,66
249,71,13,73,129
270,100,17,102,108
240,81,13,82,138
243,108,16,110,135
285,130,17,134,93
271,90,15,96,107
281,74,14,77,97
249,98,14,98,129
301,109,18,116,77
272,83,14,85,106
256,77,13,78,122
261,70,15,72,117
252,83,14,84,126
261,91,14,95,117
245,80,10,82,133
266,94,17,97,112
260,94,16,97,118
280,95,16,100,98
274,92,16,96,104
220,61,12,63,158
217,85,15,88,161
223,76,13,76,155
276,80,16,81,102
215,65,13,66,163
199,44,9,46,179
222,47,11,48,156
240,67,13,68,138
260,77,14,79,118
244,66,15,68,134
215,54,10,54,163
226,57,13,58,152
272,115,17,119,106
223,83,15,84,155
233,70,15,71,145
210,61,11,63,168
233,81,14,84,145
218,84,14,84,160
209,63,12,66,169
221,78,11,78,157
195,81,13,81,183
195,77,14,80,183
215,55,8,56,163
248,69,15,74,130
202,51,11,51,176
208,51,11,53,170
201,66,10,67,177
221,62,12,63,157
207,64,13,71,171
202,58,12,60,176
243,97,17,99,135
199,69,13,70,179
203,56,10,61,175
247,60,15,63,131
236,79,15,79,142
290,86,15,92,88
190,34,8,34,188
342,131,18,148,36
261,56,11,60,117
208,30,8,30,170
345,142,18,169,33
320,121,16,122,58
217,47,11,48,161
233,55,11,56,145
253,56,10,56,125
296,91,15,95,82
204,42,9,43,174
328,140,16,146,50
311,112,16,115,67
273,87,14,92,105
270,70,13,73,108
270,90,14,90,108
255,67,13,67,123
218,59,11,61,160
244,63,11,65,134
274,71,12,73,104
246,65,14,67,132
238,68,11,71,140
249,69,11,72,129
243,64,13,68,135
214,59,10,61,164
196,39,6,40,182
214,49,9,51,164
247,59,9,59,131
316,141,18,142,62
321,164,18,172,57
322,123,15,125,56
208,45,11,50,170
310,108,16,111,68
342,157,18,173,36
320,126,17,131,58
333,128,16,131,45
229,55,12,57,149
262,59,13,61,116
189,45,9,45,189
190,43,11,43,188
323,158,18,168,55
330,137,17,147,48
322,120,17,129,56
335,142,17,156,43
310,120,15,126,68
334,151,17,161,44
322,156,17,166,56
331,147,16,155,47
253,71,13,72,125
214,54,13,55,164
232,55,10,57,146
210,60,11,61,168
234,77,14,79,144
204,70,12,72,174
225,73,12,74,153
225,76,11,76,153
273,82,16,84,105
252,80,15,82,126
250,98,16,103,128
270,90,16,96,108
234,67,11,68,144
274,98,16,102,104
254,84,14,85,124
247,103,15,104,131
220,87,15,90,158
248,80,13,84,130
255,78,12,79,123
249,76,10,78,129
276,93,15,97,102
249,102,15,103,129
227,66,13,70,151
250,91,14,93,128
236,89,15,92,143
280,85,14,89,98
239,69,15,73,139
279,102,16,107,99
259,83,15,87,119
213,86,14,89,165
238,78,14,79,140
264,88,16,92,114
242,83,14,85,136
243,84,15,88,135
236,75,14,78,142
230,73,11,76,148
271,97,15,105,107
248,90,15,91,130
223,81,14,85,155
217,69,12,73,161
241,92,14,96,137
254,76,15,81,124
237,79,14,81,141
248,91,15,94,130
252,73,14,73,126
231,76,15,77,147
246,75,13,80,132
194,57,11,57,184
211,78,13,79,167
230,89,15,91,148
236,103,16,106,142
225,80,13,81,153
228,87,14,88,150
196,74,12,76,182
249,108,15,110,129
215,54,11,58,163
248,64,12,67,130
208,53,12,53,170
229,71,10,71,149
267,77,14,81,111
185,50,10,51,193
253,60,14,64,125
186,40,8,40,192
215,50,9,52,163
267,65,10,68,111
282,73,12,75,96
256,63,14,64,122
224,55,10,56,154
238,62,11,64,140
211,50,10,51,167
238,79,14,82,140
266,94,16,94,112
215,61,11,62,163
251,77,14,79,127
264,81,15,84,114
211,46,9,46,167
298,111,16,115,80
228,55,9,57,150
231,51,11,54,147
251,62,10,64,127
292,105,15,107,86
248,50,11,52,130
258,72,13,74,120
209,47,9,48,169
271,89,15,92,107
266,87,13,89,112
259,64,13,66,119
229,59,12,61,149
272,91,14,92,106
200,72,14,72,178
262,80,13,84,116
250,66,13,69,128
228,52,9,57,150
264,71,12,75,114
263,82,15,83,115
267,71,13,73,111
181,47,10,47,197
238,50,10,54,140
316,142,18,147,62
327,136,18,140,51
315,121,18,124,63
222,58,10,60,156
316,118,17,126,62
323,126,17,137,55
319,125,17,136,59
321,122,17,131,57
255,75,13,78,123
199,61,12,62,179
224,46,10,47,154
240,68,11,72,138
204,56,10,56,174
252,56,11,57,126
204,32,8,32,174
222,58,9,58,156
251,72,13,74,127
180,42,8,42,198
228,61,12,61,150
264,69,13,71,114
289,71,13,72,89
187,40,7,41,191
309,108,16,111,69
351,179,18,212,27
297,80,15,83,81
346,164,17,189,32
231,64,11,66,147
276,103,16,105,102
260,70,15,73,118
258,90,13,94,120
273,110,16,113,105
260,99,16,101,118
299,105,14,108,79
241,84,12,87,137
278,93,17,101,100
259,76,15,78,119
257,111,15,113,121
270,94,16,98,108
273,56,10,57,105
282,65,14,68,96
275,57,11,61,103
225,43,9,43,153
261,65,14,67,117
184,39,9,40,194
250,57,11,58,128
259,60,12,64,119
200,59,10,59,178
278,83,12,84,100
276,77,13,78,102
258,67,11,69,120
265,85,15,87,113
211,43,8,45,167
258,87,13,87,120
192,74,16,76,186
279,107,16,111,99
250,87,16,93,128
237,62,11,65,141
283,109,14,110,95
264,70,13,70,114
223,62,9,63,155
287,115,16,120,91
273,95,16,96,105
288,119,17,129,90
282,101,16,102,96
207,80,15,80,171
275,103,17,108,103
247,98,16,100,131
259,95,14,95,119
237,63,11,64,141
247,66,13,66,131
244,74,13,76,134
222,57,13,61,156
263,124,16,127,115
253,90,17,96,125
234,92,15,93,144
263,120,17,121,115
236,58,11,60,142
263,75,16,77,115
237,71,11,71,141
270,91,14,93,108
296,78,17,83,82
248,81,14,82,130
242,87,15,88,136
286,104,16,106,92
257,86,15,87,121
258,66,13,69,120
333,152,17,159,45
277,68,12,70,101
341,134,18,149,37
276,104,15,106,102
258,88,13,90,120
289,90,16,95,89
183,57,11,59,195
202,72,13,74,176
284,122,17,126,94
216,72,14,74,162
256,95,15,99,122
262,91,16,94,116
194,48,9,48,184
252,81,15,83,126
180,51,10,51,198
215,67,14,67,163
270,116,17,116,108
230,88,13,88,148
287,102,16,108,91
250,76,11,79,128
219,58,11,62,159
268,104,17,108,110
255,78,16,81,123
279,82,13,87,99
332,126,17,133,46
283,90,14,94,95
332,139,18,148,46
222,58,11,62,156
185,62,12,64,193
262,87,15,91,116
247,76,14,79,131
263,93,16,96,115
269,95,14,97,109
287,85,14,88,91
261,90,14,92,117
281,85,15,89,97
244,69,15,74,134
210,58,11,59,168
263,70,12,74,115
246,66,11,67,132
230,42,10,44,148
323,104,14,106,55
332,115,15,117,46
316,96,13,96,62
321,90,14,96,57
249,49,11,51,129
304,83,13,86,74
327,96,16,106,51
299,69,14,70,79
310,69,11,72,68
282,52,11,54,96
294,67,13,67,84
321,83,12,85,57
303,62,13,66,75
247,66,8,70,131
256,77,11,77,122
202,38,11,39,176
210,63,13,66,168
230,56,11,59,148
237,47,9,49,141
231,48,10,50,147
238,44,10,45,140
274,61,13,63,104
188,39,6,39,190
207,21,6,22,171
277,54,10,57,101
253,60,12,63,125
222,43,10,44,156
244,48,11,49,134
292,73,13,77,86
233,43,9,43,145
258,98,16,99,120
263,91,15,93,115
261,74,13,77,117
235,59,11,61,143
255,67,11,68,123
283,84,14,88,95
277,83,12,84,101
305,90,16,94,73
294,95,13,98,84
297,108,17,108,81
293,95,16,98,85
267,71,12,73,111
275,78,11,80,103
242,73,13,74,136
228,60,10,60,150
236,74,11,75,142
260,65,11,68,118
297,96,15,99,81
249,56,12,59,129
287,70,12,74,91
271,56,11,58,107
247,57,13,61,131
244,47,13,50,134
199,35,9,35,179
312,88,14,90,66
248,48,10,50,130
250,38,10,38,128
277,80,16,85,101
279,70,12,71,99
180,39,8,39,198
225,42,9,43,153
277,61,14,63,101
220,47,8,48,158
342,134,18,147,36
351,139,18,158,27
322,86,13,87,56
329,100,17,108,49
284,55,11,56,94
258,69,13,70,120
217,74,14,76,161
288,119,16,124,90
259,83,14,86,119
225,70,13,71,153
232,67,12,70,146
193,47,9,47,185
220,71,13,71,158
204,66,12,68,174
261,70,12,73,117
209,76,14,77,169
182,78,14,84,196
275,135,17,138,103
205,69,14,69,173
291,128,17,139,87
252,113,15,117,126
262,108,17,112,116
275,117,16,124,103
267,95,15,101,111
230,82,14,84,148
240,78,14,79,138
205,82,13,87,173
340,187,18,205,38
316,151,17,159,62
328,153,18,165,50
274,107,15,111,104
245,94,14,96,133
276,89,16,91,102
228,71,12,76,150
256,78,13,78,122
228,62,13,65,150
241,60,10,61,137
253,92,15,94,125
238,76,13,78,140
225,59,11,60,153
259,88,14,88,119
259,82,15,87,119
217,57,10,59,161
284,81,15,85,94
225,63,13,63,153
234,65,13,67,144
220,69,11,72,158
234,67,13,69,144
234,60,10,60,144
252,68,12,69,126
262,79,15,80,116
253,78,13,79,125
207,58,10,58,171
261,63,14,63,117
232,57,9,57,146
266,87,15,91,112
258,60,14,62,120
228,52,9,53,150
194,54,10,54,184
181,41,8,41,197
244,58,10,60,134
234,60,12,61,144
214,68,13,72,164
229,66,12,68,149
213,62,11,62,165
247,69,11,69,131
243,68,12,74,135
214,46,11,47,164
256,70,12,71,122
247,75,12,81,131
252,79,13,81,126
191,55,12,56,187
235,48,10,48,143
201,34,10,35,177
191,50,10,50,187
249,64,11,65,129
237,61,11,61,141
223,60,12,62,155
254,76,12,79,124
266,75,14,80,112
235,68,12,69,143
190,43,9,45,188
208,47,8,47,170
214,42,10,42,164
313,131,16,134,65
331,121,17,129,47
314,146,17,150,64
329,140,17,149,49
274,88,16,89,104
199,50,8,51,179
242,53,14,55,136
188,37,8,38,190
316,141,16,147,62
332,134,17,144,46
317,110,16,116,61
337,137,18,143,41
223,55,11,55,155
322,130,18,140,56
317,116,18,122,61
333,155,18,164,45
335,144,17,153,43
241,61,13,65,137
253,58,13,62,125
254,62,16,65,124
222,48,11,50,156
252,66,12,67,126
212,47,11,48,166
206,57,12,58,172
265,59,13,59,113
195,48,11,49,183
263,70,15,72,115
280,78,14,83,98
252,61,12,64,126
347,159,18,184,31
232,54,10,56,146
200,44,9,46,178
226,47,11,47,152
232,39,10,39,146
256,62,12,66,122
277,65,14,69,101
270,51,11,55,108
238,42,7,43,140
235,65,14,68,143
270,79,13,79,108
236,58,10,58,142
262,67,11,67,116
281,65,11,67,97
260,76,14,78,118
286,72,13,76,92
234,48,8,49,144
247,43,7,45,131
252,51,10,52,126
298,58,11,61,80
288,54,10,57,90
237,39,7,39,141
252,68,13,69,126
243,68,10,68,135
315,87,13,91,63
329,143,18,151,49
197,52,9,53,181
179,43,10,43,199
263,91,15,92,115
243,84,12,85,135
221,79,14,81,157
214,49,12,49,164
249,74,14,74,129
320,104,16,109,58
247,46,9,48,131
212,61,13,64,166
245,83,13,88,133
217,66,13,68,161
209,63,13,65,169
229,54,11,56,149
265,69,11,71,113
333,137,18,143,45
220,46,10,47,158
238,51,10,53,140
281,77,13,77,97
248,74,13,76,130
207,80,14,80,171
285,83,17,88,93
315,196,18,207,63
244,72,13,72,134
228,44,11,44,150
199,71,13,72,179
221,77,15,80,157
277,114,15,118,101
306,78,14,79,72
258,81,13,81,120
252,63,10,64,126
217,55,12,57,161
295,104,14,110,83
182,45,11,45,196
243,80,14,83,135
327,151,18,158,51
226,74,13,75,152
257,78,13,78,121
229,49,10,50,149
285,103,15,108,93
242,63,11,66,136
250,45,10,46,128
283,100,16,105,95
267,72,14,73,111
281,106,17,110,97
317,120,17,123,61
214,56,10,57,164
239,78,16,82,139
222,57,12,60,156
264,93,16,95,114
248,73,16,73,130
268,67,15,67,110
239,75,12,76,139
230,58,11,60,148
218,66,11,66,160
266,79,14,82,112
226,71,11,72,152
236,60,12,64,142
267,78,15,79,111
276,68,13,73,102
219,64,13,68,159
285,110,16,112,93
257,63,12,65,121
286,112,16,113,92
254,100,16,102,124
339,147,18,161,39
254,58,15,61,124
205,49,12,50,173
277,114,16,122,101
246,65,11,66,132
295,101,16,106,83
258,82,15,83,120
230,90,12,92,148
217,43,10,44,161
301,75,15,77,77
189,83,14,85,190
267,91,16,94,111
229,77,12,78,149
303,97,16,103,75
239,59,10,60,139
241,83,16,86,137
243,65,12,68,135
252,96,15,96,126
273,76,12,77,105
248,81,12,84,130
193,29,7,30,185
345,151,18,170,33
211,66,12,67,167
313,76,14,81,65
275,85,14,87,103
231,75,13,76,147
289,120,17,122,89
207,64,12,65,171
268,66,13,69,110
224,68,14,68,154
285,82,16,85,93
264,57,11,58,114
249,95,16,95,129
282,98,16,102,96
295,119,17,124,83
250,73,13,75,128
