niche,block,library,term,overlap,term_size,p,fdr,genes
0,0,GO_Biological_Process_2023,Negative Regulation Of Multicellular Organismal Process (GO:0051241),4,13,0.009608780824592,1.0,CRHBP GDF15 INS FOXA1
0,0,MSigDB_Hallmark_2020,KRAS Signaling Dn,3,8,0.0144573294647017,0.5493785196586654,TFF2 PDCD1 UPK3B
0,1,GO_Biological_Process_2023,Defense Response To Gram-negative Bacterium (GO:0050829),3,7,0.0016305156425501,1.0,UMOD DMBT1 CHGA
0,1,MSigDB_Hallmark_2020,Cholesterol Homeostasis,1,3,0.1149703707884192,1.0,ADH4
0,2,GO_Biological_Process_2023,Defense Response To Bacterium (GO:0042742),2,9,0.0453034830907179,1.0,S100A12 FCN2
0,2,MSigDB_Hallmark_2020,Pancreas Beta Cells,2,6,0.0202406091747506,0.7691431486405262,PCSK2 GCG
0,3,GO_Biological_Process_2023,Wnt Signaling Pathway (GO:0016055),2,3,0.0043416671369716,0.5544698284127274,SFRP4 SFRP2
0,3,MSigDB_Hallmark_2020,Adipogenesis,2,9,0.0453034830907179,1.0,ADIPOQ LPL
0,4,GO_Biological_Process_2023,Erythrocyte Differentiation (GO:0030218),1,3,0.1149703707884192,1.0,AHSP
0,4,MSigDB_Hallmark_2020,heme Metabolism,2,9,0.0453034830907179,1.0,AHSP GYPB
0,5,GO_Biological_Process_2023,Regulation Of Heart Contraction (GO:0008016),2,3,0.0049528754444381,1.0,S100A1 ACE2
0,5,MSigDB_Hallmark_2020,Hypoxia,1,9,0.3260527960658367,1.0,GPC1
0,6,GO_Biological_Process_2023,Epithelial To Mesenchymal Transition (GO:0001837),2,3,0.0043416671369716,1.0,SNAI1 TBX3
0,6,MSigDB_Hallmark_2020,heme Metabolism,2,9,0.0453034830907179,1.0,SLC4A1 ALAS2
0,7,GO_Biological_Process_2023,Cellular Response To cAMP (GO:0071320),2,6,0.0202406091747506,1.0,CFTR SLC26A3
0,7,MSigDB_Hallmark_2020,Bile Acid Metabolism,1,3,0.1149703707884192,1.0,AR
0,8,GO_Biological_Process_2023,Macrophage Differentiation (GO:0030225),2,3,0.0043416671369716,1.0,LIF IL1RL1
0,8,MSigDB_Hallmark_2020,IL-2/STAT5 Signaling,2,18,0.1564253580314903,1.0,LIF IL1RL1
0,9,GO_Biological_Process_2023,Arachidonic Acid Metabolic Process (GO:0019369),2,5,0.0176960629334453,1.0,CYP2A7 CYP1A1
0,9,MSigDB_Hallmark_2020,UV Response Up,2,5,0.0176960629334453,0.6724503914709247,EPCAM CYP1A1
0,10,GO_Biological_Process_2023,Regulation Of Immune Response (GO:0050776),2,7,0.0276846465876308,1.0,FCGR1A LAG3
0,10,MSigDB_Hallmark_2020,Estrogen Response Late,2,10,0.0553304703815429,1.0,SLC26A2 MEST
0,11,GO_Biological_Process_2023,T Cell Activation (GO:0042110),9,16,1.3210915561847828e-06,0.0009498648288968,PTPRC CD3E CCR7 CD3D CD2 CD28 CD247 SLAMF7 FOXP3
0,11,GO_Biological_Process_2023,T Cell Receptor Signaling Pathway (GO:0050852),6,10,6.739092406695088e-05,0.0242270372020688,PTPRC CD3E CD3D CTLA4 CD28 CD247
0,11,MSigDB_Hallmark_2020,G2-M Checkpoint,6,7,2.766874723446346e-06,0.0001051412394909,MKI67 CDK1 TOP2A CENPF CCNB2 UBE2C
0,11,MSigDB_Hallmark_2020,Mitotic Spindle,5,6,2.940149824781778e-05,0.0003724189778056,BCL2L11 CDK1 TOP2A CENPF CCNB2
0,11,MSigDB_Hallmark_2020,E2F Targets,5,6,2.940149824781778e-05,0.0003724189778056,PCNA MKI67 CDK1 TOP2A CCNB2
0,11,MSigDB_Hallmark_2020,Allograft Rejection,8,27,0.0015230905394348,0.014469360124631,PTPRC CD3E CD3D CD2 CD28 CD247 IL2RA CCR2
0,12,GO_Biological_Process_2023,Regulation Of Natural Killer Cell Mediated Cytotoxicity (GO:0042269),3,3,9.210452057113832e-05,0.0662231502906484,KLRB1 KLRD1 KLRC1
0,12,MSigDB_Hallmark_2020,Allograft Rejection,6,27,0.0007863710758934,0.0298821008839519,CCL5 CD8A KLRD1 GZMA CD86 PRF1
0,13,GO_Biological_Process_2023,B Cell Activation (GO:0042113),6,11,7.448284252954788e-06,0.0053553163778744,MS4A1 BANK1 CD79A PLCG2 GPR183 MEF2C
0,13,GO_Biological_Process_2023,B Cell Receptor Signaling Pathway (GO:0050853),5,9,4.595790457413156e-05,0.0165218666944002,MS4A1 CD79A PLCG2 CD19 MEF2C
0,13,GO_Biological_Process_2023,B Cell Proliferation (GO:0042100),4,6,0.0001224272734048,0.0293417365260376,MS4A1 CD79A CD19 MEF2C
0,13,MSigDB_Hallmark_2020,Allograft Rejection,4,27,0.0624338195412661,1.0,CD79A IRF8 LY86 GZMB
0,14,GO_Biological_Process_2023,Regulation Of Tumor Necrosis Factor Production (GO:0032680),6,14,0.0007293471598314,0.1188208256174322,HAVCR2 FCGR3A CD14 IGF1 GHRL LILRB4
0,14,MSigDB_Hallmark_2020,IL-6/JAK/STAT3 Signaling,5,8,0.0002387592372119,0.0090728510140525,CXCL9 CXCL10 CSF2RA CD14 IL1R2
0,15,GO_Biological_Process_2023,Regulation Of Protein Phosphorylation (GO:0001932),4,11,0.0049066821245255,1.0,MARCO FAS FBLN1 EGFR
0,15,MSigDB_Hallmark_2020,p53 Pathway,3,8,0.0144573294647017,0.2615610179867795,FAS RGS16 VWA5A
0,16,GO_Biological_Process_2023,Extracellular Matrix Organization (GO:0030198),3,6,0.0014093568352507,0.2533318911363194,CTSK ADAMTS1 COL5A2
0,16,MSigDB_Hallmark_2020,Epithelial Mesenchymal Transition,9,24,6.107787674768417e-08,2.320959316411998e-06,TNC MYLK ACTA2 FBN1 PDGFRB PMP22 GEM PCOLCE COL5A2
0,17,GO_Biological_Process_2023,Endothelial Cell Development (GO:0001885),5,5,1.5577053237260605e-05,0.0111999012775903,PECAM1 RAPGEF3 MET STC1 SOX18
0,17,GO_Biological_Process_2023,Blood Vessel Morphogenesis (GO:0048514),5,6,8.550629760883374e-05,0.0204930093269171,EGFL7 RAMP2 CAV1 SOX17 SOX18
0,17,GO_Biological_Process_2023,Vasculogenesis (GO:0001570),5,6,8.550629760883374e-05,0.0204930093269171,EGFL7 RAMP2 CAV1 SOX17 SOX18
0,17,MSigDB_Hallmark_2020,Adipogenesis,4,9,0.0121478479780519,0.4616182231659739,CAVIN2 CAVIN1 PPARG CYP4B1
1,0,GO_Biological_Process_2023,Negative Regulation Of Multicellular Organismal Process (GO:0051241),3,13,0.0260285676108053,1.0,GDF15 INS FOXA1
1,0,MSigDB_Hallmark_2020,Pancreas Beta Cells,2,6,0.0353212844954834,1.0,SST INS
1,1,GO_Biological_Process_2023,Defense Response To Gram-positive Bacterium (GO:0050830),2,5,0.0138119828242419,1.0,DMBT1 CHGA
1,1,MSigDB_Hallmark_2020,Fatty Acid Metabolism,2,5,0.0138119828242419,0.5248553473211943,CA4 HMGCS2
1,2,GO_Biological_Process_2023,Epithelium Development (GO:0060429),2,12,0.0774781470736057,1.0,FOXJ1 KRT20
1,2,MSigDB_Hallmark_2020,Pancreas Beta Cells,2,6,0.0202406091747506,0.7691431486405262,PCSK2 GCG
1,3,GO_Biological_Process_2023,Negative Regulation Of Cell Migration (GO:0030336),3,6,0.0009547301232244,0.5861703734967929,SFRP2 ADIPOQ DPEP1
1,3,MSigDB_Hallmark_2020,Adipogenesis,1,9,0.3088700061638327,1.0,ADIPOQ
1,4,GO_Biological_Process_2023,Negative Regulation Of Transport (GO:0051051),2,3,0.0043416671369716,1.0,SFRP4 HAMP
1,4,MSigDB_Hallmark_2020,Epithelial Mesenchymal Transition,2,24,0.2460729394404927,1.0,SFRP4 THBS2
1,5,GO_Biological_Process_2023,Anterograde Trans-Synaptic Signaling (GO:0098916),2,6,0.0202406091747506,1.0,SLC18A2 KCNK3
1,5,MSigDB_Hallmark_2020,IL-2/STAT5 Signaling,2,18,0.1564253580314903,1.0,IL1RL1 S100A1
1,6,GO_Biological_Process_2023,Cellular Response To cAMP (GO:0071320),2,6,0.0202406091747506,1.0,CFTR AQP9
1,6,MSigDB_Hallmark_2020,Bile Acid Metabolism,1,3,0.1149703707884192,1.0,AQP9
1,7,GO_Biological_Process_2023,Axoneme Assembly (GO:0035082),1,3,0.1149703707884192,1.0,CCDC39
1,7,MSigDB_Hallmark_2020,Estrogen Response Early,2,8,0.0360642184321298,1.0,PGR AR
1,8,GO_Biological_Process_2023,Positive Regulation Of Epithelial To Mesenchymal Transition (GO:0010718),3,4,0.0002462446275833,0.177049887232443,BAMBI SERPINB3 SNAI1
1,8,MSigDB_Hallmark_2020,KRAS Signaling Up,2,19,0.1895481840448477,1.0,LIF TMEM100
1,9,GO_Biological_Process_2023,Arachidonic Acid Metabolic Process (GO:0019369),2,5,0.0138119828242419,1.0,CYP2A7 CYP1A1
1,9,MSigDB_Hallmark_2020,UV Response Up,2,5,0.0138119828242419,0.5248553473211943,EPCAM CYP1A1
1,10,GO_Biological_Process_2023,Lymphatic Endothelial Cell Differentiation (GO:0060836),2,3,0.0043416671369716,1.0,PROX1 PDPN
1,10,MSigDB_Hallmark_2020,Hypoxia,2,9,0.0453034830907179,0.8607661787236401,STC1 STC2
1,11,GO_Biological_Process_2023,Heart Development (GO:0007507),3,7,0.0016305156425501,0.8560587056850438,SOX17 GPC3 SOX18
1,11,MSigDB_Hallmark_2020,Hypoxia,3,9,0.0037267921270716,0.0708090504143608,SRPX GPC3 EGFR
1,12,GO_Biological_Process_2023,Positive Regulation Of Cell Motility (GO:2000147),8,20,0.0019891125050149,0.4060999950738483,PECAM1 MYLK CAVIN1 CCL19 PDGFRB EDN1 KIT CAV1
1,12,MSigDB_Hallmark_2020,UV Response Dn,8,12,1.845679128905716e-05,0.0007013580689841,TFPI PDGFRB PMP22 PPARG KIT COL5A2 MET CAV1
1,12,MSigDB_Hallmark_2020,Epithelial Mesenchymal Transition,9,24,0.001719208475371,0.0326649610320501,TNC MYLK ACTA2 FBN1 PDGFRB DST THY1 PMP22 COL5A2
1,12,MSigDB_Hallmark_2020,Coagulation,5,9,0.0028261877344317,0.0357983779694686,PECAM1 VWF FBN1 RAPGEF3 CFB
1,13,GO_Biological_Process_2023,Chromatin Organization (GO:0006325),3,5,0.0037058335705773,1.0,MYC SOX2 ESR1
1,13,MSigDB_Hallmark_2020,Estrogen Response Early,3,8,0.0176872989399717,0.5405348159349764,MYC SLC26A2 FHL2
1,14,GO_Biological_Process_2023,Regulation Of Natural Killer Cell Mediated Cytotoxicity (GO:0042269),3,3,5.135730007336757e-05,0.0369258987527512,KLRB1 KLRD1 KLRC1
1,14,MSigDB_Hallmark_2020,Complement,3,9,0.0037267921270716,0.1416181008287217,CCL5 GZMK GZMA
1,15,GO_Biological_Process_2023,Mitotic Cell Cycle Phase Transition (GO:0044772),3,4,0.0003573359875634,0.256924575058104,CDK1 CCNB2 UBE2C
1,15,MSigDB_Hallmark_2020,G2-M Checkpoint,6,7,3.2976737883574085e-08,1.2531160395758149e-06,MKI67 CDK1 TOP2A CENPF CCNB2 UBE2C
1,15,MSigDB_Hallmark_2020,E2F Targets,5,6,8.076733970651811e-07,1.534579454423844e-05,PCNA MKI67 CDK1 TOP2A CCNB2
1,15,MSigDB_Hallmark_2020,Mitotic Spindle,4,6,5.213132706784664e-05,0.0006603301428593,CDK1 TOP2A CENPF CCNB2
1,16,GO_Biological_Process_2023,T Cell Activation (GO:0042110),9,16,3.0093087233369004e-10,2.1636929720792318e-07,PTPRC CD3E CCR7 CD3D CD2 CD28 CD247 CD8A FOXP3
1,16,GO_Biological_Process_2023,T Cell Receptor Signaling Pathway (GO:0050852),7,10,6.337122399122728e-09,2.2781955024846206e-06,PTPRC CD3E CD3D CTLA4 CD28 CD247 CD8A
1,16,GO_Biological_Process_2023,Antigen Receptor-Mediated Signaling Pathway (GO:0050851),7,16,5.301906501378671e-07,0.0001270690258163,PTPRC CD3E CD3D CTLA4 CD28 CD247 CD8A
1,16,GO_Biological_Process_2023,T Cell Differentiation (GO:0030217),4,7,7.11063318409386e-05,0.0127813631484087,PTPRC CD28 CD8A FOXP3
1,16,MSigDB_Hallmark_2020,Allograft Rejection,8,27,2.08625317764005e-06,7.92776207503219e-05,PTPRC CD3E CD3D CD2 CD28 CD247 CD8A IL2RA
1,17,GO_Biological_Process_2023,Cellular Response To Cytokine Stimulus (GO:0071345),4,20,0.0054301329837815,1.0,IRF8 TCL1A IL3RA LILRA4
1,17,MSigDB_Hallmark_2020,IL-2/STAT5 Signaling,3,18,0.0290507011094158,0.9762455678417234,IRF8 CD83 IL3RA
1,18,GO_Biological_Process_2023,B Cell Receptor Signaling Pathway (GO:0050853),5,9,5.591266974401872e-06,0.0040201209545949,MS4A1 CD79A PLCG2 CD19 MEF2C
1,18,GO_Biological_Process_2023,B Cell Activation (GO:0042113),5,11,1.9586438459373608e-05,0.005647550737236,MS4A1 BANK1 CD79A PLCG2 MEF2C
1,18,GO_Biological_Process_2023,B Cell Proliferation (GO:0042100),4,6,2.356418944604756e-05,0.005647550737236,MS4A1 CD79A CD19 MEF2C
1,18,GO_Biological_Process_2023,Antigen Receptor-Mediated Signaling Pathway (GO:0050851),5,16,0.000165099075005,0.0296765587321521,MS4A1 CD79A PLCG2 CD19 MEF2C
1,18,MSigDB_Hallmark_2020,Interferon Gamma Response,3,14,0.0142917187909759,0.5430853140570872,BANK1 CXCL9 CXCL10
1,19,GO_Biological_Process_2023,Positive Regulation Of Leukocyte Mediated Cytotoxicity (GO:0001912),3,5,0.0008664666319775,0.402832197540659,CD1C CD1E SPI1
1,19,MSigDB_Hallmark_2020,IL-6/JAK/STAT3 Signaling,2,8,0.0508732452073999,1.0,CSF2RA IL1R2
1,20,GO_Biological_Process_2023,Positive Regulation Of Interleukin-6 Production (GO:0032755),2,3,0.0043416671369716,1.0,AIF1 LILRB2
1,20,MSigDB_Hallmark_2020,mTORC1 Signaling,1,3,0.1149703707884192,1.0,FGL2
2,0,GO_Biological_Process_2023,Regulation Of Peptide Hormone Secretion (GO:0090276),2,4,0.0136150306040254,1.0,CRHBP INS
2,0,MSigDB_Hallmark_2020,Androgen Response,1,5,0.2289332800209494,1.0,SPDEF
2,1,GO_Biological_Process_2023,Defense Response To Gram-positive Bacterium (GO:0050830),3,5,0.0004891471563352,0.351696805405052,FCN2 DMBT1 CHGA
2,1,MSigDB_Hallmark_2020,Pancreas Beta Cells,2,6,0.0202406091747506,0.6852201502104667,CHGA SST
2,2,GO_Biological_Process_2023,Defense Response To Bacterium (GO:0042742),3,9,0.0037267921270716,1.0,TREM2 S100A12 UMOD
2,2,MSigDB_Hallmark_2020,Cholesterol Homeostasis,1,3,0.1149703707884192,1.0,LPL
2,3,GO_Biological_Process_2023,Positive Regulation Of Wnt Signaling Pathway (GO:0030177),3,7,0.0016305156425501,0.5861703734967929,SFRP4 SFRP2 LGR5
2,3,MSigDB_Hallmark_2020,Pancreas Beta Cells,2,6,0.0202406091747506,0.7691431486405262,PCSK2 GCG
2,4,GO_Biological_Process_2023,Negative Regulation Of Cell Motility (GO:2000146),3,7,0.0023970950757072,0.7842603471363561,FBLN1 ADIPOQ DPEP1
2,4,MSigDB_Hallmark_2020,Bile Acid Metabolism,1,3,0.1295987358203058,1.0,BBOX1
2,5,GO_Biological_Process_2023,Negative Regulation Of Cellular Biosynthetic Process (GO:0031327),2,7,0.0392617726406578,1.0,GZMB SNAI1
2,5,MSigDB_Hallmark_2020,Complement,2,9,0.0635680955862152,1.0,GZMB SERPINB2
2,6,GO_Biological_Process_2023,Angiotensin Maturation (GO:0002003),2,3,0.0043416671369716,1.0,CPA3 ACE2
2,6,MSigDB_Hallmark_2020,Pancreas Beta Cells,1,6,0.217507600616076,1.0,SCGN
2,7,GO_Biological_Process_2023,Intracellular Steroid Hormone Receptor Signaling Pathway (GO:0030518),2,3,0.0043416671369716,1.0,PGR SCGB2A1
2,7,MSigDB_Hallmark_2020,Estrogen Response Early,1,8,0.2795848369334865,1.0,PGR
2,8,GO_Biological_Process_2023,Positive Regulation Of Transport (GO:0051050),2,3,0.0043416671369716,1.0,GPC3 SNCA
2,8,MSigDB_Hallmark_2020,Hypoxia,4,9,0.000184208908259,0.0069999385138446,SRPX GPC3 STC2 GPC1
2,9,GO_Biological_Process_2023,Regulation Of MAPK Cascade (GO:0043408),4,16,0.0029188186390071,0.9740215324658474,KIT LIF LILRB4 EGFR
2,9,MSigDB_Hallmark_2020,Hypoxia,2,9,0.0511281576337701,0.8270986624643496,STC1 EGFR
2,10,GO_Biological_Process_2023,Regulation Of Blood Circulation (GO:1903522),2,4,0.0084828485570792,1.0,AGER S100A1
2,10,MSigDB_Hallmark_2020,Androgen Response,2,5,0.0138119828242419,0.5248553473211943,ADAMTS1 ALDH1A3
2,11,GO_Biological_Process_2023,Protein Phosphorylation (GO:0006468),3,10,0.0051955339274178,1.0,PDGFRA ERG BMX
2,11,MSigDB_Hallmark_2020,heme Metabolism,2,9,0.0453034830907179,1.0,ACKR1 SLC4A1
2,12,GO_Biological_Process_2023,Pancreas Development (GO:0031016),2,3,0.0043416671369716,1.0,PROX1 MET
2,12,MSigDB_Hallmark_2020,Fatty Acid Metabolism,1,5,0.1846297687091885,1.0,CYP1A1
2,13,GO_Biological_Process_2023,Negative Regulation Of Epithelial Cell Proliferation (GO:0050680),2,4,0.0109076543412566,1.0,GHRL SOX2
2,13,MSigDB_Hallmark_2020,Apical Surface,1,3,0.1295987358203058,1.0,GHRL
2,14,GO_Biological_Process_2023,T Cell Mediated Immunity (GO:0002456),2,3,0.0043416671369716,0.445951238783227,CD8A PRF1
2,14,MSigDB_Hallmark_2020,Allograft Rejection,6,27,0.0002465859733925,0.0093702669889166,CCL5 CD8A KLRD1 GZMA PRF1 SPI1
2,15,GO_Biological_Process_2023,Granulocyte Chemotaxis (GO:0071621),3,8,0.0025459310541341,0.8713097303628573,CXCL9 EDN1 CXCL6
2,15,MSigDB_Hallmark_2020,Inflammatory Response,4,26,0.0144745218694288,0.5500318310382956,CXCL9 LAMP3 EDN1 CXCL6
2,16,GO_Biological_Process_2023,Positive Regulation Of Locomotion (GO:0040017),3,5,0.0004891471563352,0.3432254792991978,CAVIN1 CCL19 PDGFRB
2,16,MSigDB_Hallmark_2020,Epithelial Mesenchymal Transition,5,24,0.0013343889328138,0.0507067794469264,TNC MYLK PDGFRB THY1 PCOLCE
2,17,GO_Biological_Process_2023,Negative Regulation Of Angiogenesis (GO:0016525),3,6,0.0009547301232244,0.3432254792991978,CXCL10 CCR2 PPARG
2,17,MSigDB_Hallmark_2020,UV Response Dn,2,12,0.0774781470736057,1.0,PMP22 PPARG
2,18,GO_Biological_Process_2023,Positive Regulation Of Apoptotic Signaling Pathway (GO:2001235),2,3,0.0112254641909814,1.0,CTSK FAS
2,18,MSigDB_Hallmark_2020,Epithelial Mesenchymal Transition,5,24,0.0127048424989676,0.4827840149607705,FBN1 DST FAS MEST GEM
2,19,GO_Biological_Process_2023,Mitotic Cell Cycle Phase Transition (GO:0044772),3,4,0.0002462446275833,0.177049887232443,CDK1 CCNB2 UBE2C
2,19,MSigDB_Hallmark_2020,G2-M Checkpoint,6,7,1.4292864672753282e-08,5.431288575646246e-07,MKI67 CDK1 TOP2A CENPF CCNB2 UBE2C
2,19,MSigDB_Hallmark_2020,E2F Targets,5,6,4.136551808380917e-07,7.859448435923742e-06,PCNA MKI67 CDK1 TOP2A CCNB2
2,19,MSigDB_Hallmark_2020,Mitotic Spindle,4,6,3.128103420111737e-05,0.0003962264332141,CDK1 TOP2A CENPF CCNB2
2,19,MSigDB_Hallmark_2020,Spermatogenesis,2,3,0.0049528754444381,0.0470523167221626,CDK1 CCNB2
2,20,GO_Biological_Process_2023,B Cell Receptor Signaling Pathway (GO:0050853),5,9,8.058361467284012e-06,0.0057939618949772,MS4A1 CD79A PLCG2 CD19 MEF2C
2,20,GO_Biological_Process_2023,B Cell Activation (GO:0042113),5,11,2.809902510536525e-05,0.0074970211968677,MS4A1 BANK1 CD79A PLCG2 MEF2C
2,20,GO_Biological_Process_2023,B Cell Proliferation (GO:0042100),4,6,3.128103420111737e-05,0.0074970211968677,MS4A1 CD79A CD19 MEF2C
2,20,GO_Biological_Process_2023,Antigen Receptor-Mediated Signaling Pathway (GO:0050851),5,16,0.0002341338273059,0.0420855554582368,MS4A1 CD79A PLCG2 CD19 MEF2C
2,20,MSigDB_Hallmark_2020,Allograft Rejection,3,27,0.0979501314757567,1.0,CD79A IRF8 LY86
2,21,GO_Biological_Process_2023,T Cell Activation (GO:0042110),10,16,2.292245026426426e-07,0.0001648124174,PTPRC CD3E CCR7 CD3D CD4 CD2 CD28 CD247 CD86 FOXP3
2,21,GO_Biological_Process_2023,T Cell Receptor Signaling Pathway (GO:0050852),6,10,0.0001301792191395,0.0467994292806779,PTPRC CD3E CD3D CTLA4 CD28 CD247
2,21,MSigDB_Hallmark_2020,Allograft Rejection,9,27,0.0006418194815004,0.024389140297018,PTPRC CD3E CD3D CD4 CD2 CD28 CD247 IL2RA CD86
3,0,GO_Biological_Process_2023,Positive Regulation Of DNA-binding Transcription Factor Activity (GO:0051091),2,12,0.0774781470736057,1.0,INS FOXA1
3,0,MSigDB_Hallmark_2020,KRAS Signaling Dn,2,8,0.0360642184321298,1.0,PDCD1 UPK3B
3,1,GO_Biological_Process_2023,Defense Response To Gram-positive Bacterium (GO:0050830),2,5,0.0138119828242419,1.0,DMBT1 CHGA
3,1,MSigDB_Hallmark_2020,Fatty Acid Metabolism,2,5,0.0138119828242419,0.3845715743202631,CA4 HMGCS2
3,2,GO_Biological_Process_2023,Defense Response To Bacterium (GO:0042742),3,9,0.0037267921270716,1.0,S100A12 FCN2 UMOD
3,2,MSigDB_Hallmark_2020,Bile Acid Metabolism,1,3,0.1149703707884192,1.0,BBOX1
3,3,GO_Biological_Process_2023,B Cell Mediated Immunity (GO:0019724),1,3,0.1149703707884192,1.0,CD70
3,3,MSigDB_Hallmark_2020,Pancreas Beta Cells,1,6,0.217507600616076,1.0,PCSK2
3,4,GO_Biological_Process_2023,Muscle Contraction (GO:0006936),2,3,0.0043416671369716,1.0,MYH11 DES
3,4,MSigDB_Hallmark_2020,Myogenesis,2,8,0.0360642184321298,1.0,MYH11 DES
3,5,GO_Biological_Process_2023,Erythrocyte Differentiation (GO:0030218),2,3,0.0043416671369716,1.0,ALAS2 AHSP
3,5,MSigDB_Hallmark_2020,heme Metabolism,3,9,0.0037267921270716,0.1416181008287217,SLC4A1 ALAS2 AHSP
3,6,GO_Biological_Process_2023,Cellular Response To cAMP (GO:0071320),3,6,0.0009547301232244,0.3432254792991978,CFTR SLC26A3 AQP9
3,6,MSigDB_Hallmark_2020,Bile Acid Metabolism,1,3,0.1149703707884192,1.0,AQP9
3,7,GO_Biological_Process_2023,Angiotensin Maturation (GO:0002003),2,3,0.0043416671369716,1.0,CPA3 CTSG
3,7,MSigDB_Hallmark_2020,p53 Pathway,2,8,0.0360642184321298,1.0,VWA5A CLCA2
3,8,GO_Biological_Process_2023,Positive Regulation Of Protein Modification Process (GO:0031401),2,10,0.0553304703815429,1.0,AGER ERBB2
3,8,MSigDB_Hallmark_2020,Fatty Acid Metabolism,1,5,0.1846297687091885,1.0,ADH1C
3,9,GO_Biological_Process_2023,Regulation Of Canonical Wnt Signaling Pathway (GO:0060828),4,9,0.000184208908259,0.1324462050382703,SFRP4 GPC3 SOX2 EGFR
3,9,MSigDB_Hallmark_2020,Hypoxia,3,9,0.0037267921270716,0.0708090504143608,GPC3 STC1 EGFR
3,10,GO_Biological_Process_2023,Protein Destabilization (GO:0031648),2,3,0.0043416671369716,1.0,SOX17 SNCA
3,10,MSigDB_Hallmark_2020,KRAS Signaling Up,2,19,0.1708679702861316,1.0,ALDH1A3 TMEM100
3,11,GO_Biological_Process_2023,Antimicrobial Humoral Immune Response Mediated By Antimicrobial Peptide (GO:0061844),3,6,0.0009547301232244,0.305087404653737,CXCL9 CXCL10 CXCL6
3,11,MSigDB_Hallmark_2020,IL-6/JAK/STAT3 Signaling,2,8,0.0360642184321298,0.9762455678417234,CXCL9 CXCL10
3,12,GO_Biological_Process_2023,Negative Regulation Of T Cell Activation (GO:0050868),6,8,3.726077364832737e-05,0.024498724092042,HAVCR2 CD86 LILRB2 VSIG4 CD274 LILRB4
3,12,GO_Biological_Process_2023,Negative Regulation Of T Cell Proliferation (GO:0042130),5,6,8.550629760883374e-05,0.024498724092042,CD86 LILRB2 VSIG4 CD274 LILRB4
3,12,GO_Biological_Process_2023,Negative Regulation Of Lymphocyte Proliferation (GO:0050672),6,9,0.0001022199892574,0.024498724092042,MNDA CD86 LILRB2 VSIG4 CD274 LILRB4
3,12,GO_Biological_Process_2023,Negative Regulation Of Tumor Necrosis Factor Superfamily Cytokine Production (GO:1903556),5,7,0.0002738063383829,0.0492166893243374,HAVCR2 IGF1 GHRL CD274 LILRB4
3,12,MSigDB_Hallmark_2020,IL-6/JAK/STAT3 Signaling,3,8,0.0515273671211839,1.0,CSF2RA CD14 IL1R2
3,13,GO_Biological_Process_2023,Endocytosis (GO:0006897),5,8,0.0013964086532726,0.6403256998397475,PECAM1 CD93 MARCO MET CAV1
3,13,MSigDB_Hallmark_2020,Coagulation,5,9,0.0028261877344317,0.107395133908406,PECAM1 VWF FBN1 RAPGEF3 CFB
3,14,GO_Biological_Process_2023,Extracellular Matrix Organization (GO:0030198),4,6,0.0007352190216436,0.528622476561792,CTSK ADAMTS1 DPT COL5A2
3,14,MSigDB_Hallmark_2020,Epithelial Mesenchymal Transition,10,24,7.608596792274627e-06,0.0002891266781064,MYLK ACTA2 PDGFRB FAS FBLN1 GEM VCAN PCOLCE COL5A2 FSTL3
3,15,GO_Biological_Process_2023,T Cell Activation (GO:0042110),9,16,1.0140901407704212e-07,7.291308112139329e-05,PTPRC CD3E CCR7 CD3D CD2 CD28 CD247 CD8A FOXP3
3,15,GO_Biological_Process_2023,T Cell Receptor Signaling Pathway (GO:0050852),7,10,4.5368063634369844e-07,0.0001630981887655,PTPRC CD3E CD3D CTLA4 CD28 CD247 CD8A
3,15,GO_Biological_Process_2023,Antigen Receptor-Mediated Signaling Pathway (GO:0050851),7,16,3.225588446379777e-05,0.0077306603098235,PTPRC CD3E CD3D CTLA4 CD28 CD247 CD8A
3,15,GO_Biological_Process_2023,Alpha-Beta T Cell Activation (GO:0046631),4,5,0.0001007061982444,0.0144815513075528,CD3E CD3D CD247 NKG7
3,15,GO_Biological_Process_2023,Negative Regulation Of T Cell Mediated Immunity (GO:0002710),4,5,0.0001007061982444,0.0144815513075528,PTPRC KLRD1 FOXP3 KLRC1
3,15,GO_Biological_Process_2023,Negative Regulation Of T Cell Mediated Cytotoxicity (GO:0001915),3,3,0.0003301540719002,0.0296725972120322,PTPRC KLRD1 KLRC1
3,15,GO_Biological_Process_2023,Negative Regulation Of Leukocyte Mediated Cytotoxicity (GO:0001911),3,3,0.0003301540719002,0.0296725972120322,PTPRC KLRD1 KLRC1
3,15,GO_Biological_Process_2023,Regulation Of Natural Killer Cell Mediated Cytotoxicity (GO:0042269),3,3,0.0003301540719002,0.0296725972120322,KLRB1 KLRD1 KLRC1
3,15,MSigDB_Hallmark_2020,Allograft Rejection,12,27,1.161982331388146e-08,4.415532859274955e-07,PTPRC CD3E CD3D CD2 CD28 CD247 CCL5 CD8A KLRD1 IL2RA GZMA PRF1
3,16,GO_Biological_Process_2023,B Cell Activation (GO:0042113),6,11,7.448284252954788e-06,0.0053553163778744,MS4A1 BANK1 CD79A PLCG2 GPR183 MEF2C
3,16,GO_Biological_Process_2023,B Cell Receptor Signaling Pathway (GO:0050853),5,9,4.595790457413156e-05,0.0165218666944002,MS4A1 CD79A PLCG2 CD19 MEF2C
3,16,GO_Biological_Process_2023,B Cell Proliferation (GO:0042100),4,6,0.0001224272734048,0.0293417365260376,MS4A1 CD79A CD19 MEF2C
3,16,MSigDB_Hallmark_2020,Allograft Rejection,4,27,0.0624338195412661,1.0,CD79A IRF8 LY86 GZMB
3,17,GO_Biological_Process_2023,Mitotic Cell Cycle Phase Transition (GO:0044772),3,4,0.0005788100812053,0.4161644483866227,CDK1 CCNB2 UBE2C
3,17,MSigDB_Hallmark_2020,G2-M Checkpoint,6,7,9.570637962579037e-08,3.636842425780033e-06,MKI67 CDK1 TOP2A CENPF CCNB2 UBE2C
3,17,MSigDB_Hallmark_2020,Mitotic Spindle,5,6,1.904946346285252e-06,2.4129320386279856e-05,BCL2L11 CDK1 TOP2A CENPF CCNB2
3,17,MSigDB_Hallmark_2020,E2F Targets,5,6,1.904946346285252e-06,2.4129320386279856e-05,PCNA MKI67 CDK1 TOP2A CCNB2
4,0,GO_Biological_Process_2023,Chemical Synaptic Transmission (GO:0007268),3,7,0.0116583449039122,1.0,SNCG CRHBP SST
4,0,MSigDB_Hallmark_2020,Adipogenesis,3,9,0.0251594985221521,0.895177604647059,LPL SNCG RETN
4,1,GO_Biological_Process_2023,Defense Response To Gram-negative Bacterium (GO:0050829),3,7,0.0016305156425501,1.0,FCN2 UMOD CHGA
4,1,MSigDB_Hallmark_2020,Pancreas Beta Cells,2,6,0.0202406091747506,0.6852201502104667,PCSK2 CHGA
4,2,GO_Biological_Process_2023,Defense Response To Bacterium (GO:0042742),2,9,0.0453034830907179,1.0,S100A12 DMBT1
4,2,MSigDB_Hallmark_2020,Estrogen Response Early,1,8,0.2795848369334865,1.0,MLPH
4,3,GO_Biological_Process_2023,Inorganic Cation Transmembrane Transport (GO:0098662),2,3,0.0043416671369716,1.0,KCNK3 AQP8
4,3,MSigDB_Hallmark_2020,Myogenesis,2,8,0.0360642184321298,1.0,DES PVALB
4,4,GO_Biological_Process_2023,Intracellular Iron Ion Homeostasis (GO:0006879),2,3,0.0043416671369716,1.0,ALAS2 HAMP
4,4,MSigDB_Hallmark_2020,KRAS Signaling Dn,1,8,0.2795848369334865,1.0,SERPINB2
4,5,GO_Biological_Process_2023,Axoneme Assembly (GO:0035082),2,3,0.0043416671369716,1.0,DNAAF1 FOXJ1
4,6,GO_Biological_Process_2023,Receptor Internalization (GO:0031623),3,5,0.0004891471563352,0.1716127396495989,RAMP2 CAV1 SNCA
4,6,MSigDB_Hallmark_2020,Hypoxia,3,9,0.0037267921270716,0.1416181008287217,CAV1 EGFR GPC1
4,7,GO_Biological_Process_2023,Epithelial To Mesenchymal Transition (GO:0001837),2,3,0.0043416671369716,1.0,SNAI1 TBX3
4,7,MSigDB_Hallmark_2020,Estrogen Response Early,3,8,0.0025459310541341,0.096745380057096,STC2 PGR AR
4,8,GO_Biological_Process_2023,Fatty Acid Metabolic Process (GO:0006631),1,3,0.1149703707884192,1.0,CYP1A1
4,8,MSigDB_Hallmark_2020,UV Response Up,2,5,0.0138119828242419,0.5248553473211943,EPCAM CYP1A1
4,9,GO_Biological_Process_2023,Positive Regulation Of Cell Differentiation (GO:0045597),3,19,0.0336631538670397,1.0,PTN MEDAG SERPINB3
4,9,MSigDB_Hallmark_2020,Androgen Response,1,5,0.1846297687091885,1.0,ALDH1A3
4,10,GO_Biological_Process_2023,Actin Filament Organization (GO:0007015),2,5,0.0138119828242419,1.0,PROX1 RND1
4,10,MSigDB_Hallmark_2020,Spermatogenesis,1,3,0.1149703707884192,1.0,CFTR
4,11,GO_Biological_Process_2023,Glial Cell Differentiation (GO:0010001),2,3,0.0043416671369716,1.0,VCAN SOX2
4,11,MSigDB_Hallmark_2020,Angiogenesis,2,5,0.0138119828242419,0.5248553473211943,VCAN CXCL6
4,12,GO_Biological_Process_2023,Regulation Of Phospholipase C Activity (GO:1900274),2,4,0.0084828485570792,1.0,KIT ESR1
4,12,MSigDB_Hallmark_2020,Estrogen Response Late,2,10,0.0553304703815429,1.0,SLC26A2 MEST
4,13,GO_Biological_Process_2023,Natural Killer Cell Mediated Immunity (GO:0002228),3,6,0.0014093568352507,0.503571872001806,SLAMF7 KLRD1 NKG7
4,13,MSigDB_Hallmark_2020,Allograft Rejection,5,27,0.0043970785038085,0.1032519263087908,CCL5 CD8A KLRD1 GZMA PRF1
4,14,GO_Biological_Process_2023,Mitotic Cell Cycle Phase Transition (GO:0044772),4,4,2.4717417147610055e-05,0.0177718229291316,MYC CDK1 CCNB2 UBE2C
4,14,MSigDB_Hallmark_2020,G2-M Checkpoint,7,7,5.830947944934821e-09,2.215760219075232e-07,MKI67 MYC CDK1 TOP2A CENPF CCNB2 UBE2C
4,14,MSigDB_Hallmark_2020,E2F Targets,6,6,9.83309857986736e-08,1.8682887301747983e-06,PCNA MKI67 MYC CDK1 TOP2A CCNB2
4,14,MSigDB_Hallmark_2020,Mitotic Spindle,4,6,0.0003335750435412,0.0042252838848557,CDK1 TOP2A CENPF CCNB2
4,15,GO_Biological_Process_2023,T Cell Receptor Signaling Pathway (GO:0050852),6,10,1.8620434503212084e-06,0.0011828207156401,PTPRC CD3E CD3D CTLA4 CD28 CD247
4,15,GO_Biological_Process_2023,T Cell Activation (GO:0042110),7,16,3.290182797329988e-06,0.0011828207156401,PTPRC CD3E CD3D CD2 CD28 CD247 FOXP3
4,15,GO_Biological_Process_2023,Antigen Receptor-Mediated Signaling Pathway (GO:0050851),6,16,5.816803559865084e-05,0.0139409391984766,PTPRC CD3E CD3D CTLA4 CD28 CD247
4,15,MSigDB_Hallmark_2020,Allograft Rejection,7,27,0.0001794741022646,0.0068200158860572,PTPRC CD3E CD3D CD2 CD28 CD247 IL2RA
4,16,GO_Biological_Process_2023,Cellular Response To Molecule Of Bacterial Origin (GO:0071219),4,11,0.0009841826832843,0.4806356753579266,CXCL9 CXCL10 CD86 CD274
4,16,MSigDB_Hallmark_2020,Interferon Gamma Response,4,14,0.0027226392592802,0.1034602918526505,CXCL9 CXCL10 CD86 CD274
4,17,GO_Biological_Process_2023,Cellular Response To Cytokine Stimulus (GO:0071345),7,20,7.706996484515286e-05,0.0410648456459168,IRF8 AIF1 CD4 IL3RA CSF2RA LILRB2 LILRB4
4,17,GO_Biological_Process_2023,Negative Regulation Of Tumor Necrosis Factor Production (GO:0032720),4,6,0.0001762593846106,0.0410648456459168,HAVCR2 IGF1 GHRL LILRB4
4,17,GO_Biological_Process_2023,Negative Regulation Of Interleukin-1 Beta Production (GO:0032691),3,3,0.0002284553304362,0.0410648456459168,IGF1 GHRL LILRB4
4,17,GO_Biological_Process_2023,Negative Regulation Of Interleukin-1 Production (GO:0032692),3,3,0.0002284553304362,0.0410648456459168,IGF1 GHRL LILRB4
4,17,MSigDB_Hallmark_2020,IL-6/JAK/STAT3 Signaling,3,8,0.0103211517768869,0.3922037675217041,IL3RA CSF2RA CD14
4,18,GO_Biological_Process_2023,Positive Regulation Of Apoptotic Signaling Pathway (GO:2001235),2,3,0.0049528754444381,1.0,CTSK FAS
4,18,MSigDB_Hallmark_2020,Coagulation,3,9,0.004530761289352,0.1721689289953789,FBN1 CTSK CFB
4,19,GO_Biological_Process_2023,Regulation Of Cell Migration (GO:0030334),6,25,0.0001541106135572,0.1108055311476316,TNC MYLK PDGFRB THY1 PDGFRA PDPN
4,19,MSigDB_Hallmark_2020,Epithelial Mesenchymal Transition,7,24,7.882887126600666e-06,0.0002995497108108,TNC MYLK ACTA2 PDGFRB THY1 PCOLCE COL5A2
4,20,GO_Biological_Process_2023,Endocytosis (GO:0006897),3,8,0.0025459310541341,1.0,PECAM1 CD93 MET
4,20,MSigDB_Hallmark_2020,KRAS Signaling Up,5,19,0.0004100722666871,0.0155827461341105,PECAM1 TFPI ADGRL4 GNG11 MALL
4,21,GO_Biological_Process_2023,Regulation Of Smooth Muscle Cell Proliferation (GO:0048660),3,6,0.0009547301232244,0.6864509585983957,PPARG EDN1 OGN
4,21,MSigDB_Hallmark_2020,UV Response Dn,2,12,0.0774781470736057,1.0,PPARG FHL2
5,0,GO_Biological_Process_2023,Regulation Of Peptide Hormone Secretion (GO:0090276),3,4,0.0008753382045859,0.6293681690973133,GCG CRHBP INS
5,0,MSigDB_Hallmark_2020,Pancreas Beta Cells,3,6,0.0040162698041934,0.1526182525593523,GCG SST INS
5,1,GO_Biological_Process_2023,Defense Response To Gram-negative Bacterium (GO:0050829),3,7,0.0039204171741362,1.0,TREM2 FCN2 CHGA
5,1,MSigDB_Hallmark_2020,Estrogen Response Late,3,10,0.012115031678285,0.460371203774832,PCP4 ASCL1 HMGCS2
5,2,GO_Biological_Process_2023,Inorganic Cation Transmembrane Transport (GO:0098662),2,3,0.0043416671369716,1.0,FXYD2 KCNK3
5,2,MSigDB_Hallmark_2020,Adipogenesis,2,9,0.0453034830907179,1.0,ADIPOQ SNCG
5,3,GO_Biological_Process_2023,Defense Response To Fungus (GO:0050832),1,3,0.1149703707884192,1.0,S100A12
5,3,MSigDB_Hallmark_2020,Bile Acid Metabolism,1,3,0.1149703707884192,1.0,AR
5,4,GO_Biological_Process_2023,Protein Processing (GO:0016485),2,3,0.0043416671369716,1.0,CD5L PCSK2
5,4,MSigDB_Hallmark_2020,Complement,2,9,0.0453034830907179,1.0,GZMB SERPINB2
5,5,GO_Biological_Process_2023,Angiotensin Maturation (GO:0002003),2,3,0.0043416671369716,1.0,CPA3 ACE2
5,5,MSigDB_Hallmark_2020,Myogenesis,2,8,0.0360642184321298,1.0,DES PVALB
5,6,GO_Biological_Process_2023,Positive Regulation Of Epithelial Cell Differentiation (GO:0030858),2,3,0.0043416671369716,1.0,SFRP4 TMEM100
5,6,MSigDB_Hallmark_2020,Interferon Alpha Response,1,3,0.1149703707884192,1.0,LAMP3
5,7,GO_Biological_Process_2023,Negative Regulation Of T Cell Mediated Cytotoxicity (GO:0001915),2,3,0.0043416671369716,0.6243317342965178,KLRD1 KLRC1
5,7,MSigDB_Hallmark_2020,Bile Acid Metabolism,1,3,0.1149703707884192,1.0,AQP9
5,8,GO_Biological_Process_2023,Regulation Of Protein Binding (GO:0043393),2,4,0.0084828485570792,1.0,CFHR1 CSF3
5,8,MSigDB_Hallmark_2020,Spermatogenesis,1,3,0.1149703707884192,1.0,CFTR
5,9,GO_Biological_Process_2023,Cellular Response To Lipid (GO:0071396),4,18,0.0036002413209514,1.0,CXCL2 TFPI CXCL6 EGFR
5,9,MSigDB_Hallmark_2020,Hypoxia,2,9,0.0453034830907179,1.0,SRPX EGFR
5,10,GO_Biological_Process_2023,Calcium Ion Homeostasis (GO:0055074),3,8,0.0025459310541341,0.8640219052097164,CCR2 SNCA STC2
5,10,MSigDB_Hallmark_2020,Estrogen Response Early,2,8,0.0360642184321298,0.5738441191490934,STC2 PGR
5,11,GO_Biological_Process_2023,Embryonic Organ Morphogenesis (GO:0048562),3,5,0.0004891471563352,0.351696805405052,PDGFRA MFAP5 ALDH1A3
5,11,MSigDB_Hallmark_2020,UV Response Up,2,5,0.0138119828242419,0.5248553473211943,EPCAM CYP1A1
5,12,GO_Biological_Process_2023,Extracellular Matrix Organization (GO:0030198),4,6,3.128103420111737e-05,0.0224910635906033,CTSK ADAMTS1 DPT COL5A2
5,12,MSigDB_Hallmark_2020,Androgen Response,2,5,0.0156994721710369,0.5965799424994037,ADAMTS1 STEAP4
5,13,GO_Biological_Process_2023,Positive Regulation Of Vasculature Development (GO:1904018),3,5,0.0013948127814621,0.6444662101327081,CD34 RAMP2 RAPGEF3
5,13,MSigDB_Hallmark_2020,Apical Junction,4,12,0.0026553809586123,0.1009044764272707,PECAM1 CD34 VWF THY1
5,14,GO_Biological_Process_2023,T Cell Mediated Immunity (GO:0002456),2,3,0.0077848637056267,1.0,CD8A PRF1
5,14,MSigDB_Hallmark_2020,Interferon Gamma Response,4,14,0.0041245597637465,0.1197569475724482,CD69 CCL5 CXCL9 GZMA
5,15,GO_Biological_Process_2023,T Cell Activation (GO:0042110),6,16,8.462958958217159e-06,0.0039294720600697,CD3E CD3D CD2 CD28 CD247 FOXP3
5,15,GO_Biological_Process_2023,T Cell Receptor Signaling Pathway (GO:0050852),5,10,1.0930381251932668e-05,0.0039294720600697,CD3E CD3D CTLA4 CD28 CD247
5,15,GO_Biological_Process_2023,Antigen Receptor-Mediated Signaling Pathway (GO:0050851),5,16,0.000165099075005,0.0395687449762029,CD3E CD3D CTLA4 CD28 CD247
5,15,MSigDB_Hallmark_2020,Allograft Rejection,6,27,0.0002465859733925,0.0093702669889166,CD3E CD3D CD2 CD28 CD247 LIF
5,16,GO_Biological_Process_2023,Negative Regulation Of Tumor Necrosis Factor Superfamily Cytokine Production (GO:1903556),5,7,1.647275188599336e-05,0.0118439086060292,HAVCR2 IGF1 GHRL CD274 LILRB4
5,16,GO_Biological_Process_2023,Negative Regulation Of Tumor Necrosis Factor Production (GO:0032720),4,6,0.0002088940340688,0.0466645973249054,HAVCR2 IGF1 GHRL LILRB4
5,16,GO_Biological_Process_2023,Negative Regulation Of Interleukin-1 Beta Production (GO:0032691),3,3,0.0002596083300411,0.0466645973249054,IGF1 GHRL LILRB4
5,16,GO_Biological_Process_2023,Negative Regulation Of Interleukin-1 Production (GO:0032692),3,3,0.0002596083300411,0.0466645973249054,IGF1 GHRL LILRB4
5,16,MSigDB_Hallmark_2020,IL-6/JAK/STAT3 Signaling,4,8,0.0008889559169547,0.0337803248442791,IL2RA CSF2RA FAS CD14
5,17,GO_Biological_Process_2023,T Cell Chemotaxis (GO:0010818),1,3,0.1149703707884192,1.0,CXCL10
5,17,MSigDB_Hallmark_2020,TNF-alpha Signaling via NF-kB,4,16,0.0022476474360818,0.085410602571109,TNC TNFRSF9 CXCL10 GEM
5,18,GO_Biological_Process_2023,Negative Regulation Of Transcription By RNA Polymerase II (GO:0000122),4,24,0.0137854063504466,1.0,SMYD2 FHL2 SPI1 SOX2
5,18,MSigDB_Hallmark_2020,Estrogen Response Early,2,8,0.0407731806683439,1.0,SLC26A2 FHL2
5,19,GO_Biological_Process_2023,B Cell Activation (GO:0042113),8,11,1.4912636545484184e-05,0.0101634540969189,MS4A1 PTPRC BANK1 CD79A PLCG2 GPR183 MEF2C CD86
5,19,GO_Biological_Process_2023,B Cell Receptor Signaling Pathway (GO:0050853),7,9,2.8271082328008124e-05,0.0101634540969189,MS4A1 PTPRC CD79A PLCG2 CD19 MEF2C MNDA
5,19,GO_Biological_Process_2023,Regulation Of B Cell Proliferation (GO:0030888),6,7,4.696907794481208e-05,0.0112569223474399,PTPRC MZB1 GPR183 MEF2C TNFRSF13B MNDA
5,19,GO_Biological_Process_2023,B Cell Proliferation (GO:0042100),5,6,0.0002999339672821,0.0431305044951675,MS4A1 PTPRC CD79A CD19 MEF2C
5,19,GO_Biological_Process_2023,DNA Damage Response (GO:0006974),5,6,0.0002999339672821,0.0431305044951675,MYC BCL2L11 CDK1 TOP2A MNDA
5,19,GO_Biological_Process_2023,Mitotic Cell Cycle Phase Transition (GO:0044772),4,4,0.0004117215484873,0.0493379655603987,MYC CDK1 CCNB2 UBE2C
5,19,MSigDB_Hallmark_2020,G2-M Checkpoint,7,7,9.99342083932172e-07,3.797499918942254e-05,MKI67 MYC CDK1 TOP2A CENPF CCNB2 UBE2C
5,19,MSigDB_Hallmark_2020,E2F Targets,6,6,7.566447206915015e-06,0.0001437624969313,PCNA MKI67 MYC CDK1 TOP2A CCNB2
5,19,MSigDB_Hallmark_2020,Mitotic Spindle,5,6,0.0002999339672821,0.0037991635855734,BCL2L11 CDK1 TOP2A CENPF CCNB2
