niche,block,size,genes,within_abs_r,between_abs_r,null_within_abs_r,p_within_vs_null,MSigDB_enriched,MSigDB_top_term,MSigDB_top_fdr,MSigDB_top_overlap,MSigDB_p_vs_null,GO_enriched,GO_top_term,GO_top_fdr,GO_top_overlap,GO_p_vs_null
0,0,17,MT1A HBE1 DEFB1 WIF1 MT1G LY6D ALAS2 TNFRSF18 CA1 MYOC HBD AHSP IL17A SCGB1B2P SERPINB2 PPP1R14A RGS16,0.00019220398330843658,0.0014096482741063256,0.023751111679104393,1.0,True,heme Metabolism,0.04312905801686076,4,0.01998001998001998,False,Cellular Response To Zinc Ion (GO:0071294),1.0,2,0.8671328671328671
0,1,17,TFF3 KRTDAP SLPI BCAN MMP10 CLDN4 HAPLN1 LINC00636 IGFBP2 MT1X MIR205HG RHOV MIA FGFBP1 CXCL5 LOR IL33,0.002805323137907607,0.005050382959023808,0.023751111679104393,1.0,False,KRAS Signaling Up,1.0,3,0.8931068931068931,False,Gliogenesis (GO:0042063),1.0,2,0.8671328671328671
0,2,15,NDUFA4L2 ACER1 SOX15 ARG1 CD1B CAPNS2 DCT IL1B CCL22 ACHE IGLL1 NMB CD207 CLDN1 CD1A,0.00678259293538642,0.0067596772167963564,0.023946152086451216,0.9950248756218906,False,Allograft Rejection,1.0,3,0.929070929070929,False,Positive Regulation Of T Cell Mediated Immunity (GO:0002711),0.1781087224347605,3,0.03196803196803197
0,3,15,COCH GPR4 SOX17 CLDN5 MYH11 PLAC9 ASPN CES1 G0S2 TP63 MFAP5 NGFR SOSTDC1 FCER2 CR2,0.003245661442665422,0.007200186606267642,0.023946152086451216,1.0,False,Xenobiotic Metabolism,1.0,1,0.9920079920079921,False,Negative Regulation Of Transmembrane Receptor Protein Serine/Threonine Kinase Signaling Pathway (GO:0090101),1.0,2,0.6063936063936064
0,4,15,MMP27 DSC1 TFPI2 AREG PKHD1L1 LYVE1 FABP4 PDPN MMRN1 PROX1 ITGA8 DERL3 GATA2 LEPR LAMB3,0.025418215112493907,0.009116624608532383,0.023946152086451216,0.373134328358209,False,Estrogen Response Late,1.0,2,0.6043956043956044,False,Lung Development (GO:0030324),0.7816899299822296,2,0.6063936063936064
0,5,19,COL17A1 S100A14 KRT15 KRT16 KRT17 KRT5 SBSN AZGP1 AHNAK2 C5AR1 COMP FRZB PDCD1 CXCL1 DMKN CDH2 CD40LG CXADR C11orf96,0.06306046111514213,0.015915217407585402,0.022448584963098026,0.004975124378109453,False,KRAS Signaling Dn,0.09485255316283608,4,0.028971028971028972,False,Intermediate Filament Organization (GO:0045109),0.2522558898631049,4,0.04295704295704296
0,6,15,CSPG4 IL6 AIM2 MS4A1 CD79A TNFRSF17 MZB1 FCRL5 AKR1C1 LSAMP NLGN4Y TMEM150C C15orf48 NR4A2 TUBB2B,0.020842746755463097,0.010962027260835384,0.023946152086451216,0.5870646766169154,False,UV Response Up,1.0,1,0.986013986013986,False,Generation Of Neurons (GO:0048699),1.0,2,0.6063936063936064
0,7,15,MPZ MT1F CCR2 PKIB FCER1A CLEC10A CD1C ADAM12 KRT2 PTGER3 LTB AQP3 TACSTD2 PERP DSP,0.04489102246186928,0.01709538039524529,0.023946152086451216,0.03482587064676617,False,Estrogen Response Late,1.0,2,0.6043956043956044,False,Peptide Cross-Linking (GO:0018149),1.0,2,0.7782217782217782
0,8,15,LYPD3 TMEM45A KRT1 CRABP2 ZNF667-AS1 VEGFA PTN IGFBP3 ACTA2 TAGLN SYNPO2 MYL9 CALD1 NOTCH3 SLC25A37,0.07828302586290105,0.020648747875298613,0.023946152086451216,0.004975124378109453,False,Hypoxia,0.07530254570977289,3,0.04195804195804196,False,Axon Guidance (GO:0007411),1.0,2,0.7782217782217782
0,9,32,INHBA CCL19 BHLHE41 GEM CPE SPRY1 IGFBP5 SOD3 APOD HTRA1 PDGFRA SFRP2 THY1 CXCL12 FAP THBS2 TNC VCAN LUM C3 SERPING1 PTGDS POSTN COL5A2 PDGFRB FN1 MMP2 COL6A3 COL6A1 COL6A2 FBLN1 MFAP4,0.2099985056244323,0.02162508192657925,0.023176756300899767,0.004975124378109453,True,Epithelial Mesenchymal Transition,2.2959257909470325e-09,18,0.000999000999000999,False,Endodermal Cell Differentiation (GO:0035987),0.6884336905795714,4,0.21078921078921078
0,10,59,ATF3 ID4 FKBP8 SLC25A39 PTCH1 HES1 LENG8 CYB561A3 MEF2C STRADB RASSF8 KDM5B FAM210B PTGR1 GYPC S100A13 ENAH MYC NRP2 PTEN IFITM1 ITGB1 IFI27 TSC22D1 IRF4 PCDH7 KIT TBC1D7 SNCA NSG1 TYRP1 DST SOX10 PLP1 TRPM1 CCND1 S100B FBXO7 QPCT EDNRB TYR MLANA PMEL TFAP2A MITF CTNNB1 IFI6 SERPINE2 VIM CD63 APCDD1 TFAP2B CRYAB CD276 KRT18 IL10 INSIG1 GPR183 IRF5,0.1359540226497267,0.021664571744111388,0.02343015519156842,0.004975124378109453,False,Protein Secretion,0.14107268005111928,3,0.08691308691308691,True,Negative Regulation Of Transcription By RNA Polymerase II (GO:0000122),0.003938560592488103,14,0.000999000999000999
0,11,23,RGCC ENPP1 CBFA2T3 CLEC9A TSPAN33 ID2 LGALS2 C1orf54 CPVL IRF8 WDFY4 BCL2A1 NFKBIZ CD274 RGS1 IDO1 BASP1 GPR157 MARCKSL1 FSCN1 CCR7 BIRC3 CD83,0.11315565757498039,0.0208343775088187,0.023648478609250453,0.004975124378109453,False,IL-2/STAT5 Signaling,1.0,4,0.5384615384615384,False,Regulation Of Cytokine Production (GO:0001817),1.0,4,0.5194805194805194
0,12,44,TGFB1 LGALS9 LST1 MNDA IRF1 CXCL10 CXCL11 CCL2 CCL8 HAVCR2 CXCL2 PDCD1LG2 IL4I1 TYROBP AXL TMEM176A AIF1 SLC8A1 CTSL RNASE1 CD4 C3AR1 ITGAX MMP9 CD14 CD163 CSF1R LYZ HLA-DPB1 C1QA CD68 CTSZ FCER1G CXCR3 CCND3 SLC2A3 IFNG DUSP2 TNF CCL4 CCL3 ETV1 ITGAE S100A4,0.08961256684810553,0.01925177313394283,0.023095839176702163,0.004975124378109453,False,IL-6/JAK/STAT3 Signaling,0.09894350420722994,6,0.04195804195804196,True,Inflammatory Response (GO:0006954),5.126385091822608e-05,16,0.000999000999000999
0,13,20,CDC20 COTL1 ARHGDIB BIRC5 PTTG1 UBE2C CENPF CDK1 HIST1H4C TYMS RRM2 NUSAP1 TOP2A MKI67 STMN1 HMGN2 HMGB2 AKAP5 CXCL13 ITM2A,0.18407697757953967,0.020362520789866532,0.024136329777269875,0.004975124378109453,True,G2-M Checkpoint,4.1741452096386005e-12,11,0.000999000999000999,True,Microtubule Cytoskeleton Organization Involved In Mitosis (GO:1902850),0.005125849481416185,4,0.001998001998001998
0,14,16,CD27 ALOX5AP NKG7 LCK PTPRCAP GZMK CST7 CD3E LAG3 GZMB PRF1 GZMA CCL5 CD8A CD3D CD3G,0.13090348707438187,0.01799981743801015,0.02419896194239322,0.004975124378109453,True,Allograft Rejection,6.17756123636119e-05,9,0.000999000999000999,True,Alpha-Beta T Cell Activation (GO:0046631),0.0019254997019974107,4,0.000999000999000999
0,15,20,CXCR4 CD52 IL32 PBXIP1 TIGIT IL2RA CTLA4 FOXP3 CD69 KLRG1 KLRB1 CTSW GNLY KLRD1 SELL GIMAP7 IL7R TCF7 SFRP1 RGS5,0.04307363277333995,0.014130629903016794,0.024136329777269875,0.029850746268656716,False,IL-2/STAT5 Signaling,1.0,3,0.8001998001998002,False,Regulation Of Nucleic Acid-Templated Transcription (GO:1903506),1.0,3,0.41858141858141856
0,16,25,SELE ENTPD1 NR2F2 TFPI IL3RA MYCT1 RAMP2 ITGA5 ITGA6 MGP TM4SF1 GNG11 IGFBP7 ECSCR CALCRL CD93 PECAM1 VWF PLVAP AQP1 SPARCL1 CD34 CDH5 SERPINB5 MAL2,0.2100247068861592,0.021258778972910737,0.024123494612215843,0.004975124378109453,False,KRAS Signaling Up,1.0,5,0.41058941058941056,False,Positive Regulation Of Angiogenesis (GO:0045766),0.2617192082962195,5,0.07892107892107893
1,0,20,TNFRSF18 MT1A DEFB1 LY6D RGS16 HBE1 TFF3 IL33 WIF1 MYOC MT1G KRTDAP PPP1R14A SERPINB2 AHSP ALAS2 CA1 SLPI SCGB1B2P G0S2,5.716538592101615e-05,0.0005234195652372372,0.02249598191148622,1.0,False,heme Metabolism,0.8001673116414763,3,0.27972027972027974,False,Cellular Response To Zinc Ion (GO:0071294),1.0,2,0.9300699300699301
1,1,15,ACER1 HBD LOR COCH CR2 MIR205HG CLDN4 SOX15 ACHE CD1B LYVE1 IL17A FGFBP1 MT1X CCL22,0.00015986874205898362,0.0009420218624468465,0.022179087186778502,1.0,False,Hedgehog Signaling,1.0,1,0.9600399600399601,False,T Cell Mediated Immunity (GO:0002456),1.0,1,1.0
1,2,15,MYH11 PKHD1L1 HAPLN1 NMB CLDN5 CAPNS2 CD40LG COL17A1 SERPINB5 LINC00636 IGLL1 FCER2 ARG1 PDCD1 IL1B,0.0006578272079735318,0.00174530113599936,0.022179087186778502,1.0,False,KRAS Signaling Dn,1.0,2,0.6623376623376623,False,Regulation Of Nitric-Oxide Synthase Activity (GO:0050999),1.0,2,0.6063936063936064
1,3,15,PLAC9 LTB MMP10 SELE SFRP1 DSC1 CLDN1 MMP27 RHOV CD207 CXCL5 CES1 TP63 MMRN1 NLGN4Y,0.0011184485079363342,0.0025504855217209506,0.022179087186778502,1.0,False,Xenobiotic Metabolism,1.0,1,0.9920079920079921,False,Cellular Response To Alcohol (GO:0097306),1.0,2,0.7782217782217782
1,4,15,NDUFA4L2 FABP4 MFAP5 ASPN TFPI2 PDPN FCER1A CD1A DERL3 MS4A1 CCR2 TNFRSF17 FCRL5 CD79A MZB1,0.006104280189884682,0.0027793236047497344,0.022179087186778502,0.9701492537313433,False,Adipogenesis,1.0,1,0.922077922077922,False,B Cell Differentiation (GO:0030183),1.0,2,0.9110889110889111
1,5,15,LAMB3 NGFR AHNAK2 MAL2 S100A14 KRT15 DSP KRT5 KRT16 KRT17 IL32 MT1F BCAN CXCR3 DMKN,0.04228297379167702,0.00407063016774525,0.022179087186778502,0.0945273631840796,False,KRAS Signaling Dn,1.0,2,0.6623376623376623,True,Intermediate Filament Organization (GO:0045109),0.0022005101990584517,5,0.001998001998001998
1,6,15,COMP KLRB1 AREG ITGA8 MMP9 SBSN IGFBP2 CCL19 TMEM150C MPZ ACTA2 LEPR AQP3 AZGP1 AKR1C1,0.001643643446779259,0.004984929874529497,0.022179087186778502,1.0,False,UV Response Up,1.0,2,0.3386613386613387,False,Positive Regulation Of Protein Phosphorylation (GO:0001934),1.0,3,0.957042957042957
1,7,17,CBFA2T3 TACSTD2 CLEC9A GATA2 MIA SOSTDC1 IL6 CSPG4 KRT2 PROX1 PKIB INSIG1 ITGAE LYPD3 NR4A2 BCL2A1 ENPP1,0.0028332141617122795,0.006747314391006412,0.021518931814334983,1.0,False,KRAS Signaling Dn,1.0,2,0.6933066933066933,False,Cellular Response To Peptide Hormone Stimulus (GO:0071375),0.0681648053844468,3,0.029970029970029972
1,8,15,KRT18 HES1 SLC2A3 TMEM45A C1orf54 KRT1 ATF3 FKBP8 C11orf96 ZNF667-AS1 PBXIP1 CXADR ENTPD1 SLC25A37 MEF2C,0.016421319948692857,0.015852995478664842,0.022179087186778502,0.6318407960199005,False,Hypoxia,0.1435598506990609,3,0.04195804195804196,False,Embryonic Heart Tube Morphogenesis (GO:0003143),1.0,2,0.6063936063936064
1,9,15,VEGFA DCT CCND3 CDC20 ETV1 PTCH1 TUBB2B ADAM12 SLC25A39 KDM5B LENG8 IFI27 IFITM1 S100A13 CDH2,0.03457991198216274,0.022136398298220433,0.022179087186778502,0.15920398009950248,False,Hedgehog Signaling,0.39476022981091985,2,0.1878121878121878,False,Chordate Embryonic Development (GO:0043009),1.0,2,0.7782217782217782
1,10,15,RRM2 BIRC5 CENPF UBE2C HIST1H4C PTTG1 CDK1 STMN1 HMGN2 TYMS NUSAP1 TOP2A HMGB2 MKI67 ID4,0.2512916884258451,0.029926544560489682,0.022179087186778502,0.004975124378109453,True,G2-M Checkpoint,7.068623894524786e-12,10,0.000999000999000999,True,Microtubule Cytoskeleton Organization Involved In Mitosis (GO:1902850),0.001444124776498058,4,0.001998001998001998
1,11,49,GNG11 RASSF8 FAM210B PTGR1 HTRA1 CALD1 STRADB PTEN TSC22D1 CD276 ITGA6 ENAH LSAMP PERP PCDH7 IRF4 DST MYC GYPC NRP2 KIT S100B CRYAB IFI6 CYB561A3 NSG1 ITGB1 PLP1 TBC1D7 SOX10 SNCA TRPM1 TFAP2A TFAP2B MITF CCND1 EDNRB FBXO7 MARCKSL1 CTNNB1 MLANA APCDD1 SERPINE2 TYR QPCT VIM CD63 TYRP1 PMEL,0.30244941818506593,0.029024858262789083,0.021503382173026005,0.004975124378109453,False,Protein Secretion,0.8169931142329365,2,0.5624375624375625,False,Central Nervous System Myelination (GO:0022010),0.615621752158357,3,0.42857142857142855
1,12,23,TCF7 SELL GZMK KLRG1 IL2RA CTLA4 FOXP3 GIMAP7 CXCL13 ITM2A CTSW DUSP2 IFNG CCL4 CCL3 CD52 PTPRCAP LCK ID2 HAVCR2 ALOX5AP GNLY KLRD1,0.034638379067762445,0.012717286668339087,0.021964588850529855,0.07960199004975124,False,Allograft Rejection,0.5650984838168511,6,0.20279720279720279,False,Positive Regulation Of Lymphocyte Chemotaxis (GO:0140131),0.9282242130866185,3,0.31368631368631367
1,13,15,AKAP5 NKG7 CD27 CST7 TIGIT CD3G CD3E LAG3 GZMB CD3D GZMA PRF1 CCL5 CD8A IL7R,0.13629476322361259,0.01689677777000014,0.022179087186778502,0.004975124378109453,True,Allograft Rejection,0.0004594311746618795,8,0.001998001998001998,True,Alpha-Beta T Cell Activation (GO:0046631),0.001444124776498058,4,0.001998001998001998
1,14,22,CD69 CXCL2 CXCL1 AIM2 GPR157 CCR7 IDO1 BIRC3 CD83 C5AR1 IL10 NFKBIZ C15orf48 TNF CD274 IRF5 MNDA LGALS2 CLEC10A CD1C CCL8 TGFB1,0.022433032470326884,0.012124914373390383,0.02194692415064924,0.44776119402985076,False,Interferon Gamma Response,0.1673458022972566,4,0.0959040959040959,False,Regulation Of Inflammatory Response (GO:0050727),0.1359136800224147,6,0.061938061938061936
1,15,15,LST1 PDCD1LG2 RGS1 LGALS9 IRF1 CXCL10 CXCL11 TSPAN33 BASP1 IL4I1 COTL1 ARHGDIB IRF8 WDFY4 CTSL,0.08788264103050326,0.024798882377210996,0.022179087186778502,0.004975124378109453,True,Interferon Alpha Response,0.03287686797968332,3,0.016983016983016984,False,Negative Regulation Of T Cell Proliferation (GO:0042130),0.6779249268184805,3,0.12287712287712288
1,16,19,RNASE1 TYROBP TMEM176A CD4 AXL CPVL LYZ HLA-DPB1 ITGAX C3AR1 AIF1 SLC8A1 CD14 CD163 CSF1R CTSZ C1QA FCER1G CD68,0.2354174627457722,0.028193886634927535,0.0210983863594763,0.004975124378109453,False,Inflammatory Response,1.0,3,0.9600399600399601,False,Phagocytosis (GO:0006909),0.13027367462359613,4,0.03596403596403597
1,17,17,CXCR4 GPR183 FBLN1 SOX17 TAGLN FRZB BHLHE41 PTGER3 CRABP2 MFAP4 TFPI FSCN1 NR2F2 GPR4 RGCC IL3RA SYNPO2,0.009477317806476282,0.010790538367996868,0.021518931814334983,0.9353233830845771,False,Adipogenesis,1.0,1,0.9370629370629371,False,Regulation Of Cell Adhesion (GO:0030155),1.0,3,0.7502497502497503
1,18,30,CPE MYL9 NOTCH3 RGS5 MGP MYCT1 RAMP2 TM4SF1 ITGA5 IGFBP7 CXCL12 CD93 ECSCR VWF PECAM1 SPARCL1 CALCRL AQP1 CD34 PLVAP CDH5 IGFBP3 GEM SOD3 S100A4 IGFBP5 C3 SPRY1 CCL2 INHBA,0.11352398102988882,0.017594178059939982,0.022756627591184374,0.004975124378109453,False,KRAS Signaling Up,0.5218670183449791,6,0.34965034965034963,False,Positive Regulation Of Angiogenesis (GO:0045766),0.6547727490540524,5,0.17182817182817184
1,19,20,PTN SFRP2 APOD SERPING1 PTGDS THY1 THBS2 PDGFRA FAP TNC VCAN LUM MMP2 COL5A2 PDGFRB COL6A2 FN1 POSTN COL6A1 COL6A3,0.24939490018563198,0.023597009032594988,0.02249598191148622,0.004975124378109453,True,Epithelial Mesenchymal Transition,1.8852098534147019e-07,13,0.000999000999000999,False,Extracellular Matrix Organization (GO:0030198),0.5212389738567285,4,0.12787212787212787
2,0,26,HBE1 MT1A RGS16 TNFRSF18 TFF3 PPP1R14A CLDN5 MYH11 ALAS2 MT1G MYOC AHSP IL17A SELE MFAP5 WIF1 G0S2 IL33 FCRL5 FCER2 LINC00636 COCH TMEM150C GPR4 CA1 SCGB1B2P,3.5119867058990795e-05,0.00042081050638368453,0.016482365707542343,1.0,False,heme Metabolism,1.0,3,0.5214785214785215,False,Positive Regulation Of Nitric-Oxide Synthase Biosynthetic Process (GO:0051770),1.0,2,0.9180819180819181
2,1,15,PKHD1L1 CXCL5 CD40LG CR2 CCL19 ACTA2 ACHE NGFR DERL3 MT1X SOX17 HBD IL1B HAPLN1 CD1B,0.0001057618181971994,0.0007301493503793481,0.017080182160074883,1.0,False,Allograft Rejection,1.0,4,0.4275724275724276,False,Positive Regulation Of Lymphocyte Proliferation (GO:0050671),1.0,3,0.6393606393606394
2,2,15,GATA2 MMP10 IGFBP2 CD79A MZB1 BCAN TFPI2 PLAC9 NMB LTB CXCR3 MMRN1 LYVE1 FABP4 PROX1,0.0005074159027694253,0.0010442893866213503,0.017080182160074883,1.0,False,Coagulation,1.0,2,0.7992007992007992,False,Regulation Of Neural Precursor Cell Proliferation (GO:2000177),1.0,2,0.6063936063936064
2,3,15,ITGA8 CES1 MS4A1 IGLL1 MMP9 C5AR1 KLRB1 TNFRSF17 LEPR IL6 MMP27 KLRG1 CCR2 SELL IL32,0.0004889002380936787,0.001728365887307961,0.017080182160074883,1.0,False,Inflammatory Response,1.0,3,0.7182817182817183,False,Cellular Defense Response (GO:0006968),1.0,3,0.19080919080919082
2,4,15,FOXP3 IL2RA ENPP1 CLEC9A FRZB ADAM12 ZNF667-AS1 RAMP2 MEF2C NR2F2 RGS5 MGP TFPI MYCT1 TM4SF1,0.0019476376874116852,0.0031631324370214576,0.017080182160074883,0.9950248756218906,False,Myogenesis,1.0,2,0.7692307692307693,False,Cellular Response To Hormone Stimulus (GO:0032870),0.8487216143413592,3,0.12287712287712288
2,5,15,MYL9 GNG11 ITGA5 ECSCR TSC22D1 CALCRL CD93 IGFBP7 CDH5 PECAM1 CD34 AQP1 SPARCL1 PLVAP VWF,0.06750058051700916,0.008419389778798225,0.017080182160074883,0.004975124378109453,False,Apical Junction,0.16968736025443326,4,0.08191808191808192,False,Positive Regulation Of Angiogenesis (GO:0045766),0.4038764962336065,4,0.03996003996003996
2,6,16,NLGN4Y CXCL2 CXCL1 CCL3 IL10 CCL22 CD274 ID2 CCR7 BIRC3 CD83 BASP1 FSCN1 PDCD1LG2 CCL8 CCL2,0.013543927335249858,0.006338664699351522,0.017708403867313673,0.6019900497512438,False,TNF-alpha Signaling via NF-kB,0.05355813294195307,6,0.01898101898101898,True,Cellular Response To Lipopolysaccharide (GO:0071222),0.0014484757470197176,7,0.001998001998001998
2,7,17,IRF1 CXCL10 CXCL11 LGALS9 IL7R IRF5 TYROBP LGALS2 CLEC10A CD1C MNDA TSPAN33 GPR183 IL4I1 S100A4 COTL1 ARHGDIB,0.0260528945407171,0.011294720451248248,0.017740463258027445,0.17412935323383086,False,Interferon Alpha Response,0.05424579081448867,3,0.022977022977022976,False,T Cell Migration (GO:0072678),0.21479940529921546,3,0.06993006993006994
2,8,15,CTSL TMEM176A ITGAX CD4 AXL AIF1 C3AR1 CD163 CD14 C1QA RNASE1 LYZ FCER1G CTSZ CD68,0.08345182186901753,0.015156113468243205,0.017080182160074883,0.004975124378109453,False,Complement,1.0,3,0.36863136863136864,False,Phagocytosis (GO:0006909),1.0,3,0.15484515484515485
2,9,26,CBFA2T3 IRF8 WDFY4 IDO1 TNF ENTPD1 PKIB LST1 FCER1A CD207 CD1A CPVL CSF1R HLA-DPB1 SLC8A1 IGFBP5 FBLN1 PTN GEM CXCL12 C3 INHBA SOD3 FAP PDGFRA MFAP4,0.03246158299810338,0.009915619586484514,0.016482365707542343,0.029850746268656716,False,Xenobiotic Metabolism,1.0,2,0.7812187812187812,False,Embryonic Digestive Tract Development (GO:0048566),0.9694768095320666,2,0.9180819180819181
2,10,20,SERPING1 TNC THY1 HTRA1 APCDD1 THBS2 CPE COMP VCAN SFRP2 FN1 PTGDS PDGFRB COL5A2 LUM POSTN MMP2 COL6A3 COL6A1 COL6A2,0.17608019711681067,0.019982749454457938,0.01877004337954084,0.004975124378109453,True,Epithelial Mesenchymal Transition,8.70587639396237e-09,14,0.000999000999000999,False,Extracellular Matrix Organization (GO:0030198),0.8750999595557862,4,0.12787212787212787
2,11,19,SYNPO2 TAGLN TCF7 C1orf54 RGCC CCND3 PDPN AKR1C1 SLC2A3 NR4A2 LENG8 BHLHE41 LSAMP ETV1 BCL2A1 RASSF8 DCT STRADB APOD,0.00633953967803741,0.007992200220148083,0.01604886426290836,0.9303482587064676,False,Myogenesis,1.0,2,0.9470529470529471,False,DNA-templated Transcription (GO:0006351),1.0,2,0.7602397602397603
2,12,32,S100A13 NRP2 CD276 IFITM1 ITGB1 CALD1 CYB561A3 GYPC KIT S100B SNCA IRF4 TBC1D7 CCND1 TFAP2B SOX10 CTNNB1 TFAP2A QPCT EDNRB PLP1 SERPINE2 VIM CD63 MLANA TYR TYRP1 PMEL TRPM1 MITF MARCKSL1 FBXO7,0.21978784840253848,0.020450797476942274,0.016601803478812144,0.004975124378109453,False,heme Metabolism,0.5005832559443877,4,0.14485514485514486,False,Autonomic Nervous System Development (GO:0048483),0.7458031647945357,3,0.4015984015984016
2,13,26,SLC25A37 CDC20 HIST1H4C BIRC5 PTTG1 CENPF UBE2C STMN1 HMGN2 CDK1 TOP2A TYMS RRM2 HMGB2 MKI67 NUSAP1 PTCH1 AIM2 SOX15 KRT18 FKBP8 DUSP2 FAM210B CSPG4 ASPN SFRP1,0.021779432664676933,0.008622816762925567,0.016482365707542343,0.20398009950248755,True,G2-M Checkpoint,1.8339086273426726e-10,11,0.000999000999000999,True,Microtubule Cytoskeleton Organization Involved In Mitosis (GO:1902850),0.015816604694978736,4,0.002997002997002997
2,14,15,NFKBIZ ATF3 MIR205HG FGFBP1 PCDH7 IGFBP3 TP63 LAMB3 ITGA6 DST COL17A1 KRT5 KRT15 INSIG1 SOSTDC1,0.16229375708323032,0.022694430114785554,0.017080182160074883,0.004975124378109453,False,Apical Junction,0.648695779932992,3,0.36863136863136864,False,Epidermis Development (GO:0008544),0.1616965542415561,4,0.02097902097902098
2,15,53,HES1 SPRY1 PTGR1 CRYAB NSG1 MYC NDUFA4L2 DEFB1 VEGFA PTEN TUBB2B SLC25A39 KDM5B NOTCH3 LY6D CXADR AHNAK2 CAPNS2 AREG KRT17 GPR157 ID4 KRT16 IFI6 SLPI S100A14 TACSTD2 CLDN1 CRABP2 DSP KRTDAP MAL2 SERPINB5 LYPD3 PERP DSC1 KRT2 IFI27 TMEM45A KRT1 DMKN SBSN RHOV AQP3 ENAH CLDN4 C15orf48 PTGER3 ARG1 AZGP1 LOR SERPINB2 ACER1,0.2395707583757055,0.019377342436125475,0.017283479249707044,0.004975124378109453,False,Estrogen Response Early,0.41073731876487973,5,0.1848151848151848,False,Intermediate Filament Organization (GO:0045109),1.0,5,0.2647352647352647
2,16,19,TGFB1 PBXIP1 KLRD1 PDCD1 IFNG CD69 GZMK PTPRCAP CXCR4 NKG7 ITGAE RGS1 HAVCR2 GNLY CTSW LCK AKAP5 CST7 CD27,0.010961216584692022,0.006775673037924401,0.01604886426290836,0.6517412935323383,False,PI3K/AKT/mTOR  Signaling,0.5308537002021994,2,0.17882117882117882,False,Positive Regulation Of Intracellular Protein Transport (GO:0090316),0.4554073176167736,3,0.16583416583416583
2,17,23,LAG3 GZMB TIGIT CTLA4 CCL4 CD3G CD3D CD3E GZMA PRF1 CCL5 CD8A CXCL13 ITM2A GIMAP7 CD52 ALOX5AP IL3RA C11orf96 MPZ CDH2 MT1F MIA,0.026183137381780627,0.0072063909200135775,0.017617854410816373,0.15920398009950248,True,Allograft Rejection,0.00030298718938621033,10,0.000999000999000999,False,T Cell Receptor Signaling Pathway (GO:0050852),0.05042507887831987,5,0.013986013986013986
