gene,niche_a,niche_b,jaccard,size_a,size_b
KRT1,0,1,0.0,56,27
TYRP1,0,1,0.21568627450980393,15,49
PMEL,0,1,0.21568627450980393,15,49
VIM,0,1,0.08974358974358974,38,49
KRT16,0,1,0.0,15,27
CD63,0,1,0.021505376344086023,48,49
DMKN,0,1,0.0,15,27
PERP,0,1,0.015625,18,49
TYR,0,1,0.21568627450980393,15,49
KRT2,0,1,0.10256410256410256,18,27
SBSN,0,1,0.037037037037037035,15,15
IFI6,0,1,0.19767441860465115,56,49
QPCT,0,1,0.19767441860465115,56,49
MMP2,0,1,0.2909090909090909,56,17
APCDD1,0,1,0.19767441860465115,56,49
SERPINE2,0,1,0.19767441860465115,56,49
AZGP1,0,1,0.0,15,19
KRT17,0,1,0.02564102564102564,15,27
CCND1,0,1,0.19767441860465115,56,49
COL6A1,0,1,0.2909090909090909,56,17
DSC1,0,1,0.037037037037037035,15,15
TRPM1,0,1,0.21568627450980393,15,49
KRT5,0,1,0.02564102564102564,15,27
DSP,0,1,0.016129032258064516,38,27
HMGN2,0,1,0.75,21,16
TFAP2B,0,1,0.21568627450980393,15,49
PTGDS,0,1,0.2909090909090909,56,17
LOR,0,1,0.07692307692307693,15,15
CXCL10,0,1,0.05172413793103448,48,15
CTNNB1,0,1,0.19767441860465115,56,49
MLANA,0,1,0.21568627450980393,15,49
TACSTD2,0,1,0.10256410256410256,18,27
TMEM45A,0,1,0.10256410256410256,18,27
CXCL12,0,1,0.13114754098360656,56,15
LYZ,0,1,0.40425531914893614,48,20
MITF,0,1,0.19767441860465115,56,49
MARCKSL1,0,1,0.0,15,49
FBXO7,0,1,0.19767441860465115,56,49
AQP1,0,1,0.34210526315789475,38,15
IFI27,0,1,0.08974358974358974,38,49
STMN1,0,1,0.75,21,16
EDNRB,0,1,0.19767441860465115,56,49
HLA-DPB1,0,1,0.40425531914893614,48,20
S100B,0,1,0.021505376344086023,48,49
C3,0,1,0.2909090909090909,56,17
ITGB1,0,1,0.08974358974358974,38,49
CTSZ,0,1,0.40425531914893614,48,20
S100A14,0,1,0.02564102564102564,15,27
AQP3,0,1,0.14285714285714285,15,27
COTL1,0,1,0.75,21,16
TFAP2A,0,1,0.21568627450980393,15,49
FCER1G,0,1,0.40425531914893614,48,20
FN1,0,1,0.2909090909090909,56,17
LYPD3,0,1,0.10256410256410256,18,27
POSTN,0,1,0.2909090909090909,56,17
SERPING1,0,1,0.2909090909090909,56,17
COL6A3,0,1,0.2909090909090909,56,17
TNC,0,1,0.19767441860465115,56,49
CCL5,0,1,0.43478260869565216,20,15
COL6A2,0,1,0.2909090909090909,56,17
IGFBP5,0,1,0.13114754098360656,56,15
SPARCL1,0,1,0.34210526315789475,38,15
KRTDAP,0,1,0.07692307692307693,15,15
DST,0,1,0.19767441860465115,56,49
ARHGDIB,0,1,0.75,21,16
KRT15,0,1,0.07692307692307693,15,15
CD68,0,1,0.40425531914893614,48,20
TYMS,0,1,0.75,21,16
SNCA,0,1,0.21568627450980393,15,49
HMGB2,0,1,0.75,21,16
TBC1D7,0,1,0.19767441860465115,56,49
IRF8,0,1,0.16363636363636364,48,18
COL17A1,0,1,0.07692307692307693,15,15
SERPINB5,0,1,0.21739130434782608,15,15
MGP,0,1,0.34210526315789475,38,15
PLP1,0,1,0.21568627450980393,15,49
CD8A,0,1,0.43478260869565216,20,15
CRABP2,0,1,0.14285714285714285,15,27
PECAM1,0,1,0.34210526315789475,38,15
MAL2,0,1,0.21739130434782608,15,15
IFITM1,0,1,0.08974358974358974,38,49
CYB561A3,0,1,0.0,20,49
IRF1,0,1,0.05172413793103448,48,15
NSG1,0,1,0.21568627450980393,15,49
SOX10,0,1,0.21568627450980393,15,49
BIRC3,0,1,0.24,15,18
SFRP2,0,1,0.13114754098360656,56,15
PTEN,0,1,0.19767441860465115,56,49
GZMA,0,1,0.43478260869565216,20,15
ARG1,0,1,0.07692307692307693,15,15
CLDN1,0,1,0.21739130434782608,15,15
KIT,0,1,0.0,24,49
APOD,0,1,0.014705882352941176,56,15
ITGA6,0,1,0.08974358974358974,38,49
CPVL,0,1,0.16363636363636364,48,18
CALD1,0,1,0.08974358974358974,38,49
ITGAX,0,1,0.40425531914893614,48,20
MYC,0,1,0.19767441860465115,56,49
PDGFRB,0,1,0.2909090909090909,56,17
NRP2,0,1,0.021505376344086023,48,49
CCL4,0,1,0.13793103448275862,20,15
PLVAP,0,1,0.34210526315789475,38,15
MYH11,0,1,0.03125,15,20
HIST1H4C,0,1,0.75,21,16
CRYAB,0,1,0.19767441860465115,56,49
ENAH,0,1,0.08974358974358974,38,49
GYPC,0,1,0.014705882352941176,22,49
MS4A1,0,1,0.12903225806451613,18,19
VWF,0,1,0.34210526315789475,38,15
TSC22D1,0,1,0.08974358974358974,38,49
SLC8A1,0,1,0.40425531914893614,48,20
IL7R,0,1,0.09523809523809523,22,26
CD34,0,1,0.34210526315789475,38,15
TGFB1,0,1,0.02631578947368421,15,26
CD163,0,1,0.40425531914893614,48,20
THBS2,0,1,0.2909090909090909,56,17
IRF4,0,1,0.015625,18,49
C1QA,0,1,0.40425531914893614,48,20
CXCR4,0,1,0.030303030303030304,21,15
CTSL,0,1,0.40425531914893614,48,20
IGFBP7,0,1,0.34210526315789475,38,15
LUM,0,1,0.2909090909090909,56,17
RGS1,0,1,0.24,15,18
CSF1R,0,1,0.40425531914893614,48,20
CXCL13,0,1,0.030303030303030304,21,15
S100A4,0,1,0.047619047619047616,20,26
CCL2,0,1,0.125,48,26
HTRA1,0,1,0.13114754098360656,56,15
GNLY,0,1,0.06060606060606061,22,15
RNASE1,0,1,0.125,48,26
WDFY4,0,1,0.16363636363636364,48,18
GZMK,0,1,0.047619047619047616,20,26
CD3E,0,1,0.43478260869565216,20,15
CXCL11,0,1,0.05172413793103448,48,15
TIGIT,0,1,0.037037037037037035,15,15
PCDH7,0,1,0.21568627450980393,15,49
GZMB,0,1,0.43478260869565216,20,15
CD276,0,1,0.19767441860465115,56,49
IDO1,0,1,0.037037037037037035,15,15
PRF1,0,1,0.43478260869565216,20,15
MYL9,0,1,0.0851063829787234,38,15
GIMAP7,0,1,0.09523809523809523,22,26
CD3D,0,1,0.43478260869565216,20,15
LENG8,0,1,0.06060606060606061,22,15
NFKBIZ,0,1,0.014705882352941176,56,15
TCF7,0,1,0.09523809523809523,22,26
VCAN,0,1,0.2909090909090909,56,17
CTLA4,0,1,0.14285714285714285,15,27
GNG11,0,1,0.34210526315789475,38,15
COL5A2,0,1,0.2909090909090909,56,17
ID2,0,1,0.16363636363636364,48,18
PTTG1,0,1,0.75,21,16
ENTPD1,0,1,0.0,38,26
NOTCH3,0,1,0.0851063829787234,38,15
CD14,0,1,0.40425531914893614,48,20
CDH5,0,1,0.34210526315789475,38,15
CCL8,0,1,0.125,48,26
TMEM176A,0,1,0.40425531914893614,48,20
LSAMP,0,1,0.05714285714285714,24,15
CD3G,0,1,0.43478260869565216,20,15
RRM2,0,1,0.75,21,16
MKI67,0,1,0.75,21,16
ID4,0,1,0.05714285714285714,24,15
CD4,0,1,0.40425531914893614,48,20
BASP1,0,1,0.24,15,18
CST7,0,1,0.43478260869565216,20,15
MMP9,0,1,0.40425531914893614,48,20
STRADB,0,1,0.06060606060606061,22,15
C15orf48,0,1,0.06666666666666667,24,26
SYNPO2,0,1,0.0851063829787234,38,15
CD83,0,1,0.24,15,18
FBLN1,0,1,0.013888888888888888,56,19
CD52,0,1,0.13793103448275862,20,15
AXL,0,1,0.40425531914893614,48,20
TOP2A,0,1,0.75,21,16
CCL19,0,1,0.0851063829787234,38,15
THY1,0,1,0.2909090909090909,56,17
PBXIP1,0,1,0.044444444444444446,22,27
CCND3,0,1,0.03125,15,20
MFAP4,0,1,0.013888888888888888,56,19
FSCN1,0,1,0.24,15,18
ITM2A,0,1,0.030303030303030304,21,15
CD93,0,1,0.34210526315789475,38,15
HAVCR2,0,1,0.125,48,26
CLEC10A,0,1,0.06666666666666667,24,26
AIF1,0,1,0.40425531914893614,48,20
PTGR1,0,1,0.19767441860465115,56,49
SELL,0,1,0.09523809523809523,22,26
CD207,0,1,0.21739130434782608,15,15
LAG3,0,1,0.43478260869565216,20,15
CD27,0,1,0.037037037037037035,15,15
ITGA5,0,1,0.34210526315789475,38,15
IGFBP3,0,1,0.027777777777777776,56,20
KDM5B,0,1,0.06060606060606061,22,15
CCR7,0,1,0.24,15,18
S100A13,0,1,0.19767441860465115,56,49
TSPAN33,0,1,0.16363636363636364,48,18
FAM210B,0,1,0.014705882352941176,22,49
CENPF,0,1,0.75,21,16
SLC2A3,0,1,0.015384615384615385,48,20
COMP,0,1,0.05714285714285714,24,15
GPR183,0,1,0.09523809523809523,22,26
ALOX5AP,0,1,0.43478260869565216,20,15
NUSAP1,0,1,0.75,21,16
CD79A,0,1,0.12903225806451613,18,19
RASSF8,0,1,0.05172413793103448,48,15
C1orf54,0,1,0.16363636363636364,48,18
LCK,0,1,0.13793103448275862,20,15
FCER1A,0,1,0.05714285714285714,24,15
PTPRCAP,0,1,0.13793103448275862,20,15
SOD3,0,1,0.13114754098360656,56,15
PTGER3,0,1,0.0,22,19
TP63,0,1,0.0,15,15
SERPINB2,0,1,0.07692307692307693,15,15
MEF2C,0,1,0.058823529411764705,18,20
CALCRL,0,1,0.34210526315789475,38,15
LGALS2,0,1,0.16363636363636364,48,18
TNF,0,1,0.07692307692307693,15,15
SLPI,0,1,0.13793103448275862,15,20
CXCL2,0,1,0.125,48,26
DCT,0,1,0.0,15,20
MMRN1,0,1,0.0,15,15
CDK1,0,1,0.75,21,16
CXADR,0,1,0.02564102564102564,15,27
NR2F2,0,1,0.0851063829787234,38,15
C3AR1,0,1,0.40425531914893614,48,20
CPE,0,1,0.13114754098360656,56,15
ETV1,0,1,0.03125,15,20
ATF3,0,1,0.05714285714285714,24,15
SELE,0,1,0.0,38,15
IL4I1,0,1,0.40425531914893614,48,20
CDH2,0,1,0.0,15,49
UBE2C,0,1,0.75,21,16
DUSP2,0,1,0.07692307692307693,15,15
SPRY1,0,1,0.0,56,15
SLC25A39,0,1,0.05263157894736842,22,20
PDGFRA,0,1,0.2909090909090909,56,17
FOXP3,0,1,0.14285714285714285,15,27
KLRB1,0,1,0.044444444444444446,22,27
NKG7,0,1,0.13793103448275862,20,15
FAP,0,1,0.2909090909090909,56,17
BCL2A1,0,1,0.06451612903225806,15,20
BHLHE41,0,1,0.13114754098360656,56,15
VEGFA,0,1,0.05263157894736842,22,20
TYROBP,0,1,0.40425531914893614,48,20
ACTA2,0,1,0.0,38,15
CCL3,0,1,0.027777777777777776,24,15
TUBB2B,0,1,0.0,15,15
AKAP5,0,1,0.030303030303030304,21,15
GPR157,0,1,0.24,15,18
ECSCR,0,1,0.34210526315789475,38,15
INSIG1,0,1,0.06451612903225806,15,20
RGCC,0,1,0.0,22,18
RGS5,0,1,0.0,38,15
AREG,0,1,0.037037037037037035,15,15
MIR205HG,0,1,0.0,15,15
TAGLN,0,1,0.016129032258064516,38,27
CD69,0,1,0.0,15,26
ADAM12,0,1,0.06451612903225806,15,20
CD1C,0,1,0.06666666666666667,24,26
AIM2,0,1,0.0,18,26
CD274,0,1,0.037037037037037035,15,15
TFPI,0,1,0.0784313725490196,38,19
PTCH1,0,1,0.058823529411764705,18,20
BIRC5,0,1,0.75,21,16
LAMB3,0,1,0.07692307692307693,15,15
HES1,0,1,0.015384615384615385,48,20
PDCD1LG2,0,1,0.125,48,26
KLRG1,0,1,0.047619047619047616,20,26
LGALS9,0,1,0.125,48,26
NR4A2,0,1,0.05,24,20
IL2RA,0,1,0.14285714285714285,15,27
CCL22,0,1,0.037037037037037035,15,15
MZB1,0,1,0.12903225806451613,18,19
CTSW,0,1,0.06060606060606061,22,15
SFRP1,0,1,0.0,24,15
SLC25A37,0,1,0.027777777777777776,56,20
ITGAE,0,1,0.07692307692307693,15,15
ACER1,0,1,0.07692307692307693,15,15
CD1A,0,1,0.21739130434782608,15,15
IL3RA,0,1,0.0784313725490196,38,19
FABP4,0,1,0.0,15,15
RHOV,0,1,0.12,15,15
INHBA,0,1,0.13114754098360656,56,15
TM4SF1,0,1,0.0784313725490196,38,19
C11orf96,0,1,0.05128205128205128,24,19
KLRD1,0,1,0.06060606060606061,22,15
KRT18,0,1,0.027777777777777776,56,20
FKBP8,0,1,0.05263157894736842,22,20
PTN,0,1,0.0,15,15
ZNF667-AS1,0,1,0.058823529411764705,18,20
LY6D,0,1,0.43478260869565216,15,20
MNDA,0,1,0.125,48,26
LST1,0,1,0.02631578947368421,15,26
LTB,0,1,0.044444444444444446,22,27
AHNAK2,0,1,0.0,56,15
IFNG,0,1,0.027777777777777776,24,15
FGFBP1,0,1,0.12,15,15
MPZ,0,1,0.05,24,20
GEM,0,1,0.13114754098360656,56,15
CAPNS2,0,1,0.21739130434782608,15,15
ENPP1,0,1,0.16363636363636364,48,18
PKIB,0,1,0.0425531914893617,24,27
IL10,0,1,0.06666666666666667,24,26
IL32,0,1,0.14285714285714285,15,27
RAMP2,0,1,0.0784313725490196,38,19
PROX1,0,1,0.07692307692307693,15,15
CXCL1,0,1,0.03225806451612903,15,19
IL6,0,1,0.05128205128205128,24,19
CBFA2T3,0,1,0.16363636363636364,48,18
CDC20,0,1,0.0,21,27
CCR2,0,1,0.0425531914893617,24,27
PDPN,0,1,0.03225806451612903,15,19
MYCT1,0,1,0.0784313725490196,38,19
IRF5,0,1,0.125,48,26
AKR1C1,0,1,0.03333333333333333,18,15
FCRL5,0,1,0.12903225806451613,18,19
CSPG4,0,1,0.05,24,20
FRZB,0,1,0.07692307692307693,15,15
LYVE1,0,1,0.07692307692307693,15,15
GATA2,0,1,0.0,24,15
CLEC9A,0,1,0.16363636363636364,48,18
CXCR3,0,1,0.10256410256410256,18,27
SOSTDC1,0,1,0.037037037037037035,15,15
MFAP5,0,1,0.0,56,15
TNFRSF17,0,1,0.12903225806451613,18,19
TFPI2,0,1,0.12,15,15
TMEM150C,0,1,0.0,22,15
ITGA8,0,1,0.05714285714285714,24,15
NGFR,0,1,0.07692307692307693,15,15
CD40LG,0,1,0.05128205128205128,24,19
IL1B,0,1,0.07692307692307693,15,15
CLDN4,0,1,0.12,15,15
ASPN,0,1,0.12,15,15
MT1F,0,1,0.0425531914893617,24,27
CES1,0,1,0.12,15,15
LEPR,0,1,0.0,15,15
NLGN4Y,0,1,0.03333333333333333,18,15
C5AR1,0,1,0.07692307692307693,15,15
FCER2,0,1,0.12,15,15
MMP27,0,1,0.0,56,15
PKHD1L1,0,1,0.07692307692307693,15,15
SOX17,0,1,0.12,15,15
MIA,0,1,0.0,15,15
DERL3,0,1,0.12,15,15
NDUFA4L2,0,1,0.037037037037037035,15,15
PDCD1,0,1,0.0,15,15
PLAC9,0,1,0.12,15,15
G0S2,0,1,0.12,15,15
SOX15,0,1,0.07692307692307693,15,15
CD1B,0,1,0.07692307692307693,15,15
MMP10,0,1,0.12,15,15
GPR4,0,1,0.12,15,15
BCAN,0,1,0.12,15,15
CR2,0,1,0.12,15,15
CLDN5,0,1,0.0,15,15
IGFBP2,0,1,0.0,15,20
IGLL1,0,1,0.037037037037037035,15,15
DEFB1,0,1,0.07692307692307693,15,15
NMB,0,1,0.12,15,15
TFF3,0,1,0.03125,15,20
COCH,0,1,0.12,15,15
ACHE,0,1,0.0,15,15
CXCL5,0,1,0.12,15,15
LINC00636,0,1,0.037037037037037035,15,15
MT1X,0,1,0.12,15,15
IL33,0,1,0.0,15,20
HAPLN1,0,1,0.12,15,15
IL17A,0,1,0.13793103448275862,15,20
PPP1R14A,0,1,0.13793103448275862,15,20
HBD,0,1,0.43478260869565216,15,20
SCGB1B2P,0,1,0.43478260869565216,15,20
CA1,0,1,0.43478260869565216,15,20
AHSP,0,1,0.43478260869565216,15,20
MYOC,0,1,0.13793103448275862,15,20
RGS16,0,1,0.13793103448275862,15,20
ALAS2,0,1,0.43478260869565216,15,20
WIF1,0,1,0.43478260869565216,15,20
MT1G,0,1,0.43478260869565216,15,20
TNFRSF18,0,1,0.43478260869565216,15,20
HBE1,0,1,0.43478260869565216,15,20
MT1A,0,1,0.43478260869565216,15,20
KRT1,0,2,0.02531645569620253,56,27
TYRP1,0,2,0.21153846153846154,15,50
PMEL,0,2,0.21153846153846154,15,50
VIM,0,2,0.075,38,50
KRT16,0,2,0.0,15,15
CD63,0,2,0.03225806451612903,48,50
DMKN,0,2,0.12,15,15
PERP,0,2,0.015384615384615385,18,50
TYR,0,2,0.21153846153846154,15,50
KRT2,0,2,0.075,18,27
SBSN,0,2,0.12,15,15
IFI6,0,2,0.18181818181818182,56,50
QPCT,0,2,0.18181818181818182,56,50
MMP2,0,2,0.35714285714285715,56,22
APCDD1,0,2,0.18181818181818182,56,50
SERPINE2,0,2,0.18181818181818182,56,50
AZGP1,0,2,0.037037037037037035,15,15
KRT17,0,2,0.07692307692307693,15,15
CCND1,0,2,0.18181818181818182,56,50
COL6A1,0,2,0.35714285714285715,56,22
DSC1,0,2,0.07407407407407407,15,16
TRPM1,0,2,0.21153846153846154,15,50
KRT5,0,2,0.0,15,15
DSP,0,2,0.04081632653061224,38,15
HMGN2,0,2,0.5454545454545454,21,15
TFAP2B,0,2,0.21153846153846154,15,50
PTGDS,0,2,0.35714285714285715,56,22
LOR,0,2,0.07407407407407407,15,16
CXCL10,0,2,0.1509433962264151,48,15
CTNNB1,0,2,0.18181818181818182,56,50
MLANA,0,2,0.21153846153846154,15,50
TACSTD2,0,2,0.0,18,15
TMEM45A,0,2,0.075,18,27
CXCL12,0,2,0.0,56,24
LYZ,0,2,0.425531914893617,48,21
MITF,0,2,0.18181818181818182,56,50
MARCKSL1,0,2,0.0,15,50
FBXO7,0,2,0.18181818181818182,56,50
AQP1,0,2,0.5,38,24
IFI27,0,2,0.02,38,15
STMN1,0,2,0.0,21,50
EDNRB,0,2,0.18181818181818182,56,50
HLA-DPB1,0,2,0.425531914893617,48,21
S100B,0,2,0.03225806451612903,48,50
C3,0,2,0.12698412698412698,56,17
ITGB1,0,2,0.075,38,50
CTSZ,0,2,0.425531914893617,48,21
S100A14,0,2,0.07692307692307693,15,15
AQP3,0,2,0.0,15,15
COTL1,0,2,0.030303030303030304,21,15
TFAP2A,0,2,0.21153846153846154,15,50
FCER1G,0,2,0.425531914893617,48,21
FN1,0,2,0.35714285714285715,56,22
LYPD3,0,2,0.075,18,27
POSTN,0,2,0.35714285714285715,56,22
SERPING1,0,2,0.35714285714285715,56,22
COL6A3,0,2,0.35714285714285715,56,22
TNC,0,2,0.35714285714285715,56,22
CCL5,0,2,0.43478260869565216,20,15
COL6A2,0,2,0.35714285714285715,56,22
IGFBP5,0,2,0.12698412698412698,56,17
SPARCL1,0,2,0.5,38,24
KRTDAP,0,2,0.5263157894736842,15,16
DST,0,2,0.18181818181818182,56,50
ARHGDIB,0,2,0.030303030303030304,21,15
KRT15,0,2,0.07692307692307693,15,15
CD68,0,2,0.425531914893617,48,21
TYMS,0,2,0.5454545454545454,21,15
SNCA,0,2,0.21153846153846154,15,50
HMGB2,0,2,0.5454545454545454,21,15
TBC1D7,0,2,0.18181818181818182,56,50
IRF8,0,2,0.425531914893617,48,21
COL17A1,0,2,0.07407407407407407,15,16
SERPINB5,0,2,0.16,15,16
MGP,0,2,0.5,38,24
PLP1,0,2,0.21153846153846154,15,50
CD8A,0,2,0.43478260869565216,20,15
CRABP2,0,2,0.034482758620689655,15,17
PECAM1,0,2,0.5,38,24
MAL2,0,2,0.0,15,15
IFITM1,0,2,0.02,38,15
CYB561A3,0,2,0.0,20,50
IRF1,0,2,0.1509433962264151,48,15
NSG1,0,2,0.21153846153846154,15,50
SOX10,0,2,0.21153846153846154,15,50
BIRC3,0,2,0.16666666666666666,15,15
SFRP2,0,2,0.35714285714285715,56,22
PTEN,0,2,0.18181818181818182,56,50
GZMA,0,2,0.43478260869565216,20,15
ARG1,0,2,0.037037037037037035,15,15
CLDN1,0,2,0.16,15,16
KIT,0,2,0.014084507042253521,24,50
APOD,0,2,0.35714285714285715,56,22
ITGA6,0,2,0.075,38,50
CPVL,0,2,0.425531914893617,48,21
CALD1,0,2,0.075,38,50
ITGAX,0,2,0.425531914893617,48,21
MYC,0,2,0.18181818181818182,56,50
PDGFRB,0,2,0.35714285714285715,56,22
NRP2,0,2,0.03225806451612903,48,50
CCL4,0,2,0.0,20,27
PLVAP,0,2,0.5,38,24
MYH11,0,2,0.03571428571428571,15,16
HIST1H4C,0,2,0.5454545454545454,21,15
CRYAB,0,2,0.18181818181818182,56,50
ENAH,0,2,0.075,38,50
GYPC,0,2,0.029411764705882353,22,50
MS4A1,0,2,0.14814814814814814,18,15
VWF,0,2,0.5,38,24
TSC22D1,0,2,0.075,38,50
SLC8A1,0,2,0.425531914893617,48,21
IL7R,0,2,0.13513513513513514,22,22
CD34,0,2,0.5,38,24
TGFB1,0,2,0.12,15,15
CD163,0,2,0.425531914893617,48,21
THBS2,0,2,0.35714285714285715,56,22
IRF4,0,2,0.015384615384615385,18,50
C1QA,0,2,0.425531914893617,48,21
CXCR4,0,2,0.05128205128205128,21,22
CTSL,0,2,0.1509433962264151,48,15
IGFBP7,0,2,0.5,38,24
LUM,0,2,0.35714285714285715,56,22
RGS1,0,2,0.12,15,15
CSF1R,0,2,0.425531914893617,48,21
CXCL13,0,2,0.05128205128205128,21,22
S100A4,0,2,0.0,20,17
CCL2,0,2,0.0,48,17
HTRA1,0,2,0.18181818181818182,56,50
GNLY,0,2,0.0,22,15
RNASE1,0,2,0.425531914893617,48,21
WDFY4,0,2,0.425531914893617,48,21
GZMK,0,2,0.14285714285714285,20,22
CD3E,0,2,0.43478260869565216,20,15
CXCL11,0,2,0.1509433962264151,48,15
TIGIT,0,2,0.037037037037037035,15,15
PCDH7,0,2,0.21153846153846154,15,50
GZMB,0,2,0.43478260869565216,20,15
CD276,0,2,0.18181818181818182,56,50
IDO1,0,2,0.16666666666666666,15,15
PRF1,0,2,0.43478260869565216,20,15
MYL9,0,2,0.5,38,24
GIMAP7,0,2,0.13513513513513514,22,22
CD3D,0,2,0.43478260869565216,20,15
LENG8,0,2,0.06060606060606061,22,15
NFKBIZ,0,2,0.0,56,15
TCF7,0,2,0.13513513513513514,22,22
VCAN,0,2,0.35714285714285715,56,22
CTLA4,0,2,0.12903225806451613,15,22
GNG11,0,2,0.075,38,50
COL5A2,0,2,0.35714285714285715,56,22
ID2,0,2,0.0,48,22
PTTG1,0,2,0.5454545454545454,21,15
ENTPD1,0,2,0.0,38,27
NOTCH3,0,2,0.0,38,22
CD14,0,2,0.425531914893617,48,21
CDH5,0,2,0.5,38,24
CCL8,0,2,0.07017543859649122,48,15
TMEM176A,0,2,0.425531914893617,48,21
LSAMP,0,2,0.014084507042253521,24,50
CD3G,0,2,0.43478260869565216,20,15
RRM2,0,2,0.5454545454545454,21,15
MKI67,0,2,0.5454545454545454,21,15
ID4,0,2,0.0,24,15
CD4,0,2,0.425531914893617,48,21
BASP1,0,2,0.12,15,15
CST7,0,2,0.43478260869565216,20,15
MMP9,0,2,0.016666666666666666,48,15
STRADB,0,2,0.029411764705882353,22,50
C15orf48,0,2,0.08823529411764706,24,15
SYNPO2,0,2,0.5,38,24
CD83,0,2,0.037037037037037035,15,15
FBLN1,0,2,0.12698412698412698,56,17
CD52,0,2,0.14285714285714285,20,22
AXL,0,2,0.425531914893617,48,21
TOP2A,0,2,0.5454545454545454,21,15
CCL19,0,2,0.04081632653061224,38,15
THY1,0,2,0.35714285714285715,56,22
PBXIP1,0,2,0.044444444444444446,22,27
CCND3,0,2,0.037037037037037035,15,15
MFAP4,0,2,0.12698412698412698,56,17
FSCN1,0,2,0.16666666666666666,15,15
ITM2A,0,2,0.05128205128205128,21,22
CD93,0,2,0.5,38,24
HAVCR2,0,2,0.1509433962264151,48,15
CLEC10A,0,2,0.08823529411764706,24,15
AIF1,0,2,0.425531914893617,48,21
PTGR1,0,2,0.18181818181818182,56,50
SELL,0,2,0.13513513513513514,22,22
CD207,0,2,0.16,15,16
LAG3,0,2,0.43478260869565216,20,15
CD27,0,2,0.037037037037037035,15,15
ITGA5,0,2,0.5,38,24
IGFBP3,0,2,0.12698412698412698,56,17
KDM5B,0,2,0.06060606060606061,22,15
CCR7,0,2,0.16666666666666666,15,15
S100A13,0,2,0.0,56,15
TSPAN33,0,2,0.1509433962264151,48,15
FAM210B,0,2,0.029411764705882353,22,50
CENPF,0,2,0.5454545454545454,21,15
SLC2A3,0,2,0.04285714285714286,48,27
COMP,0,2,0.08823529411764706,24,15
GPR183,0,2,0.0,22,15
ALOX5AP,0,2,0.14285714285714285,20,22
NUSAP1,0,2,0.5454545454545454,21,15
CD79A,0,2,0.14814814814814814,18,15
RASSF8,0,2,0.03225806451612903,48,50
C1orf54,0,2,0.04285714285714286,48,27
LCK,0,2,0.14285714285714285,20,22
FCER1A,0,2,0.027777777777777776,24,15
PTPRCAP,0,2,0.14285714285714285,20,22
SOD3,0,2,0.12698412698412698,56,17
PTGER3,0,2,0.0,22,17
TP63,0,2,0.0,15,15
SERPINB2,0,2,0.5263157894736842,15,16
MEF2C,0,2,0.03333333333333333,18,15
CALCRL,0,2,0.5,38,24
LGALS2,0,2,0.07017543859649122,48,15
TNF,0,2,0.0,15,15
SLPI,0,2,0.07407407407407407,15,16
CXCL2,0,2,0.07017543859649122,48,15
DCT,0,2,0.0,15,15
MMRN1,0,2,0.03571428571428571,15,16
CDK1,0,2,0.5454545454545454,21,15
CXADR,0,2,0.0,15,15
NR2F2,0,2,0.5,38,24
C3AR1,0,2,0.425531914893617,48,21
CPE,0,2,0.35714285714285715,56,22
ETV1,0,2,0.037037037037037035,15,15
ATF3,0,2,0.11363636363636363,24,27
SELE,0,2,0.0,38,16
IL4I1,0,2,0.1509433962264151,48,15
CDH2,0,2,0.0,15,15
UBE2C,0,2,0.5454545454545454,21,15
DUSP2,0,2,0.12903225806451613,15,22
SPRY1,0,2,0.12698412698412698,56,17
SLC25A39,0,2,0.06060606060606061,22,15
PDGFRA,0,2,0.35714285714285715,56,22
FOXP3,0,2,0.12903225806451613,15,22
KLRB1,0,2,0.029411764705882353,22,15
NKG7,0,2,0.43478260869565216,20,15
FAP,0,2,0.35714285714285715,56,22
BCL2A1,0,2,0.02564102564102564,15,27
BHLHE41,0,2,0.12698412698412698,56,17
VEGFA,0,2,0.044444444444444446,22,27
TYROBP,0,2,0.425531914893617,48,21
ACTA2,0,2,0.04081632653061224,38,15
CCL3,0,2,0.11363636363636363,24,27
TUBB2B,0,2,0.0,15,15
AKAP5,0,2,0.0,21,15
GPR157,0,2,0.16666666666666666,15,15
ECSCR,0,2,0.5,38,24
INSIG1,0,2,0.02564102564102564,15,27
RGCC,0,2,0.0,22,24
RGS5,0,2,0.5,38,24
AREG,0,2,0.12,15,15
MIR205HG,0,2,0.07407407407407407,15,16
TAGLN,0,2,0.019230769230769232,38,17
CD69,0,2,0.12903225806451613,15,22
ADAM12,0,2,0.0,15,15
CD1C,0,2,0.08823529411764706,24,15
AIM2,0,2,0.0,18,22
CD274,0,2,0.037037037037037035,15,15
TFPI,0,2,0.019230769230769232,38,17
PTCH1,0,2,0.03333333333333333,18,15
BIRC5,0,2,0.5454545454545454,21,15
LAMB3,0,2,0.07407407407407407,15,16
HES1,0,2,0.04285714285714286,48,27
PDCD1LG2,0,2,0.1509433962264151,48,15
KLRG1,0,2,0.14285714285714285,20,22
LGALS9,0,2,0.1509433962264151,48,15
NR4A2,0,2,0.11363636363636363,24,27
IL2RA,0,2,0.12903225806451613,15,22
CCL22,0,2,0.07407407407407407,15,16
MZB1,0,2,0.14814814814814814,18,15
CTSW,0,2,0.13513513513513514,22,22
SFRP1,0,2,0.027777777777777776,24,15
SLC25A37,0,2,0.02531645569620253,56,27
ITGAE,0,2,0.0,15,27
ACER1,0,2,0.07407407407407407,15,16
CD1A,0,2,0.037037037037037035,15,15
IL3RA,0,2,0.5,38,24
FABP4,0,2,0.03571428571428571,15,16
RHOV,0,2,0.0,15,15
INHBA,0,2,0.35714285714285715,56,22
TM4SF1,0,2,0.5,38,24
C11orf96,0,2,0.11363636363636363,24,27
KLRD1,0,2,0.13513513513513514,22,22
KRT18,0,2,0.02531645569620253,56,27
FKBP8,0,2,0.044444444444444446,22,27
PTN,0,2,0.034482758620689655,15,17
ZNF667-AS1,0,2,0.075,18,27
LY6D,0,2,0.5263157894736842,15,16
MNDA,0,2,0.07017543859649122,48,15
LST1,0,2,0.12,15,15
LTB,0,2,0.0,22,16
AHNAK2,0,2,0.0,56,15
IFNG,0,2,0.11363636363636363,24,27
FGFBP1,0,2,0.11538461538461539,15,16
MPZ,0,2,0.0,24,15
GEM,0,2,0.12698412698412698,56,17
CAPNS2,0,2,0.07407407407407407,15,16
ENPP1,0,2,0.04285714285714286,48,27
PKIB,0,2,0.11363636363636363,24,27
IL10,0,2,0.08823529411764706,24,15
IL32,0,2,0.0,15,15
RAMP2,0,2,0.5,38,24
PROX1,0,2,0.0,15,27
CXCL1,0,2,0.037037037037037035,15,15
IL6,0,2,0.05714285714285714,24,15
CBFA2T3,0,2,0.016666666666666666,48,15
CDC20,0,2,0.0,21,15
CCR2,0,2,0.08823529411764706,24,15
PDPN,0,2,0.0,15,15
MYCT1,0,2,0.5,38,24
IRF5,0,2,0.07017543859649122,48,15
AKR1C1,0,2,0.0,18,15
FCRL5,0,2,0.14814814814814814,18,15
CSPG4,0,2,0.05714285714285714,24,15
FRZB,0,2,0.0,15,17
LYVE1,0,2,0.03571428571428571,15,16
GATA2,0,2,0.05714285714285714,24,15
CLEC9A,0,2,0.0,48,15
CXCR3,0,2,0.0,18,15
SOSTDC1,0,2,0.0,15,15
MFAP5,0,2,0.0,56,15
TNFRSF17,0,2,0.14814814814814814,18,15
TFPI2,0,2,0.12,15,15
TMEM150C,0,2,0.029411764705882353,22,15
ITGA8,0,2,0.08823529411764706,24,15
NGFR,0,2,0.0,15,15
CD40LG,0,2,0.0,24,16
IL1B,0,2,0.16,15,16
CLDN4,0,2,0.07407407407407407,15,16
ASPN,0,2,0.037037037037037035,15,15
MT1F,0,2,0.08823529411764706,24,15
CES1,0,2,0.03571428571428571,15,16
LEPR,0,2,0.037037037037037035,15,15
NLGN4Y,0,2,0.0,18,16
C5AR1,0,2,0.0,15,15
FCER2,0,2,0.03571428571428571,15,16
MMP27,0,2,0.0,56,16
PKHD1L1,0,2,0.0,15,16
SOX17,0,2,0.037037037037037035,15,15
MIA,0,2,0.0,15,27
DERL3,0,2,0.037037037037037035,15,15
NDUFA4L2,0,2,0.16,15,16
PDCD1,0,2,0.0,15,16
PLAC9,0,2,0.03571428571428571,15,16
G0S2,0,2,0.03571428571428571,15,16
SOX15,0,2,0.07407407407407407,15,16
CD1B,0,2,0.07407407407407407,15,16
MMP10,0,2,0.03571428571428571,15,16
GPR4,0,2,0.0,15,24
BCAN,0,2,0.0,15,15
CR2,0,2,0.03571428571428571,15,16
CLDN5,0,2,0.03571428571428571,15,16
IGFBP2,0,2,0.0,15,15
IGLL1,0,2,0.07407407407407407,15,16
DEFB1,0,2,0.5263157894736842,15,16
NMB,0,2,0.07407407407407407,15,16
TFF3,0,2,0.0,15,16
COCH,0,2,0.03571428571428571,15,16
ACHE,0,2,0.03571428571428571,15,16
CXCL5,0,2,0.03571428571428571,15,16
LINC00636,0,2,0.07407407407407407,15,16
MT1X,0,2,0.11538461538461539,15,16
IL33,0,2,0.0,15,16
HAPLN1,0,2,0.11538461538461539,15,16
IL17A,0,2,0.11538461538461539,15,16
PPP1R14A,0,2,0.07407407407407407,15,16
HBD,0,2,0.07407407407407407,15,16
SCGB1B2P,0,2,0.07407407407407407,15,16
CA1,0,2,0.07407407407407407,15,16
AHSP,0,2,0.5263157894736842,15,16
MYOC,0,2,0.07407407407407407,15,16
RGS16,0,2,0.07407407407407407,15,16
ALAS2,0,2,0.5263157894736842,15,16
WIF1,0,2,0.5263157894736842,15,16
MT1G,0,2,0.5263157894736842,15,16
TNFRSF18,0,2,0.5263157894736842,15,16
HBE1,0,2,0.5263157894736842,15,16
MT1A,0,2,0.5263157894736842,15,16
KRT1,0,3,0.049019607843137254,56,53
TYRP1,0,3,0.20833333333333334,15,45
PMEL,0,3,0.20833333333333334,15,45
VIM,0,3,0.038461538461538464,38,45
KRT16,0,3,0.015384615384615385,15,53
CD63,0,3,0.02247191011235955,48,45
DMKN,0,3,0.047619047619047616,15,53
PERP,0,3,0.06153846153846154,18,53
TYR,0,3,0.20833333333333334,15,45
KRT2,0,3,0.06153846153846154,18,53
SBSN,0,3,0.047619047619047616,15,53
IFI6,0,3,0.049019607843137254,56,53
QPCT,0,3,0.1511627906976744,56,45
MMP2,0,3,0.30357142857142855,56,19
APCDD1,0,3,0.06060606060606061,56,16
SERPINE2,0,3,0.1511627906976744,56,45
AZGP1,0,3,0.047619047619047616,15,53
KRT17,0,3,0.03125,15,53
CCND1,0,3,0.1511627906976744,56,45
COL6A1,0,3,0.30357142857142855,56,19
DSC1,0,3,0.03125,15,53
TRPM1,0,3,0.20833333333333334,15,45
KRT5,0,3,0.0,15,16
DSP,0,3,0.047058823529411764,38,53
HMGN2,0,3,0.40625,21,26
TFAP2B,0,3,0.20833333333333334,15,45
PTGDS,0,3,0.30357142857142855,56,19
LOR,0,3,0.11864406779661017,15,53
CXCL10,0,3,0.08620689655172414,48,17
CTNNB1,0,3,0.1511627906976744,56,45
MLANA,0,3,0.20833333333333334,15,45
TACSTD2,0,3,0.06153846153846154,18,53
TMEM45A,0,3,0.06153846153846154,18,53
CXCL12,0,3,0.06578947368421052,56,27
LYZ,0,3,0.2978723404255319,48,15
MITF,0,3,0.1511627906976744,56,45
MARCKSL1,0,3,0.03571428571428571,15,45
FBXO7,0,3,0.1511627906976744,56,45
AQP1,0,3,0.4,38,27
IFI27,0,3,0.047058823529411764,38,53
STMN1,0,3,0.0,21,45
EDNRB,0,3,0.1511627906976744,56,45
HLA-DPB1,0,3,0.10526315789473684,48,17
S100B,0,3,0.02247191011235955,48,45
C3,0,3,0.06578947368421052,56,27
ITGB1,0,3,0.038461538461538464,38,45
CTSZ,0,3,0.2978723404255319,48,15
S100A14,0,3,0.03125,15,53
AQP3,0,3,0.015384615384615385,15,53
COTL1,0,3,0.02857142857142857,21,17
TFAP2A,0,3,0.20833333333333334,15,45
FCER1G,0,3,0.2978723404255319,48,15
FN1,0,3,0.30357142857142855,56,19
LYPD3,0,3,0.06153846153846154,18,53
POSTN,0,3,0.30357142857142855,56,19
SERPING1,0,3,0.30357142857142855,56,19
COL6A3,0,3,0.30357142857142855,56,19
TNC,0,3,0.30357142857142855,56,19
CCL5,0,3,0.36,20,16
COL6A2,0,3,0.30357142857142855,56,19
IGFBP5,0,3,0.014705882352941176,56,15
SPARCL1,0,3,0.4,38,27
KRTDAP,0,3,0.06451612903225806,15,53
DST,0,3,0.06060606060606061,56,16
ARHGDIB,0,3,0.02857142857142857,21,17
KRT15,0,3,0.07407407407407407,15,16
CD68,0,3,0.2978723404255319,48,15
TYMS,0,3,0.40625,21,26
SNCA,0,3,0.20833333333333334,15,45
HMGB2,0,3,0.40625,21,26
TBC1D7,0,3,0.1511627906976744,56,45
IRF8,0,3,0.14516129032258066,48,25
COL17A1,0,3,0.07407407407407407,15,16
SERPINB5,0,3,0.11864406779661017,15,53
MGP,0,3,0.4,38,27
PLP1,0,3,0.20833333333333334,15,45
CD8A,0,3,0.36,20,16
CRABP2,0,3,0.015384615384615385,15,53
PECAM1,0,3,0.4,38,27
MAL2,0,3,0.11864406779661017,15,53
IFITM1,0,3,0.038461538461538464,38,45
CYB561A3,0,3,0.0,20,45
IRF1,0,3,0.08620689655172414,48,17
NSG1,0,3,0.20833333333333334,15,45
SOX10,0,3,0.20833333333333334,15,45
BIRC3,0,3,0.15151515151515152,15,25
SFRP2,0,3,0.30357142857142855,56,19
PTEN,0,3,0.049019607843137254,56,53
GZMA,0,3,0.36,20,16
ARG1,0,3,0.11864406779661017,15,53
CLDN1,0,3,0.11864406779661017,15,53
KIT,0,3,0.0,24,45
APOD,0,3,0.1511627906976744,56,45
ITGA6,0,3,0.0,38,16
CPVL,0,3,0.10526315789473684,48,17
CALD1,0,3,0.038461538461538464,38,45
ITGAX,0,3,0.2978723404255319,48,15
MYC,0,3,0.1511627906976744,56,45
PDGFRB,0,3,0.30357142857142855,56,19
NRP2,0,3,0.02247191011235955,48,45
CCL4,0,3,0.36,20,16
PLVAP,0,3,0.4,38,27
MYH11,0,3,0.037037037037037035,15,15
HIST1H4C,0,3,0.40625,21,26
CRYAB,0,3,0.1511627906976744,56,45
ENAH,0,3,0.047058823529411764,38,53
GYPC,0,3,0.031746031746031744,22,45
MS4A1,0,3,0.10714285714285714,18,15
VWF,0,3,0.4,38,27
TSC22D1,0,3,0.047058823529411764,38,53
SLC8A1,0,3,0.10526315789473684,48,17
IL7R,0,3,0.022727272727272728,22,25
CD34,0,3,0.4,38,27
TGFB1,0,3,0.03571428571428571,15,45
CD163,0,3,0.2978723404255319,48,15
THBS2,0,3,0.06060606060606061,56,16
IRF4,0,3,0.0,18,45
C1QA,0,3,0.2978723404255319,48,15
CXCR4,0,3,0.0625,21,15
CTSL,0,3,0.2978723404255319,48,15
IGFBP7,0,3,0.4,38,27
LUM,0,3,0.30357142857142855,56,19
RGS1,0,3,0.0,15,15
CSF1R,0,3,0.10526315789473684,48,17
CXCL13,0,3,0.0625,21,15
S100A4,0,3,0.0,20,17
CCL2,0,3,0.08620689655172414,48,17
HTRA1,0,3,0.30357142857142855,56,19
GNLY,0,3,0.02857142857142857,22,16
RNASE1,0,3,0.2978723404255319,48,15
WDFY4,0,3,0.14516129032258066,48,25
GZMK,0,3,0.17857142857142858,20,15
CD3E,0,3,0.36,20,16
CXCL11,0,3,0.08620689655172414,48,17
TIGIT,0,3,0.07407407407407407,15,16
PCDH7,0,3,0.0,15,16
GZMB,0,3,0.36,20,16
CD276,0,3,0.1511627906976744,56,45
IDO1,0,3,0.15151515151515152,15,25
PRF1,0,3,0.36,20,16
MYL9,0,3,0.4,38,27
GIMAP7,0,3,0.022727272727272728,22,25
CD3D,0,3,0.36,20,16
LENG8,0,3,0.05714285714285714,22,17
NFKBIZ,0,3,0.06060606060606061,56,16
TCF7,0,3,0.022222222222222223,22,26
VCAN,0,3,0.30357142857142855,56,19
CTLA4,0,3,0.07407407407407407,15,16
GNG11,0,3,0.4,38,27
COL5A2,0,3,0.30357142857142855,56,19
ID2,0,3,0.14516129032258066,48,25
PTTG1,0,3,0.40625,21,26
ENTPD1,0,3,0.0,38,17
NOTCH3,0,3,0.047058823529411764,38,53
CD14,0,3,0.2978723404255319,48,15
CDH5,0,3,0.4,38,27
CCL8,0,3,0.016666666666666666,48,15
TMEM176A,0,3,0.2978723404255319,48,15
LSAMP,0,3,0.0,24,27
CD3G,0,3,0.36,20,16
RRM2,0,3,0.40625,21,26
MKI67,0,3,0.40625,21,26
ID4,0,3,0.013513513513513514,24,53
CD4,0,3,0.2978723404255319,48,15
BASP1,0,3,0.15151515151515152,15,25
CST7,0,3,0.17857142857142858,20,15
MMP9,0,3,0.14516129032258066,48,25
STRADB,0,3,0.031746031746031744,22,45
C15orf48,0,3,0.013513513513513514,24,53
SYNPO2,0,3,0.0,38,26
CD83,0,3,0.15151515151515152,15,25
FBLN1,0,3,0.014705882352941176,56,15
CD52,0,3,0.17857142857142858,20,15
AXL,0,3,0.2978723404255319,48,15
TOP2A,0,3,0.40625,21,26
CCL19,0,3,0.0,38,16
THY1,0,3,0.30357142857142855,56,19
PBXIP1,0,3,0.05714285714285714,22,17
CCND3,0,3,0.0,15,26
MFAP4,0,3,0.06578947368421052,56,27
FSCN1,0,3,0.15151515151515152,15,25
ITM2A,0,3,0.0625,21,15
CD93,0,3,0.4,38,27
HAVCR2,0,3,0.0,48,15
CLEC10A,0,3,0.021739130434782608,24,25
AIF1,0,3,0.2978723404255319,48,15
PTGR1,0,3,0.049019607843137254,56,53
SELL,0,3,0.029411764705882353,22,15
CD207,0,3,0.034482758620689655,15,17
LAG3,0,3,0.36,20,16
CD27,0,3,0.07407407407407407,15,16
ITGA5,0,3,0.4,38,27
IGFBP3,0,3,0.06060606060606061,56,16
KDM5B,0,3,0.04285714285714286,22,53
CCR7,0,3,0.15151515151515152,15,25
S100A13,0,3,0.1511627906976744,56,45
TSPAN33,0,3,0.10526315789473684,48,17
FAM210B,0,3,0.05714285714285714,22,17
CENPF,0,3,0.40625,21,26
SLC2A3,0,3,0.08620689655172414,48,17
COMP,0,3,0.0,24,19
GPR183,0,3,0.0,22,17
ALOX5AP,0,3,0.0,20,25
NUSAP1,0,3,0.40625,21,26
CD79A,0,3,0.10714285714285714,18,15
RASSF8,0,3,0.08620689655172414,48,17
C1orf54,0,3,0.0,48,26
LCK,0,3,0.17857142857142858,20,15
FCER1A,0,3,0.02631578947368421,24,17
PTPRCAP,0,3,0.17857142857142858,20,15
SOD3,0,3,0.06578947368421052,56,27
PTGER3,0,3,0.04285714285714286,22,53
TP63,0,3,0.0,15,16
SERPINB2,0,3,0.06451612903225806,15,53
MEF2C,0,3,0.0,18,27
CALCRL,0,3,0.4,38,27
LGALS2,0,3,0.14516129032258066,48,25
TNF,0,3,0.0,15,25
SLPI,0,3,0.047619047619047616,15,53
CXCL2,0,3,0.016666666666666666,48,15
DCT,0,3,0.0,15,17
MMRN1,0,3,0.16666666666666666,15,15
CDK1,0,3,0.40625,21,26
CXADR,0,3,0.0,15,53
NR2F2,0,3,0.4,38,27
C3AR1,0,3,0.2978723404255319,48,15
CPE,0,3,0.30357142857142855,56,19
ETV1,0,3,0.0,15,17
ATF3,0,3,0.02702702702702703,24,16
SELE,0,3,0.0,38,15
IL4I1,0,3,0.10526315789473684,48,17
CDH2,0,3,0.0,15,15
UBE2C,0,3,0.40625,21,26
DUSP2,0,3,0.0,15,45
SPRY1,0,3,0.049019607843137254,56,53
SLC25A39,0,3,0.04285714285714286,22,53
PDGFRA,0,3,0.30357142857142855,56,19
FOXP3,0,3,0.12,15,15
KLRB1,0,3,0.0,22,15
NKG7,0,3,0.17857142857142858,20,15
FAP,0,3,0.06578947368421052,56,27
BCL2A1,0,3,0.034482758620689655,15,17
BHLHE41,0,3,0.0,56,17
VEGFA,0,3,0.04285714285714286,22,53
TYROBP,0,3,0.14516129032258066,48,25
ACTA2,0,3,0.04081632653061224,38,15
CCL3,0,3,0.08823529411764706,24,15
TUBB2B,0,3,0.015384615384615385,15,53
AKAP5,0,3,0.0,21,16
GPR157,0,3,0.0,15,53
ECSCR,0,3,0.4,38,27
INSIG1,0,3,0.03571428571428571,15,45
RGCC,0,3,0.022222222222222223,22,26
RGS5,0,3,0.04081632653061224,38,15
AREG,0,3,0.047619047619047616,15,53
MIR205HG,0,3,0.03571428571428571,15,16
TAGLN,0,3,0.016666666666666666,38,25
CD69,0,3,0.037037037037037035,15,15
ADAM12,0,3,0.0,15,15
CD1C,0,3,0.021739130434782608,24,25
AIM2,0,3,0.03125,18,17
CD274,0,3,0.034482758620689655,15,17
TFPI,0,3,0.4,38,27
PTCH1,0,3,0.03125,18,17
BIRC5,0,3,0.40625,21,26
LAMB3,0,3,0.07407407407407407,15,16
HES1,0,3,0.0,48,53
PDCD1LG2,0,3,0.14516129032258066,48,25
KLRG1,0,3,0.0,20,15
LGALS9,0,3,0.14516129032258066,48,25
NR4A2,0,3,0.0,24,17
IL2RA,0,3,0.12,15,15
CCL22,0,3,0.0,15,25
MZB1,0,3,0.10714285714285714,18,15
CTSW,0,3,0.02857142857142857,22,16
SFRP1,0,3,0.02702702702702703,24,16
SLC25A37,0,3,0.012658227848101266,56,26
ITGAE,0,3,0.037037037037037035,15,15
ACER1,0,3,0.11864406779661017,15,53
CD1A,0,3,0.034482758620689655,15,17
IL3RA,0,3,0.016666666666666666,38,25
FABP4,0,3,0.16666666666666666,15,15
RHOV,0,3,0.047619047619047616,15,53
INHBA,0,3,0.012658227848101266,56,26
TM4SF1,0,3,0.4,38,27
C11orf96,0,3,0.05714285714285714,24,15
KLRD1,0,3,0.029411764705882353,22,15
KRT18,0,3,0.1511627906976744,56,45
FKBP8,0,3,0.031746031746031744,22,45
PTN,0,3,0.12,15,15
ZNF667-AS1,0,3,0.0,18,15
LY6D,0,3,0.06451612903225806,15,53
MNDA,0,3,0.10526315789473684,48,17
LST1,0,3,0.0,15,17
LTB,0,3,0.0,22,15
AHNAK2,0,3,0.049019607843137254,56,53
IFNG,0,3,0.0,24,15
FGFBP1,0,3,0.03571428571428571,15,16
MPZ,0,3,0.08823529411764706,24,15
GEM,0,3,0.06578947368421052,56,27
CAPNS2,0,3,0.11864406779661017,15,53
ENPP1,0,3,0.016666666666666666,48,15
PKIB,0,3,0.02631578947368421,24,17
IL10,0,3,0.08823529411764706,24,15
IL32,0,3,0.12,15,15
RAMP2,0,3,0.04081632653061224,38,15
PROX1,0,3,0.16666666666666666,15,15
CXCL1,0,3,0.07692307692307693,15,15
IL6,0,3,0.05714285714285714,24,15
CBFA2T3,0,3,0.14516129032258066,48,25
CDC20,0,3,0.40625,21,26
CCR2,0,3,0.05714285714285714,24,15
PDPN,0,3,0.0,15,26
MYCT1,0,3,0.4,38,27
IRF5,0,3,0.14516129032258066,48,25
AKR1C1,0,3,0.024390243902439025,18,26
FCRL5,0,3,0.0,18,16
CSPG4,0,3,0.0,24,26
FRZB,0,3,0.07692307692307693,15,15
LYVE1,0,3,0.16666666666666666,15,15
GATA2,0,3,0.0,24,15
CLEC9A,0,3,0.016666666666666666,48,15
CXCR3,0,3,0.10714285714285714,18,15
SOSTDC1,0,3,0.017543859649122806,15,45
MFAP5,0,3,0.0,56,15
TNFRSF17,0,3,0.0,18,15
TFPI2,0,3,0.12,15,15
TMEM150C,0,3,0.0,22,15
ITGA8,0,3,0.0,24,15
NGFR,0,3,0.03571428571428571,15,16
CD40LG,0,3,0.0,24,16
IL1B,0,3,0.07692307692307693,15,15
CLDN4,0,3,0.047619047619047616,15,53
ASPN,0,3,0.017543859649122806,15,45
MT1F,0,3,0.08823529411764706,24,15
CES1,0,3,0.12,15,15
LEPR,0,3,0.07692307692307693,15,15
NLGN4Y,0,3,0.024390243902439025,18,26
C5AR1,0,3,0.16666666666666666,15,15
FCER2,0,3,0.07407407407407407,15,16
MMP27,0,3,0.0,56,15
PKHD1L1,0,3,0.03571428571428571,15,16
SOX17,0,3,0.12,15,15
MIA,0,3,0.0,15,15
DERL3,0,3,0.0,15,15
NDUFA4L2,0,3,0.11864406779661017,15,53
PDCD1,0,3,0.0,15,15
PLAC9,0,3,0.12,15,15
G0S2,0,3,0.07407407407407407,15,16
SOX15,0,3,0.0,15,26
CD1B,0,3,0.07692307692307693,15,15
MMP10,0,3,0.037037037037037035,15,15
GPR4,0,3,0.037037037037037035,15,15
BCAN,0,3,0.037037037037037035,15,15
CR2,0,3,0.07407407407407407,15,16
CLDN5,0,3,0.037037037037037035,15,15
IGFBP2,0,3,0.07692307692307693,15,15
IGLL1,0,3,0.0,15,15
DEFB1,0,3,0.06451612903225806,15,53
NMB,0,3,0.0,15,15
TFF3,0,3,0.037037037037037035,15,15
COCH,0,3,0.07407407407407407,15,16
ACHE,0,3,0.07407407407407407,15,16
CXCL5,0,3,0.0,15,16
LINC00636,0,3,0.0,15,16
MT1X,0,3,0.037037037037037035,15,15
IL33,0,3,0.07407407407407407,15,16
HAPLN1,0,3,0.037037037037037035,15,15
IL17A,0,3,0.07692307692307693,15,15
PPP1R14A,0,3,0.07692307692307693,15,15
HBD,0,3,0.07407407407407407,15,16
SCGB1B2P,0,3,0.07407407407407407,15,16
CA1,0,3,0.07407407407407407,15,16
AHSP,0,3,0.06451612903225806,15,53
MYOC,0,3,0.047619047619047616,15,53
RGS16,0,3,0.07692307692307693,15,15
ALAS2,0,3,0.21739130434782608,15,15
WIF1,0,3,0.21739130434782608,15,15
MT1G,0,3,0.21739130434782608,15,15
TNFRSF18,0,3,0.21739130434782608,15,15
HBE1,0,3,0.21739130434782608,15,15
MT1A,0,3,0.21739130434782608,15,15
KRT1,1,2,0.10638297872340426,27,27
TYRP1,1,2,0.7962962962962963,49,50
PMEL,1,2,0.7962962962962963,49,50
VIM,1,2,0.7962962962962963,49,50
KRT16,1,2,0.17647058823529413,27,15
CD63,1,2,0.7962962962962963,49,50
DMKN,1,2,0.14285714285714285,27,15
PERP,1,2,0.7962962962962963,49,50
TYR,1,2,0.7962962962962963,49,50
KRT2,1,2,0.10638297872340426,27,27
SBSN,1,2,0.07692307692307693,15,15
IFI6,1,2,0.7962962962962963,49,50
QPCT,1,2,0.7962962962962963,49,50
MMP2,1,2,0.6818181818181818,17,22
APCDD1,1,2,0.7962962962962963,49,50
SERPINE2,1,2,0.7962962962962963,49,50
AZGP1,1,2,0.06666666666666667,19,15
KRT17,1,2,0.17647058823529413,27,15
CCND1,1,2,0.7962962962962963,49,50
COL6A1,1,2,0.6818181818181818,17,22
DSC1,1,2,0.03571428571428571,15,16
TRPM1,1,2,0.7962962962962963,49,50
KRT5,1,2,0.17647058823529413,27,15
DSP,1,2,0.17647058823529413,27,15
HMGN2,1,2,0.7058823529411765,16,15
TFAP2B,1,2,0.7962962962962963,49,50
PTGDS,1,2,0.6818181818181818,17,22
LOR,1,2,0.07407407407407407,15,16
CXCL10,1,2,0.07692307692307693,15,15
CTNNB1,1,2,0.7962962962962963,49,50
MLANA,1,2,0.7962962962962963,49,50
TACSTD2,1,2,0.17647058823529413,27,15
TMEM45A,1,2,0.10638297872340426,27,27
CXCL12,1,2,0.08823529411764706,15,24
LYZ,1,2,0.6956521739130435,20,21
MITF,1,2,0.7962962962962963,49,50
MARCKSL1,1,2,0.7962962962962963,49,50
FBXO7,1,2,0.7962962962962963,49,50
AQP1,1,2,0.48,15,24
IFI27,1,2,0.03333333333333333,49,15
STMN1,1,2,0.0,16,50
EDNRB,1,2,0.7962962962962963,49,50
HLA-DPB1,1,2,0.6956521739130435,20,21
S100B,1,2,0.7962962962962963,49,50
C3,1,2,0.0,17,17
ITGB1,1,2,0.7962962962962963,49,50
CTSZ,1,2,0.6956521739130435,20,21
S100A14,1,2,0.17647058823529413,27,15
AQP3,1,2,0.17647058823529413,27,15
COTL1,1,2,0.03571428571428571,16,15
TFAP2A,1,2,0.7962962962962963,49,50
FCER1G,1,2,0.6956521739130435,20,21
FN1,1,2,0.6818181818181818,17,22
LYPD3,1,2,0.10638297872340426,27,27
POSTN,1,2,0.6818181818181818,17,22
SERPING1,1,2,0.6818181818181818,17,22
COL6A3,1,2,0.6818181818181818,17,22
TNC,1,2,0.0,49,22
CCL5,1,2,0.6470588235294118,15,15
COL6A2,1,2,0.6818181818181818,17,22
IGFBP5,1,2,0.15384615384615385,15,17
SPARCL1,1,2,0.48,15,24
KRTDAP,1,2,0.07407407407407407,15,16
DST,1,2,0.7962962962962963,49,50
ARHGDIB,1,2,0.03571428571428571,16,15
KRT15,1,2,0.037037037037037035,15,15
CD68,1,2,0.6956521739130435,20,21
TYMS,1,2,0.7058823529411765,16,15
SNCA,1,2,0.7962962962962963,49,50
HMGB2,1,2,0.7058823529411765,16,15
TBC1D7,1,2,0.7962962962962963,49,50
IRF8,1,2,0.05714285714285714,18,21
COL17A1,1,2,0.20833333333333334,15,16
SERPINB5,1,2,0.20833333333333334,15,16
MGP,1,2,0.48,15,24
PLP1,1,2,0.7962962962962963,49,50
CD8A,1,2,0.6470588235294118,15,15
CRABP2,1,2,0.024390243902439025,27,17
PECAM1,1,2,0.48,15,24
MAL2,1,2,0.037037037037037035,15,15
IFITM1,1,2,0.03333333333333333,49,15
CYB561A3,1,2,0.7962962962962963,49,50
IRF1,1,2,0.07692307692307693,15,15
NSG1,1,2,0.7962962962962963,49,50
SOX10,1,2,0.7962962962962963,49,50
BIRC3,1,2,0.10714285714285714,18,15
SFRP2,1,2,0.09375,15,22
PTEN,1,2,0.7962962962962963,49,50
GZMA,1,2,0.6470588235294118,15,15
ARG1,1,2,0.07692307692307693,15,15
CLDN1,1,2,0.20833333333333334,15,16
KIT,1,2,0.7962962962962963,49,50
APOD,1,2,0.0,15,22
ITGA6,1,2,0.7962962962962963,49,50
CPVL,1,2,0.05714285714285714,18,21
CALD1,1,2,0.7962962962962963,49,50
ITGAX,1,2,0.6956521739130435,20,21
MYC,1,2,0.7962962962962963,49,50
PDGFRB,1,2,0.6818181818181818,17,22
NRP2,1,2,0.7962962962962963,49,50
CCL4,1,2,0.08108108108108109,15,27
PLVAP,1,2,0.48,15,24
MYH11,1,2,0.13333333333333333,20,16
HIST1H4C,1,2,0.7058823529411765,16,15
CRYAB,1,2,0.7962962962962963,49,50
ENAH,1,2,0.7962962962962963,49,50
GYPC,1,2,0.7962962962962963,49,50
MS4A1,1,2,0.18518518518518517,19,15
VWF,1,2,0.48,15,24
TSC22D1,1,2,0.7962962962962963,49,50
SLC8A1,1,2,0.6956521739130435,20,21
IL7R,1,2,0.1794871794871795,26,22
CD34,1,2,0.48,15,24
TGFB1,1,2,0.11428571428571428,26,15
CD163,1,2,0.6956521739130435,20,21
THBS2,1,2,0.6818181818181818,17,22
IRF4,1,2,0.7962962962962963,49,50
C1QA,1,2,0.6956521739130435,20,21
CXCR4,1,2,0.20689655172413793,15,22
CTSL,1,2,0.03125,20,15
IGFBP7,1,2,0.48,15,24
LUM,1,2,0.6818181818181818,17,22
RGS1,1,2,0.06896551724137931,18,15
CSF1R,1,2,0.6956521739130435,20,21
CXCL13,1,2,0.06060606060606061,15,22
S100A4,1,2,0.025,26,17
CCL2,1,2,0.025,26,17
HTRA1,1,2,0.0,15,50
GNLY,1,2,0.07692307692307693,15,15
RNASE1,1,2,0.0,26,21
WDFY4,1,2,0.05714285714285714,18,21
GZMK,1,2,0.1794871794871795,26,22
CD3E,1,2,0.6470588235294118,15,15
CXCL11,1,2,0.07692307692307693,15,15
TIGIT,1,2,0.6470588235294118,15,15
PCDH7,1,2,0.7962962962962963,49,50
GZMB,1,2,0.6470588235294118,15,15
CD276,1,2,0.7962962962962963,49,50
IDO1,1,2,0.0,15,15
PRF1,1,2,0.6470588235294118,15,15
MYL9,1,2,0.08823529411764706,15,24
GIMAP7,1,2,0.1794871794871795,26,22
CD3D,1,2,0.6470588235294118,15,15
LENG8,1,2,0.07692307692307693,15,15
NFKBIZ,1,2,0.037037037037037035,15,15
TCF7,1,2,0.1794871794871795,26,22
VCAN,1,2,0.6818181818181818,17,22
CTLA4,1,2,0.044444444444444446,27,22
GNG11,1,2,0.0,15,50
COL5A2,1,2,0.6818181818181818,17,22
ID2,1,2,0.0,18,22
PTTG1,1,2,0.7058823529411765,16,15
ENTPD1,1,2,0.0,26,27
NOTCH3,1,2,0.09375,15,22
CD14,1,2,0.6956521739130435,20,21
CDH5,1,2,0.48,15,24
CCL8,1,2,0.25806451612903225,26,15
TMEM176A,1,2,0.6956521739130435,20,21
LSAMP,1,2,0.03278688524590164,15,50
CD3G,1,2,0.6470588235294118,15,15
RRM2,1,2,0.7058823529411765,16,15
MKI67,1,2,0.7058823529411765,16,15
ID4,1,2,0.0,15,15
CD4,1,2,0.6956521739130435,20,21
BASP1,1,2,0.06896551724137931,18,15
CST7,1,2,0.6470588235294118,15,15
MMP9,1,2,0.0,20,15
STRADB,1,2,0.03278688524590164,15,50
C15orf48,1,2,0.25806451612903225,26,15
SYNPO2,1,2,0.08823529411764706,15,24
CD83,1,2,0.03333333333333333,18,15
FBLN1,1,2,0.0967741935483871,19,17
CD52,1,2,0.20689655172413793,15,22
AXL,1,2,0.6956521739130435,20,21
TOP2A,1,2,0.7058823529411765,16,15
CCL19,1,2,0.0,15,15
THY1,1,2,0.6818181818181818,17,22
PBXIP1,1,2,0.10638297872340426,27,27
CCND3,1,2,0.2222222222222222,20,15
MFAP4,1,2,0.0967741935483871,19,17
FSCN1,1,2,0.10714285714285714,18,15
ITM2A,1,2,0.06060606060606061,15,22
CD93,1,2,0.48,15,24
HAVCR2,1,2,0.11428571428571428,26,15
CLEC10A,1,2,0.25806451612903225,26,15
AIF1,1,2,0.6956521739130435,20,21
PTGR1,1,2,0.7962962962962963,49,50
SELL,1,2,0.1794871794871795,26,22
CD207,1,2,0.20833333333333334,15,16
LAG3,1,2,0.6470588235294118,15,15
CD27,1,2,0.6470588235294118,15,15
ITGA5,1,2,0.48,15,24
IGFBP3,1,2,0.0,20,17
KDM5B,1,2,0.07692307692307693,15,15
CCR7,1,2,0.10714285714285714,18,15
S100A13,1,2,0.03333333333333333,49,15
TSPAN33,1,2,0.06896551724137931,18,15
FAM210B,1,2,0.7962962962962963,49,50
CENPF,1,2,0.7058823529411765,16,15
SLC2A3,1,2,0.25,20,27
COMP,1,2,0.037037037037037035,15,15
GPR183,1,2,0.25806451612903225,26,15
ALOX5AP,1,2,0.06060606060606061,15,22
NUSAP1,1,2,0.7058823529411765,16,15
CD79A,1,2,0.18518518518518517,19,15
RASSF8,1,2,0.03278688524590164,15,50
C1orf54,1,2,0.023809523809523808,18,27
LCK,1,2,0.20689655172413793,15,22
FCER1A,1,2,0.07692307692307693,15,15
PTPRCAP,1,2,0.20689655172413793,15,22
SOD3,1,2,0.15384615384615385,15,17
PTGER3,1,2,0.0967741935483871,19,17
TP63,1,2,0.07692307692307693,15,15
SERPINB2,1,2,0.07407407407407407,15,16
MEF2C,1,2,0.2222222222222222,20,15
CALCRL,1,2,0.48,15,24
LGALS2,1,2,0.03333333333333333,18,15
TNF,1,2,0.0,15,15
SLPI,1,2,0.13333333333333333,20,16
CXCL2,1,2,0.25806451612903225,26,15
DCT,1,2,0.2222222222222222,20,15
MMRN1,1,2,0.20833333333333334,15,16
CDK1,1,2,0.7058823529411765,16,15
CXADR,1,2,0.02564102564102564,27,15
NR2F2,1,2,0.08823529411764706,15,24
C3AR1,1,2,0.6956521739130435,20,21
CPE,1,2,0.09375,15,22
ETV1,1,2,0.2222222222222222,20,15
ATF3,1,2,0.0,15,27
SELE,1,2,0.11538461538461539,15,16
IL4I1,1,2,0.03125,20,15
CDH2,1,2,0.0,49,15
UBE2C,1,2,0.7058823529411765,16,15
DUSP2,1,2,0.20689655172413793,15,22
SPRY1,1,2,0.0,15,17
SLC25A39,1,2,0.2222222222222222,20,15
PDGFRA,1,2,0.6818181818181818,17,22
FOXP3,1,2,0.044444444444444446,27,22
KLRB1,1,2,0.14285714285714285,27,15
NKG7,1,2,0.07692307692307693,15,15
FAP,1,2,0.6818181818181818,17,22
BCL2A1,1,2,0.25,20,27
BHLHE41,1,2,0.15384615384615385,15,17
VEGFA,1,2,0.25,20,27
TYROBP,1,2,0.6956521739130435,20,21
ACTA2,1,2,0.037037037037037035,15,15
CCL3,1,2,0.08108108108108109,15,27
TUBB2B,1,2,0.07692307692307693,15,15
AKAP5,1,2,0.07692307692307693,15,15
GPR157,1,2,0.10714285714285714,18,15
ECSCR,1,2,0.48,15,24
INSIG1,1,2,0.25,20,27
RGCC,1,2,0.0,18,24
RGS5,1,2,0.0,15,24
AREG,1,2,0.07692307692307693,15,15
MIR205HG,1,2,0.0,15,16
TAGLN,1,2,0.024390243902439025,27,17
CD69,1,2,0.1794871794871795,26,22
ADAM12,1,2,0.2222222222222222,20,15
CD1C,1,2,0.25806451612903225,26,15
AIM2,1,2,0.1794871794871795,26,22
CD274,1,2,0.037037037037037035,15,15
TFPI,1,2,0.0967741935483871,19,17
PTCH1,1,2,0.2222222222222222,20,15
BIRC5,1,2,0.7058823529411765,16,15
LAMB3,1,2,0.20833333333333334,15,16
HES1,1,2,0.25,20,27
PDCD1LG2,1,2,0.11428571428571428,26,15
KLRG1,1,2,0.1794871794871795,26,22
LGALS9,1,2,0.11428571428571428,26,15
NR4A2,1,2,0.25,20,27
IL2RA,1,2,0.044444444444444446,27,22
CCL22,1,2,0.11538461538461539,15,16
MZB1,1,2,0.18518518518518517,19,15
CTSW,1,2,0.20689655172413793,15,22
SFRP1,1,2,0.0,15,15
SLC25A37,1,2,0.25,20,27
ITGAE,1,2,0.08108108108108109,15,27
ACER1,1,2,0.07407407407407407,15,16
CD1A,1,2,0.07692307692307693,15,15
IL3RA,1,2,0.07894736842105263,19,24
FABP4,1,2,0.11538461538461539,15,16
RHOV,1,2,0.037037037037037035,15,15
INHBA,1,2,0.09375,15,22
TM4SF1,1,2,0.07894736842105263,19,24
C11orf96,1,2,0.0,19,27
KLRD1,1,2,0.20689655172413793,15,22
KRT18,1,2,0.25,20,27
FKBP8,1,2,0.25,20,27
PTN,1,2,0.15384615384615385,15,17
ZNF667-AS1,1,2,0.25,20,27
LY6D,1,2,0.5454545454545454,20,16
MNDA,1,2,0.25806451612903225,26,15
LST1,1,2,0.11428571428571428,26,15
LTB,1,2,0.0,27,16
AHNAK2,1,2,0.037037037037037035,15,15
IFNG,1,2,0.08108108108108109,15,27
FGFBP1,1,2,0.11538461538461539,15,16
MPZ,1,2,0.0,20,15
GEM,1,2,0.15384615384615385,15,17
CAPNS2,1,2,0.0,15,16
ENPP1,1,2,0.023809523809523808,18,27
PKIB,1,2,0.10638297872340426,27,27
IL10,1,2,0.25806451612903225,26,15
IL32,1,2,0.14285714285714285,27,15
RAMP2,1,2,0.07894736842105263,19,24
PROX1,1,2,0.02564102564102564,15,27
CXCL1,1,2,0.06666666666666667,19,15
IL6,1,2,0.06666666666666667,19,15
CBFA2T3,1,2,0.0,18,15
CDC20,1,2,0.02564102564102564,27,15
CCR2,1,2,0.14285714285714285,27,15
PDPN,1,2,0.18518518518518517,19,15
MYCT1,1,2,0.07894736842105263,19,24
IRF5,1,2,0.25806451612903225,26,15
AKR1C1,1,2,0.037037037037037035,15,15
FCRL5,1,2,0.18518518518518517,19,15
CSPG4,1,2,0.0,20,15
FRZB,1,2,0.0,15,17
LYVE1,1,2,0.11538461538461539,15,16
GATA2,1,2,0.07692307692307693,15,15
CLEC9A,1,2,0.0,18,15
CXCR3,1,2,0.14285714285714285,27,15
SOSTDC1,1,2,0.037037037037037035,15,15
MFAP5,1,2,0.037037037037037035,15,15
TNFRSF17,1,2,0.18518518518518517,19,15
TFPI2,1,2,0.0,15,15
TMEM150C,1,2,0.07692307692307693,15,15
ITGA8,1,2,0.037037037037037035,15,15
NGFR,1,2,0.0,15,15
CD40LG,1,2,0.0,19,16
IL1B,1,2,0.03571428571428571,15,16
CLDN4,1,2,0.11538461538461539,15,16
ASPN,1,2,0.07692307692307693,15,15
MT1F,1,2,0.14285714285714285,27,15
CES1,1,2,0.11538461538461539,15,16
LEPR,1,2,0.07692307692307693,15,15
NLGN4Y,1,2,0.03571428571428571,15,16
C5AR1,1,2,0.0,15,15
FCER2,1,2,0.03571428571428571,15,16
MMP27,1,2,0.03571428571428571,15,16
PKHD1L1,1,2,0.16,15,16
SOX17,1,2,0.07692307692307693,15,15
MIA,1,2,0.02564102564102564,15,27
DERL3,1,2,0.07692307692307693,15,15
NDUFA4L2,1,2,0.03571428571428571,15,16
PDCD1,1,2,0.0,15,16
PLAC9,1,2,0.11538461538461539,15,16
G0S2,1,2,0.07407407407407407,15,16
SOX15,1,2,0.07407407407407407,15,16
CD1B,1,2,0.11538461538461539,15,16
MMP10,1,2,0.03571428571428571,15,16
GPR4,1,2,0.0,15,24
BCAN,1,2,0.0,15,15
CR2,1,2,0.07407407407407407,15,16
CLDN5,1,2,0.16,15,16
IGFBP2,1,2,0.0,20,15
IGLL1,1,2,0.11538461538461539,15,16
DEFB1,1,2,0.07407407407407407,15,16
NMB,1,2,0.03571428571428571,15,16
TFF3,1,2,0.5454545454545454,20,16
COCH,1,2,0.07407407407407407,15,16
ACHE,1,2,0.11538461538461539,15,16
CXCL5,1,2,0.11538461538461539,15,16
LINC00636,1,2,0.16,15,16
MT1X,1,2,0.16,15,16
IL33,1,2,0.5454545454545454,20,16
HAPLN1,1,2,0.16,15,16
IL17A,1,2,0.0,20,16
PPP1R14A,1,2,0.5454545454545454,20,16
HBD,1,2,0.13333333333333333,20,16
SCGB1B2P,1,2,0.13333333333333333,20,16
CA1,1,2,0.13333333333333333,20,16
AHSP,1,2,0.5454545454545454,20,16
MYOC,1,2,0.5454545454545454,20,16
RGS16,1,2,0.5454545454545454,20,16
ALAS2,1,2,0.5454545454545454,20,16
WIF1,1,2,0.5454545454545454,20,16
MT1G,1,2,0.5454545454545454,20,16
TNFRSF18,1,2,0.5454545454545454,20,16
HBE1,1,2,0.5454545454545454,20,16
MT1A,1,2,0.5454545454545454,20,16
KRT1,1,3,0.18181818181818182,27,53
TYRP1,1,3,0.5862068965517241,49,45
PMEL,1,3,0.5862068965517241,49,45
VIM,1,3,0.5862068965517241,49,45
KRT16,1,3,0.18181818181818182,27,53
CD63,1,3,0.5862068965517241,49,45
DMKN,1,3,0.18181818181818182,27,53
PERP,1,3,0.06382978723404255,49,53
TYR,1,3,0.5862068965517241,49,45
KRT2,1,3,0.18181818181818182,27,53
SBSN,1,3,0.047619047619047616,15,53
IFI6,1,3,0.06382978723404255,49,53
QPCT,1,3,0.5862068965517241,49,45
MMP2,1,3,0.6190476190476191,17,19
APCDD1,1,3,0.05,49,16
SERPINE2,1,3,0.5862068965517241,49,45
AZGP1,1,3,0.014492753623188406,19,53
KRT17,1,3,0.18181818181818182,27,53
CCND1,1,3,0.5862068965517241,49,45
COL6A1,1,3,0.6190476190476191,17,19
DSC1,1,3,0.047619047619047616,15,53
TRPM1,1,3,0.5862068965517241,49,45
KRT5,1,3,0.0,27,16
DSP,1,3,0.18181818181818182,27,53
HMGN2,1,3,0.42857142857142855,16,26
TFAP2B,1,3,0.5862068965517241,49,45
PTGDS,1,3,0.6190476190476191,17,19
LOR,1,3,0.03125,15,53
CXCL10,1,3,0.2,15,17
CTNNB1,1,3,0.5862068965517241,49,45
MLANA,1,3,0.5862068965517241,49,45
TACSTD2,1,3,0.18181818181818182,27,53
TMEM45A,1,3,0.18181818181818182,27,53
CXCL12,1,3,0.1111111111111111,15,27
LYZ,1,3,0.65,20,15
MITF,1,3,0.5862068965517241,49,45
MARCKSL1,1,3,0.5862068965517241,49,45
FBXO7,1,3,0.5862068965517241,49,45
AQP1,1,3,0.48148148148148145,15,27
IFI27,1,3,0.06382978723404255,49,53
STMN1,1,3,0.0,16,45
EDNRB,1,3,0.5862068965517241,49,45
HLA-DPB1,1,3,0.09375,20,17
S100B,1,3,0.5862068965517241,49,45
C3,1,3,0.024390243902439025,17,27
ITGB1,1,3,0.5862068965517241,49,45
CTSZ,1,3,0.65,20,15
S100A14,1,3,0.18181818181818182,27,53
AQP3,1,3,0.18181818181818182,27,53
COTL1,1,3,0.03333333333333333,16,17
TFAP2A,1,3,0.5862068965517241,49,45
FCER1G,1,3,0.65,20,15
FN1,1,3,0.6190476190476191,17,19
LYPD3,1,3,0.18181818181818182,27,53
POSTN,1,3,0.6190476190476191,17,19
SERPING1,1,3,0.6190476190476191,17,19
COL6A3,1,3,0.6190476190476191,17,19
TNC,1,3,0.0,49,19
CCL5,1,3,0.5263157894736842,15,16
COL6A2,1,3,0.6190476190476191,17,19
IGFBP5,1,3,0.0,15,15
SPARCL1,1,3,0.48148148148148145,15,27
KRTDAP,1,3,0.06451612903225806,15,53
DST,1,3,0.05,49,16
ARHGDIB,1,3,0.03333333333333333,16,17
KRT15,1,3,0.16,15,16
CD68,1,3,0.65,20,15
TYMS,1,3,0.42857142857142855,16,26
SNCA,1,3,0.5862068965517241,49,45
HMGB2,1,3,0.42857142857142855,16,26
TBC1D7,1,3,0.5862068965517241,49,45
IRF8,1,3,0.28125,18,25
COL17A1,1,3,0.16,15,16
SERPINB5,1,3,0.047619047619047616,15,53
MGP,1,3,0.48148148148148145,15,27
PLP1,1,3,0.5862068965517241,49,45
CD8A,1,3,0.5263157894736842,15,16
CRABP2,1,3,0.18181818181818182,27,53
PECAM1,1,3,0.48148148148148145,15,27
MAL2,1,3,0.047619047619047616,15,53
IFITM1,1,3,0.5862068965517241,49,45
CYB561A3,1,3,0.5862068965517241,49,45
IRF1,1,3,0.2,15,17
NSG1,1,3,0.5862068965517241,49,45
SOX10,1,3,0.5862068965517241,49,45
BIRC3,1,3,0.28125,18,25
SFRP2,1,3,0.06666666666666667,15,19
PTEN,1,3,0.06382978723404255,49,53
GZMA,1,3,0.5263157894736842,15,16
ARG1,1,3,0.0,15,53
CLDN1,1,3,0.047619047619047616,15,53
KIT,1,3,0.5862068965517241,49,45
APOD,1,3,0.017543859649122806,15,45
ITGA6,1,3,0.05,49,16
CPVL,1,3,0.03125,18,17
CALD1,1,3,0.5862068965517241,49,45
ITGAX,1,3,0.65,20,15
MYC,1,3,0.5862068965517241,49,45
PDGFRB,1,3,0.6190476190476191,17,19
NRP2,1,3,0.5862068965517241,49,45
CCL4,1,3,0.11538461538461539,15,16
PLVAP,1,3,0.48148148148148145,15,27
MYH11,1,3,0.43478260869565216,20,15
HIST1H4C,1,3,0.42857142857142855,16,26
CRYAB,1,3,0.5862068965517241,49,45
ENAH,1,3,0.06382978723404255,49,53
GYPC,1,3,0.5862068965517241,49,45
MS4A1,1,3,0.06666666666666667,19,15
VWF,1,3,0.48148148148148145,15,27
TSC22D1,1,3,0.06382978723404255,49,53
SLC8A1,1,3,0.09375,20,17
IL7R,1,3,0.13953488372093023,26,25
CD34,1,3,0.48148148148148145,15,27
TGFB1,1,3,0.0,26,45
CD163,1,3,0.65,20,15
THBS2,1,3,0.0,17,16
IRF4,1,3,0.5862068965517241,49,45
C1QA,1,3,0.65,20,15
CXCR4,1,3,0.2727272727272727,15,15
CTSL,1,3,0.65,20,15
IGFBP7,1,3,0.48148148148148145,15,27
LUM,1,3,0.6190476190476191,17,19
RGS1,1,3,0.0,18,15
CSF1R,1,3,0.09375,20,17
CXCL13,1,3,0.07692307692307693,15,15
S100A4,1,3,0.10810810810810811,26,17
CCL2,1,3,0.025,26,17
HTRA1,1,3,0.06666666666666667,15,19
GNLY,1,3,0.11538461538461539,15,16
RNASE1,1,3,0.0,26,15
WDFY4,1,3,0.28125,18,25
GZMK,1,3,0.05405405405405406,26,15
CD3E,1,3,0.5263157894736842,15,16
CXCL11,1,3,0.2,15,17
TIGIT,1,3,0.5263157894736842,15,16
PCDH7,1,3,0.05,49,16
GZMB,1,3,0.5263157894736842,15,16
CD276,1,3,0.5862068965517241,49,45
IDO1,1,3,0.0,15,25
PRF1,1,3,0.5263157894736842,15,16
MYL9,1,3,0.1111111111111111,15,27
GIMAP7,1,3,0.13953488372093023,26,25
CD3D,1,3,0.5263157894736842,15,16
LENG8,1,3,0.2,15,17
NFKBIZ,1,3,0.03571428571428571,15,16
TCF7,1,3,0.0,26,26
VCAN,1,3,0.6190476190476191,17,19
CTLA4,1,3,0.0,27,16
GNG11,1,3,0.48148148148148145,15,27
COL5A2,1,3,0.6190476190476191,17,19
ID2,1,3,0.28125,18,25
PTTG1,1,3,0.42857142857142855,16,26
ENTPD1,1,3,0.10810810810810811,26,17
NOTCH3,1,3,0.0,15,53
CD14,1,3,0.65,20,15
CDH5,1,3,0.48148148148148145,15,27
CCL8,1,3,0.08333333333333333,26,15
TMEM176A,1,3,0.65,20,15
LSAMP,1,3,0.0,15,27
CD3G,1,3,0.5263157894736842,15,16
RRM2,1,3,0.42857142857142855,16,26
MKI67,1,3,0.42857142857142855,16,26
ID4,1,3,0.03125,15,53
CD4,1,3,0.65,20,15
BASP1,1,3,0.28125,18,25
CST7,1,3,0.07692307692307693,15,15
MMP9,1,3,0.023809523809523808,20,25
STRADB,1,3,0.017543859649122806,15,45
C15orf48,1,3,0.0,26,53
SYNPO2,1,3,0.02631578947368421,15,26
CD83,1,3,0.28125,18,25
FBLN1,1,3,0.03225806451612903,19,15
CD52,1,3,0.2727272727272727,15,15
AXL,1,3,0.65,20,15
TOP2A,1,3,0.42857142857142855,16,26
CCL19,1,3,0.0,15,16
THY1,1,3,0.6190476190476191,17,19
PBXIP1,1,3,0.0,27,17
CCND3,1,3,0.047619047619047616,20,26
MFAP4,1,3,0.07317073170731707,19,27
FSCN1,1,3,0.28125,18,25
ITM2A,1,3,0.07692307692307693,15,15
CD93,1,3,0.48148148148148145,15,27
HAVCR2,1,3,0.05405405405405406,26,15
CLEC10A,1,3,0.13953488372093023,26,25
AIF1,1,3,0.65,20,15
PTGR1,1,3,0.06382978723404255,49,53
SELL,1,3,0.08333333333333333,26,15
CD207,1,3,0.07142857142857142,15,17
LAG3,1,3,0.5263157894736842,15,16
CD27,1,3,0.5263157894736842,15,16
ITGA5,1,3,0.48148148148148145,15,27
IGFBP3,1,3,0.0,20,16
KDM5B,1,3,0.03125,15,53
CCR7,1,3,0.28125,18,25
S100A13,1,3,0.5862068965517241,49,45
TSPAN33,1,3,0.03125,18,17
FAM210B,1,3,0.0,49,17
CENPF,1,3,0.42857142857142855,16,26
SLC2A3,1,3,0.16666666666666666,20,17
COMP,1,3,0.0,15,19
GPR183,1,3,0.10810810810810811,26,17
ALOX5AP,1,3,0.0,15,25
NUSAP1,1,3,0.42857142857142855,16,26
CD79A,1,3,0.06666666666666667,19,15
RASSF8,1,3,0.2,15,17
C1orf54,1,3,0.024390243902439025,18,26
LCK,1,3,0.2727272727272727,15,15
FCER1A,1,3,0.07142857142857142,15,17
PTPRCAP,1,3,0.2727272727272727,15,15
SOD3,1,3,0.1111111111111111,15,27
PTGER3,1,3,0.014492753623188406,19,53
TP63,1,3,0.16,15,16
SERPINB2,1,3,0.06451612903225806,15,53
MEF2C,1,3,0.0,20,27
CALCRL,1,3,0.48148148148148145,15,27
LGALS2,1,3,0.28125,18,25
TNF,1,3,0.0,15,25
SLPI,1,3,0.04411764705882353,20,53
CXCL2,1,3,0.08333333333333333,26,15
DCT,1,3,0.16666666666666666,20,17
MMRN1,1,3,0.037037037037037035,15,15
CDK1,1,3,0.42857142857142855,16,26
CXADR,1,3,0.18181818181818182,27,53
NR2F2,1,3,0.1111111111111111,15,27
C3AR1,1,3,0.65,20,15
CPE,1,3,0.06666666666666667,15,19
ETV1,1,3,0.16666666666666666,20,17
ATF3,1,3,0.03571428571428571,15,16
SELE,1,3,0.037037037037037035,15,15
IL4I1,1,3,0.09375,20,17
CDH2,1,3,0.0,49,15
UBE2C,1,3,0.42857142857142855,16,26
DUSP2,1,3,0.0,15,45
SPRY1,1,3,0.0,15,53
SLC25A39,1,3,0.028985507246376812,20,53
PDGFRA,1,3,0.6190476190476191,17,19
FOXP3,1,3,0.1111111111111111,27,15
KLRB1,1,3,0.1111111111111111,27,15
NKG7,1,3,0.2727272727272727,15,15
FAP,1,3,0.024390243902439025,17,27
BCL2A1,1,3,0.16666666666666666,20,17
BHLHE41,1,3,0.0,15,17
VEGFA,1,3,0.028985507246376812,20,53
TYROBP,1,3,0.023809523809523808,20,25
ACTA2,1,3,0.0,15,15
CCL3,1,3,0.037037037037037035,15,15
TUBB2B,1,3,0.03125,15,53
AKAP5,1,3,0.11538461538461539,15,16
GPR157,1,3,0.0,18,53
ECSCR,1,3,0.48148148148148145,15,27
INSIG1,1,3,0.03278688524590164,20,45
RGCC,1,3,0.024390243902439025,18,26
RGS5,1,3,0.21739130434782608,15,15
AREG,1,3,0.047619047619047616,15,53
MIR205HG,1,3,0.16,15,16
TAGLN,1,3,0.0,27,25
CD69,1,3,0.05405405405405406,26,15
ADAM12,1,3,0.06451612903225806,20,15
CD1C,1,3,0.13953488372093023,26,25
AIM2,1,3,0.025,26,17
CD274,1,3,0.2,15,17
TFPI,1,3,0.07317073170731707,19,27
PTCH1,1,3,0.16666666666666666,20,17
BIRC5,1,3,0.42857142857142855,16,26
LAMB3,1,3,0.16,15,16
HES1,1,3,0.028985507246376812,20,53
PDCD1LG2,1,3,0.13953488372093023,26,25
KLRG1,1,3,0.0,26,15
LGALS9,1,3,0.13953488372093023,26,25
NR4A2,1,3,0.16666666666666666,20,17
IL2RA,1,3,0.1111111111111111,27,15
CCL22,1,3,0.0,15,25
MZB1,1,3,0.06666666666666667,19,15
CTSW,1,3,0.11538461538461539,15,16
SFRP1,1,3,0.0,15,16
SLC25A37,1,3,0.047619047619047616,20,26
ITGAE,1,3,0.2727272727272727,15,15
ACER1,1,3,0.03125,15,53
CD1A,1,3,0.07142857142857142,15,17
IL3RA,1,3,0.0,19,25
FABP4,1,3,0.037037037037037035,15,15
RHOV,1,3,0.03125,15,53
INHBA,1,3,0.02631578947368421,15,26
TM4SF1,1,3,0.07317073170731707,19,27
C11orf96,1,3,0.06666666666666667,19,15
KLRD1,1,3,0.037037037037037035,15,15
KRT18,1,3,0.03278688524590164,20,45
FKBP8,1,3,0.03278688524590164,20,45
PTN,1,3,0.0,15,15
ZNF667-AS1,1,3,0.06451612903225806,20,15
LY6D,1,3,0.04411764705882353,20,53
MNDA,1,3,0.10810810810810811,26,17
LST1,1,3,0.10810810810810811,26,17
LTB,1,3,0.02564102564102564,27,15
AHNAK2,1,3,0.047619047619047616,15,53
IFNG,1,3,0.2727272727272727,15,15
FGFBP1,1,3,0.0,15,16
MPZ,1,3,0.06451612903225806,20,15
GEM,1,3,0.1111111111111111,15,27
CAPNS2,1,3,0.047619047619047616,15,53
ENPP1,1,3,0.03333333333333333,18,15
PKIB,1,3,0.0,27,17
IL10,1,3,0.08333333333333333,26,15
IL32,1,3,0.1111111111111111,27,15
RAMP2,1,3,0.0,19,15
PROX1,1,3,0.037037037037037035,15,15
CXCL1,1,3,0.03225806451612903,19,15
IL6,1,3,0.06666666666666667,19,15
CBFA2T3,1,3,0.28125,18,25
CDC20,1,3,0.0,27,26
CCR2,1,3,0.1111111111111111,27,15
PDPN,1,3,0.0,19,26
MYCT1,1,3,0.07317073170731707,19,27
IRF5,1,3,0.13953488372093023,26,25
AKR1C1,1,3,0.02631578947368421,15,26
FCRL5,1,3,0.03125,19,16
CSPG4,1,3,0.047619047619047616,20,26
FRZB,1,3,0.0,15,15
LYVE1,1,3,0.037037037037037035,15,15
GATA2,1,3,0.21739130434782608,15,15
CLEC9A,1,3,0.03333333333333333,18,15
CXCR3,1,3,0.02564102564102564,27,15
SOSTDC1,1,3,0.0,15,45
MFAP5,1,3,0.12,15,15
TNFRSF17,1,3,0.06666666666666667,19,15
TFPI2,1,3,0.21739130434782608,15,15
TMEM150C,1,3,0.0,15,15
ITGA8,1,3,0.037037037037037035,15,15
NGFR,1,3,0.11538461538461539,15,16
CD40LG,1,3,0.03125,19,16
IL1B,1,3,0.21739130434782608,15,15
CLDN4,1,3,0.06451612903225806,15,53
ASPN,1,3,0.0,15,45
MT1F,1,3,0.0,27,15
CES1,1,3,0.12,15,15
LEPR,1,3,0.0,15,15
NLGN4Y,1,3,0.02631578947368421,15,26
C5AR1,1,3,0.037037037037037035,15,15
FCER2,1,3,0.07407407407407407,15,16
MMP27,1,3,0.037037037037037035,15,15
PKHD1L1,1,3,0.11538461538461539,15,16
SOX17,1,3,0.21739130434782608,15,15
MIA,1,3,0.0,15,15
DERL3,1,3,0.21739130434782608,15,15
NDUFA4L2,1,3,0.06451612903225806,15,53
PDCD1,1,3,0.0,15,15
PLAC9,1,3,0.12,15,15
G0S2,1,3,0.07407407407407407,15,16
SOX15,1,3,0.0,15,26
CD1B,1,3,0.12,15,15
MMP10,1,3,0.037037037037037035,15,15
GPR4,1,3,0.0,15,15
BCAN,1,3,0.037037037037037035,15,15
CR2,1,3,0.07407407407407407,15,16
CLDN5,1,3,0.037037037037037035,15,15
IGFBP2,1,3,0.0,20,15
IGLL1,1,3,0.0,15,15
DEFB1,1,3,0.06451612903225806,15,53
NMB,1,3,0.037037037037037035,15,15
TFF3,1,3,0.43478260869565216,20,15
COCH,1,3,0.03571428571428571,15,16
ACHE,1,3,0.11538461538461539,15,16
CXCL5,1,3,0.03571428571428571,15,16
LINC00636,1,3,0.11538461538461539,15,16
MT1X,1,3,0.037037037037037035,15,15
IL33,1,3,0.0967741935483871,20,16
HAPLN1,1,3,0.037037037037037035,15,15
IL17A,1,3,0.43478260869565216,20,15
PPP1R14A,1,3,0.43478260869565216,20,15
HBD,1,3,0.0967741935483871,20,16
SCGB1B2P,1,3,0.0967741935483871,20,16
CA1,1,3,0.0967741935483871,20,16
AHSP,1,3,0.04411764705882353,20,53
MYOC,1,3,0.04411764705882353,20,53
RGS16,1,3,0.43478260869565216,20,15
ALAS2,1,3,0.43478260869565216,20,15
WIF1,1,3,0.43478260869565216,20,15
MT1G,1,3,0.43478260869565216,20,15
TNFRSF18,1,3,0.43478260869565216,20,15
HBE1,1,3,0.43478260869565216,20,15
MT1A,1,3,0.43478260869565216,20,15
KRT1,2,3,0.0684931506849315,27,53
TYRP1,2,3,0.576271186440678,50,45
PMEL,2,3,0.576271186440678,50,45
VIM,2,3,0.576271186440678,50,45
KRT16,2,3,0.11864406779661017,15,53
CD63,2,3,0.576271186440678,50,45
DMKN,2,3,0.03125,15,53
PERP,2,3,0.052083333333333336,50,53
TYR,2,3,0.576271186440678,50,45
KRT2,2,3,0.0684931506849315,27,53
SBSN,2,3,0.03125,15,53
IFI6,2,3,0.052083333333333336,50,53
QPCT,2,3,0.576271186440678,50,45
MMP2,2,3,0.6956521739130435,22,19
APCDD1,2,3,0.04918032786885246,50,16
SERPINE2,2,3,0.576271186440678,50,45
AZGP1,2,3,0.015384615384615385,15,53
KRT17,2,3,0.11864406779661017,15,53
CCND1,2,3,0.576271186440678,50,45
COL6A1,2,3,0.6956521739130435,22,19
DSC1,2,3,0.046875,16,53
TRPM1,2,3,0.576271186440678,50,45
KRT5,2,3,0.03571428571428571,15,16
DSP,2,3,0.11864406779661017,15,53
HMGN2,2,3,0.4444444444444444,15,26
TFAP2B,2,3,0.576271186440678,50,45
PTGDS,2,3,0.6956521739130435,22,19
LOR,2,3,0.046875,16,53
CXCL10,2,3,0.07142857142857142,15,17
CTNNB1,2,3,0.576271186440678,50,45
MLANA,2,3,0.576271186440678,50,45
TACSTD2,2,3,0.11864406779661017,15,53
TMEM45A,2,3,0.0684931506849315,27,53
CXCL12,2,3,0.53125,24,27
LYZ,2,3,0.6190476190476191,21,15
MITF,2,3,0.576271186440678,50,45
MARCKSL1,2,3,0.576271186440678,50,45
FBXO7,2,3,0.576271186440678,50,45
AQP1,2,3,0.53125,24,27
IFI27,2,3,0.06451612903225806,15,53
STMN1,2,3,0.576271186440678,50,45
EDNRB,2,3,0.576271186440678,50,45
HLA-DPB1,2,3,0.09090909090909091,21,17
S100B,2,3,0.576271186440678,50,45
C3,2,3,0.10526315789473684,17,27
ITGB1,2,3,0.576271186440678,50,45
CTSZ,2,3,0.6190476190476191,21,15
S100A14,2,3,0.11864406779661017,15,53
AQP3,2,3,0.11864406779661017,15,53
COTL1,2,3,0.15384615384615385,15,17
TFAP2A,2,3,0.576271186440678,50,45
FCER1G,2,3,0.6190476190476191,21,15
FN1,2,3,0.6956521739130435,22,19
LYPD3,2,3,0.0684931506849315,27,53
POSTN,2,3,0.6956521739130435,22,19
SERPING1,2,3,0.6956521739130435,22,19
COL6A3,2,3,0.6956521739130435,22,19
TNC,2,3,0.6956521739130435,22,19
CCL5,2,3,0.7058823529411765,15,16
COL6A2,2,3,0.6956521739130435,22,19
IGFBP5,2,3,0.07142857142857142,17,15
SPARCL1,2,3,0.53125,24,27
KRTDAP,2,3,0.08064516129032258,16,53
DST,2,3,0.04918032786885246,50,16
ARHGDIB,2,3,0.15384615384615385,15,17
KRT15,2,3,0.03571428571428571,15,16
CD68,2,3,0.6190476190476191,21,15
TYMS,2,3,0.4444444444444444,15,26
SNCA,2,3,0.576271186440678,50,45
HMGB2,2,3,0.4444444444444444,15,26
TBC1D7,2,3,0.576271186440678,50,45
IRF8,2,3,0.047619047619047616,21,25
COL17A1,2,3,0.034482758620689655,16,16
SERPINB5,2,3,0.046875,16,53
MGP,2,3,0.53125,24,27
PLP1,2,3,0.576271186440678,50,45
CD8A,2,3,0.7058823529411765,15,16
CRABP2,2,3,0.030303030303030304,17,53
PECAM1,2,3,0.53125,24,27
MAL2,2,3,0.11864406779661017,15,53
IFITM1,2,3,0.017543859649122806,15,45
CYB561A3,2,3,0.576271186440678,50,45
IRF1,2,3,0.07142857142857142,15,17
NSG1,2,3,0.576271186440678,50,45
SOX10,2,3,0.576271186440678,50,45
BIRC3,2,3,0.08571428571428572,15,25
SFRP2,2,3,0.6956521739130435,22,19
PTEN,2,3,0.052083333333333336,50,53
GZMA,2,3,0.7058823529411765,15,16
ARG1,2,3,0.015384615384615385,15,53
CLDN1,2,3,0.046875,16,53
KIT,2,3,0.576271186440678,50,45
APOD,2,3,0.0,22,45
ITGA6,2,3,0.04918032786885246,50,16
CPVL,2,3,0.09090909090909091,21,17
CALD1,2,3,0.576271186440678,50,45
ITGAX,2,3,0.6190476190476191,21,15
MYC,2,3,0.576271186440678,50,45
PDGFRB,2,3,0.6956521739130435,22,19
NRP2,2,3,0.576271186440678,50,45
CCL4,2,3,0.0,27,16
PLVAP,2,3,0.53125,24,27
MYH11,2,3,0.03571428571428571,16,15
HIST1H4C,2,3,0.4444444444444444,15,26
CRYAB,2,3,0.576271186440678,50,45
ENAH,2,3,0.052083333333333336,50,53
GYPC,2,3,0.576271186440678,50,45
MS4A1,2,3,0.07692307692307693,15,15
VWF,2,3,0.53125,24,27
TSC22D1,2,3,0.052083333333333336,50,53
SLC8A1,2,3,0.09090909090909091,21,17
IL7R,2,3,0.07142857142857142,22,25
CD34,2,3,0.53125,24,27
TGFB1,2,3,0.0,15,45
CD163,2,3,0.6190476190476191,21,15
THBS2,2,3,0.0,22,16
IRF4,2,3,0.576271186440678,50,45
C1QA,2,3,0.6190476190476191,21,15
CXCR4,2,3,0.25,22,15
CTSL,2,3,0.0,15,15
IGFBP7,2,3,0.53125,24,27
LUM,2,3,0.6956521739130435,22,19
RGS1,2,3,0.037037037037037035,15,15
CSF1R,2,3,0.09090909090909091,21,17
CXCL13,2,3,0.25,22,15
S100A4,2,3,0.0,17,17
CCL2,2,3,0.03225806451612903,17,17
HTRA1,2,3,0.0,50,19
GNLY,2,3,0.7058823529411765,15,16
RNASE1,2,3,0.6190476190476191,21,15
WDFY4,2,3,0.047619047619047616,21,25
GZMK,2,3,0.25,22,15
CD3E,2,3,0.7058823529411765,15,16
CXCL11,2,3,0.07142857142857142,15,17
TIGIT,2,3,0.7058823529411765,15,16
PCDH7,2,3,0.04918032786885246,50,16
GZMB,2,3,0.7058823529411765,15,16
CD276,2,3,0.576271186440678,50,45
IDO1,2,3,0.08571428571428572,15,25
PRF1,2,3,0.7058823529411765,15,16
MYL9,2,3,0.53125,24,27
GIMAP7,2,3,0.07142857142857142,22,25
CD3D,2,3,0.7058823529411765,15,16
LENG8,2,3,0.1111111111111111,15,17
NFKBIZ,2,3,0.0,15,16
TCF7,2,3,0.0,22,26
VCAN,2,3,0.6956521739130435,22,19
CTLA4,2,3,0.02857142857142857,22,16
GNG11,2,3,0.013513513513513514,50,27
COL5A2,2,3,0.6956521739130435,22,19
ID2,2,3,0.07142857142857142,22,25
PTTG1,2,3,0.4444444444444444,15,26
ENTPD1,2,3,0.024390243902439025,27,17
NOTCH3,2,3,0.0,22,53
CD14,2,3,0.6190476190476191,21,15
CDH5,2,3,0.53125,24,27
CCL8,2,3,0.07692307692307693,15,15
TMEM176A,2,3,0.6190476190476191,21,15
LSAMP,2,3,0.013513513513513514,50,27
CD3G,2,3,0.7058823529411765,15,16
RRM2,2,3,0.4444444444444444,15,26
MKI67,2,3,0.4444444444444444,15,26
ID4,2,3,0.0,15,53
CD4,2,3,0.6190476190476191,21,15
BASP1,2,3,0.05555555555555555,15,25
CST7,2,3,0.037037037037037035,15,15
MMP9,2,3,0.02702702702702703,15,25
STRADB,2,3,0.576271186440678,50,45
C15orf48,2,3,0.0,15,53
SYNPO2,2,3,0.02127659574468085,24,26
CD83,2,3,0.15151515151515152,15,25
FBLN1,2,3,0.07142857142857142,17,15
CD52,2,3,0.25,22,15
AXL,2,3,0.6190476190476191,21,15
TOP2A,2,3,0.4444444444444444,15,26
CCL19,2,3,0.0,15,16
THY1,2,3,0.6956521739130435,22,19
PBXIP1,2,3,0.07692307692307693,27,17
CCND3,2,3,0.02631578947368421,15,26
MFAP4,2,3,0.10526315789473684,17,27
FSCN1,2,3,0.08571428571428572,15,25
ITM2A,2,3,0.25,22,15
CD93,2,3,0.53125,24,27
HAVCR2,2,3,0.037037037037037035,15,15
CLEC10A,2,3,0.15151515151515152,15,25
AIF1,2,3,0.6190476190476191,21,15
PTGR1,2,3,0.052083333333333336,50,53
SELL,2,3,0.029411764705882353,22,15
CD207,2,3,0.0,16,17
LAG3,2,3,0.7058823529411765,15,16
CD27,2,3,0.7058823529411765,15,16
ITGA5,2,3,0.53125,24,27
IGFBP3,2,3,0.0,17,16
KDM5B,2,3,0.06451612903225806,15,53
CCR7,2,3,0.08571428571428572,15,25
S100A13,2,3,0.017543859649122806,15,45
TSPAN33,2,3,0.15384615384615385,15,17
FAM210B,2,3,0.015625,50,17
CENPF,2,3,0.4444444444444444,15,26
SLC2A3,2,3,0.07692307692307693,27,17
COMP,2,3,0.0,15,19
GPR183,2,3,0.034482758620689655,15,17
ALOX5AP,2,3,0.07142857142857142,22,25
NUSAP1,2,3,0.4444444444444444,15,26
CD79A,2,3,0.07692307692307693,15,15
RASSF8,2,3,0.015625,50,17
C1orf54,2,3,0.02,27,26
LCK,2,3,0.25,22,15
FCER1A,2,3,0.034482758620689655,15,17
PTPRCAP,2,3,0.25,22,15
SOD3,2,3,0.10526315789473684,17,27
PTGER3,2,3,0.030303030303030304,17,53
TP63,2,3,0.03571428571428571,15,16
SERPINB2,2,3,0.08064516129032258,16,53
MEF2C,2,3,0.0,15,27
CALCRL,2,3,0.53125,24,27
LGALS2,2,3,0.15151515151515152,15,25
TNF,2,3,0.15151515151515152,15,25
SLPI,2,3,0.046875,16,53
CXCL2,2,3,0.07692307692307693,15,15
DCT,2,3,0.1111111111111111,15,17
MMRN1,2,3,0.11538461538461539,16,15
CDK1,2,3,0.4444444444444444,15,26
CXADR,2,3,0.06451612903225806,15,53
NR2F2,2,3,0.53125,24,27
C3AR1,2,3,0.6190476190476191,21,15
CPE,2,3,0.6956521739130435,22,19
ETV1,2,3,0.1111111111111111,15,17
ATF3,2,3,0.0,27,16
SELE,2,3,0.03571428571428571,16,15
IL4I1,2,3,0.15384615384615385,15,17
CDH2,2,3,0.0,15,15
UBE2C,2,3,0.4444444444444444,15,26
DUSP2,2,3,0.0,22,45
SPRY1,2,3,0.030303030303030304,17,53
SLC25A39,2,3,0.06451612903225806,15,53
PDGFRA,2,3,0.6956521739130435,22,19
FOXP3,2,3,0.06060606060606061,22,15
KLRB1,2,3,0.07692307692307693,15,15
NKG7,2,3,0.037037037037037035,15,15
FAP,2,3,0.0,22,27
BCL2A1,2,3,0.07692307692307693,27,17
BHLHE41,2,3,0.03225806451612903,17,17
VEGFA,2,3,0.0684931506849315,27,53
TYROBP,2,3,0.047619047619047616,21,25
ACTA2,2,3,0.0,15,15
CCL3,2,3,0.02564102564102564,27,15
TUBB2B,2,3,0.06451612903225806,15,53
AKAP5,2,3,0.7058823529411765,15,16
GPR157,2,3,0.015384615384615385,15,53
ECSCR,2,3,0.53125,24,27
INSIG1,2,3,0.029411764705882353,27,45
RGCC,2,3,0.02127659574468085,24,26
RGS5,2,3,0.027777777777777776,24,15
AREG,2,3,0.03125,15,53
MIR205HG,2,3,0.0,16,16
TAGLN,2,3,0.0,17,25
CD69,2,3,0.25,22,15
ADAM12,2,3,0.0,15,15
CD1C,2,3,0.15151515151515152,15,25
AIM2,2,3,0.0,22,17
CD274,2,3,0.0,15,17
TFPI,2,3,0.10526315789473684,17,27
PTCH1,2,3,0.1111111111111111,15,17
BIRC5,2,3,0.4444444444444444,15,26
LAMB3,2,3,0.034482758620689655,16,16
HES1,2,3,0.0684931506849315,27,53
PDCD1LG2,2,3,0.05555555555555555,15,25
KLRG1,2,3,0.06060606060606061,22,15
LGALS9,2,3,0.05555555555555555,15,25
NR4A2,2,3,0.07692307692307693,27,17
IL2RA,2,3,0.06060606060606061,22,15
CCL22,2,3,0.0,16,25
MZB1,2,3,0.07692307692307693,15,15
CTSW,2,3,0.02857142857142857,22,16
SFRP1,2,3,0.03571428571428571,15,16
SLC25A37,2,3,0.02,27,26
ITGAE,2,3,0.02564102564102564,27,15
ACER1,2,3,0.046875,16,53
CD1A,2,3,0.034482758620689655,15,17
IL3RA,2,3,0.0,24,25
FABP4,2,3,0.11538461538461539,16,15
RHOV,2,3,0.015384615384615385,15,53
INHBA,2,3,0.0,22,26
TM4SF1,2,3,0.53125,24,27
C11orf96,2,3,0.05263157894736842,27,15
KLRD1,2,3,0.029411764705882353,22,15
KRT18,2,3,0.029411764705882353,27,45
FKBP8,2,3,0.029411764705882353,27,45
PTN,2,3,0.0,17,15
ZNF667-AS1,2,3,0.02564102564102564,27,15
LY6D,2,3,0.08064516129032258,16,53
MNDA,2,3,0.034482758620689655,15,17
LST1,2,3,0.15384615384615385,15,17
LTB,2,3,0.03571428571428571,16,15
AHNAK2,2,3,0.11864406779661017,15,53
IFNG,2,3,0.02564102564102564,27,15
FGFBP1,2,3,0.0,16,16
MPZ,2,3,0.0,15,15
GEM,2,3,0.10526315789473684,17,27
CAPNS2,2,3,0.0,16,53
ENPP1,2,3,0.05263157894736842,27,15
PKIB,2,3,0.024390243902439025,27,17
IL10,2,3,0.07692307692307693,15,15
IL32,2,3,0.07692307692307693,15,15
RAMP2,2,3,0.027777777777777776,24,15
PROX1,2,3,0.0,27,15
CXCL1,2,3,0.037037037037037035,15,15
IL6,2,3,0.0,15,15
CBFA2T3,2,3,0.02702702702702703,15,25
CDC20,2,3,0.02631578947368421,15,26
CCR2,2,3,0.07692307692307693,15,15
PDPN,2,3,0.0,15,26
MYCT1,2,3,0.53125,24,27
IRF5,2,3,0.15151515151515152,15,25
AKR1C1,2,3,0.02631578947368421,15,26
FCRL5,2,3,0.0,15,16
CSPG4,2,3,0.02631578947368421,15,26
FRZB,2,3,0.07142857142857142,17,15
LYVE1,2,3,0.0,16,15
GATA2,2,3,0.07692307692307693,15,15
CLEC9A,2,3,0.0,15,15
CXCR3,2,3,0.037037037037037035,15,15
SOSTDC1,2,3,0.0,15,45
MFAP5,2,3,0.037037037037037035,15,15
TNFRSF17,2,3,0.0,15,15
TFPI2,2,3,0.0,15,15
TMEM150C,2,3,0.0,15,15
ITGA8,2,3,0.037037037037037035,15,15
NGFR,2,3,0.0,15,16
CD40LG,2,3,0.1111111111111111,16,16
IL1B,2,3,0.07407407407407407,16,15
CLDN4,2,3,0.046875,16,53
ASPN,2,3,0.0,15,45
MT1F,2,3,0.0,15,15
CES1,2,3,0.07407407407407407,16,15
LEPR,2,3,0.037037037037037035,15,15
NLGN4Y,2,3,0.0,16,26
C5AR1,2,3,0.0,15,15
FCER2,2,3,0.1111111111111111,16,16
MMP27,2,3,0.11538461538461539,16,15
PKHD1L1,2,3,0.1111111111111111,16,16
SOX17,2,3,0.07692307692307693,15,15
MIA,2,3,0.05263157894736842,27,15
DERL3,2,3,0.037037037037037035,15,15
NDUFA4L2,2,3,0.046875,16,53
PDCD1,2,3,0.0,16,15
PLAC9,2,3,0.07407407407407407,16,15
G0S2,2,3,0.25,16,16
SOX15,2,3,0.0,16,26
CD1B,2,3,0.07407407407407407,16,15
MMP10,2,3,0.11538461538461539,16,15
GPR4,2,3,0.0,24,15
BCAN,2,3,0.0,15,15
CR2,2,3,0.25,16,16
CLDN5,2,3,0.03571428571428571,16,15
IGFBP2,2,3,0.07692307692307693,15,15
IGLL1,2,3,0.0,16,15
DEFB1,2,3,0.08064516129032258,16,53
NMB,2,3,0.03571428571428571,16,15
TFF3,2,3,0.38095238095238093,16,15
COCH,2,3,0.25,16,16
ACHE,2,3,0.25,16,16
CXCL5,2,3,0.0,16,16
LINC00636,2,3,0.1111111111111111,16,16
MT1X,2,3,0.07407407407407407,16,15
IL33,2,3,0.0,16,16
HAPLN1,2,3,0.07407407407407407,16,15
IL17A,2,3,0.03571428571428571,16,15
PPP1R14A,2,3,0.38095238095238093,16,15
HBD,2,3,0.25,16,16
SCGB1B2P,2,3,0.25,16,16
CA1,2,3,0.25,16,16
AHSP,2,3,0.08064516129032258,16,53
MYOC,2,3,0.08064516129032258,16,53
RGS16,2,3,0.38095238095238093,16,15
ALAS2,2,3,0.38095238095238093,16,15
WIF1,2,3,0.38095238095238093,16,15
MT1G,2,3,0.38095238095238093,16,15
TNFRSF18,2,3,0.38095238095238093,16,15
HBE1,2,3,0.38095238095238093,16,15
MT1A,2,3,0.38095238095238093,16,15
