,VEGFA,TUBB2B,PTEN,SLC25A39,AREG,KDM5B,NOTCH3,LY6D,CLDN4,C15orf48,PTGER3,ARG1,AZGP1,LOR,SERPINB2,ACER1,AHNAK2,CXADR,ID4,GPR157,ENAH,CAPNS2,RHOV,SLPI,AQP3,IFI6,KRT16,KRT2,CLDN1,DSC1,KRTDAP,CRABP2,S100A14,SERPINB5,MAL2,TACSTD2,LYPD3,PERP,DSP,IFI27,SBSN,KRT1,DMKN,TMEM45A
VEGFA,1.0,0.5181949,-0.17430457,0.38038835,0.14520445,0.5632369,0.3315976,0.29869688,-0.007903015,-0.4547576,-0.23369372,-0.4255823,-0.58946025,-0.4871623,-0.2273956,-0.1958423,0.52768034,-0.25483283,0.76633424,0.9102722,0.5872451,0.27550504,0.6337232,0.72225547,0.57132137,0.56424326,0.76854235,0.6062689,0.39791808,0.65323293,0.487806,0.6932412,0.77412534,0.7702241,0.4943934,0.5007089,0.6012303,0.62877774,0.75030017,0.14514169,-0.21548375,0.32322946,-0.050020114,0.44071776
TUBB2B,0.5181949,1.0,0.07897984,-0.09076619,-0.05967264,0.7256389,0.3449502,0.3863541,0.16941066,-0.29082844,-0.059565406,-0.33946958,-0.5744947,-0.32363495,-0.26150057,-0.19233257,0.6610377,0.0608069,0.40554816,0.65603787,0.7390667,0.29035065,0.2381637,0.44176394,0.7055261,0.6102231,0.54420614,0.26156464,0.2606069,0.4711297,0.24527793,0.6469345,0.7480927,0.4389388,0.6579368,0.29224104,0.58704793,0.46524677,0.76698107,0.12979132,-0.22212362,0.28461194,-0.033145633,0.26065752
PTEN,-0.17430459,0.07897985,1.0,0.03010705,0.081587456,0.43544596,0.3348595,-0.316193,0.37707266,0.7049015,0.6263864,0.79395646,0.56670195,0.73500717,0.71608126,0.7161375,-0.10151698,0.6102084,0.21766983,-0.29991165,-0.13473476,0.058555365,0.01950617,0.4344026,-0.24981403,0.3855837,0.1777095,0.057976045,0.22679603,0.14458582,0.41916183,-0.13145228,-0.20674224,0.07782706,0.4662522,0.3508945,0.2050558,0.28226066,0.050158024,0.84535456,0.78282756,0.7113467,0.8149951,0.629162
SLC25A39,0.38038835,-0.09076619,0.030107051,1.0,0.2952329,-0.02757155,0.3201121,0.006571218,-0.11169291,-0.2219173,-0.2299733,-0.16559331,-0.20735049,-0.24081247,0.016108738,0.10305213,-1.7993017e-07,-0.17315465,0.6214709,0.21288456,0.3605149,-0.02958482,0.54307705,0.57558984,0.27289867,0.12142177,0.5473834,0.8377788,0.34580725,0.56570256,0.3752225,0.35197568,0.28611514,0.5258479,0.28320146,0.41725442,0.48248282,0.57216406,0.42494926,0.13543314,-0.06259331,0.20290115,0.07935388,0.27822703
AREG,0.14520445,-0.059672635,0.081587456,0.2952329,1.0,-0.030069312,-0.14690089,-0.29824838,0.36487272,0.23960452,0.20204815,0.15852934,0.20058738,0.22357413,0.37033063,0.5272834,0.07570999,0.13801873,0.48479724,0.030957298,-0.15447016,-0.1254869,0.10910937,0.26520318,0.05022905,0.26069364,0.11944779,0.14548384,0.45233208,0.33161727,0.04710141,0.10935493,-0.08664419,0.28282207,0.14313045,0.45957115,0.2273015,0.21434292,0.06453476,0.34805626,0.44215798,0.36006162,0.40045533,0.38618279
KDM5B,0.5632369,0.725639,0.43544593,-0.02757155,-0.030069314,1.0,0.4638068,0.33529875,0.32077903,0.07166809,0.34865558,0.026610155,-0.2195085,0.106105246,0.07593588,0.123544365,0.47806904,0.23986988,0.58072627,0.5375769,0.50050753,0.6228198,0.4133828,0.7065123,0.4753909,0.7999517,0.68223614,0.39796218,0.40676934,0.51693887,0.63646203,0.52084404,0.604911,0.57945937,0.85435885,0.52661604,0.63722503,0.67043364,0.7025191,0.61991966,0.24892211,0.6949138,0.4461774,0.6719781
NOTCH3,0.33159757,0.3449502,0.33485946,0.32011214,-0.14690089,0.46380678,1.0,0.5100703,-0.086498186,-0.009687886,-0.07473727,0.039072286,-0.15225932,-0.0059400983,0.047138773,0.064792626,0.38218883,-0.01917635,0.474805,0.18557772,0.55660194,0.21537748,0.30599535,0.5118226,0.53318584,0.34940502,0.35576892,0.44872448,0.21619828,0.24674198,0.4649891,0.27462846,0.3695688,0.17351672,0.45972782,0.10600711,0.4941211,0.41710702,0.50786567,0.30176774,-0.021738281,0.33347422,0.0873775,0.24884081
LY6D,0.29869688,0.38635406,-0.31619298,0.006571218,-0.29824835,0.33529875,0.5100703,1.0,-0.34567687,-0.5508332,-0.50743055,-0.49225605,-0.56823254,-0.5244372,-0.4873776,-0.45504725,0.5583875,-0.332198,0.185355,0.352678,0.59511405,0.49977714,0.34488147,0.13384786,0.75902313,0.17256539,0.28566897,0.29671404,0.07093268,0.2015533,0.38287303,0.5613325,0.6013766,0.26542926,0.23374979,-0.11819549,0.44834587,0.2877962,0.501593,-0.264636,-0.4948317,-0.14700253,-0.4201774,-0.056242183
CLDN4,-0.007903015,0.16941066,0.37707266,-0.11169292,0.36487272,0.32077906,-0.086498186,-0.34567687,1.0,0.55880684,0.7173761,0.30161527,0.1274819,0.47665805,0.59770554,0.6669191,0.28845295,0.8857475,0.14533363,-0.042755984,-0.2918855,-0.10326935,0.2632801,0.2922211,-0.06580862,0.67089707,0.2435797,0.07676213,0.69706774,0.44316494,0.13450004,0.15346736,-0.17529242,0.23035587,0.5039468,0.7247174,0.37043902,0.39833134,0.21681331,0.5967425,0.5387893,0.6038716,0.66764075,0.5426444
C15orf48,-0.4547576,-0.29082847,0.7049015,-0.2219173,0.23960452,0.07166809,-0.009687886,-0.5508332,0.55880684,1.0,0.75736564,0.8977439,0.8142831,0.95775473,0.8705256,0.83126265,-0.38704816,0.64505714,-0.08784166,-0.5325358,-0.5405798,0.035371676,-0.32412487,0.045487776,-0.5602256,0.22329819,-0.25288752,-0.3079201,0.21728678,-0.19012532,0.09628698,-0.53627515,-0.608817,-0.28282404,0.09289041,0.21512187,-0.16455764,-0.077376775,-0.37023184,0.7186999,0.8916033,0.58462083,0.8261257,0.39432687
PTGER3,-0.23369372,-0.059565406,0.62638634,-0.22997332,0.20204814,0.34865558,-0.07473727,-0.50743055,0.71737605,0.75736564,1.0,0.58019584,0.58588105,0.8354763,0.55932623,0.57327366,-0.09969287,0.7111295,-0.045871574,-0.36263582,-0.50371504,0.08262053,-0.055872582,0.10445076,-0.42391148,0.35543692,-0.018588895,-0.17393614,0.17169756,-0.013779348,0.022650182,-0.29933158,-0.44028622,-0.07696034,0.32613268,0.36158553,-0.057345208,0.073076576,-0.17367722,0.71781653,0.76593894,0.5754561,0.7918987,0.4120826
ARG1,-0.4255823,-0.33946958,0.79395646,-0.16559331,0.15852934,0.026610153,0.039072286,-0.49225605,0.30161527,0.8977439,0.58019584,1.0,0.8880213,0.89159656,0.87959325,0.7904117,-0.37738356,0.512275,-0.042844635,-0.56525123,-0.53258824,0.017949829,-0.32513863,0.08382216,-0.5570556,0.121962525,-0.25274265,-0.3353566,0.079674065,-0.21389632,0.18167828,-0.51002103,-0.60700166,-0.2430288,-0.029012926,0.10303407,-0.17345884,-0.122707404,-0.4062522,0.6825966,0.8884391,0.5002182,0.75709945,0.39783537
AZGP1,-0.58946025,-0.5744948,0.5667019,-0.20735048,0.20058738,-0.21950848,-0.15225932,-0.5682325,0.1274819,0.8142831,0.58588105,0.88802135,1.0,0.89031756,0.6701437,0.583021,-0.56840146,0.28422025,-0.24140415,-0.7585161,-0.712222,-0.028044848,-0.5367894,-0.2323392,-0.6959417,-0.22008955,-0.5381161,-0.5121849,-0.22817014,-0.50786656,-0.1452312,-0.7612347,-0.81381536,-0.49277502,-0.33212477,-0.17808999,-0.494561,-0.42925066,-0.7067299,0.4465952,0.7864368,0.20480224,0.57301784,0.07501759
LOR,-0.4871623,-0.32363495,0.73500717,-0.24081248,0.22357413,0.106105246,-0.0059400983,-0.5244372,0.47665802,0.95775473,0.8354763,0.89159656,0.8903176,1.0,0.77898896,0.74322116,-0.38855794,0.58326054,-0.11652026,-0.6210143,-0.5943484,0.083054215,-0.34792936,-0.011248262,-0.57573205,0.13664234,-0.29871124,-0.34911516,0.062002696,-0.27328637,0.041271795,-0.5845643,-0.659593,-0.3246228,0.059319213,0.12154469,-0.23667102,-0.14330484,-0.44072285,0.7135759,0.9063884,0.5234166,0.81259704,0.3383843
SERPINB2,-0.2273956,-0.26150057,0.7160812,0.016108738,0.37033063,0.07593588,0.047138773,-0.48737764,0.59770554,0.8705256,0.55932623,0.8795933,0.6701437,0.77898896,1.0,0.96475655,-0.18250254,0.6906969,0.1931406,-0.36979336,-0.45510304,-0.07259697,-0.0438359,0.31875566,-0.37985992,0.39888063,-0.0124439215,-0.06770512,0.5136717,0.15110563,0.3108107,-0.2470488,-0.48022774,0.02209324,0.17628153,0.47667813,0.1428699,0.18616815,-0.14328392,0.7584231,0.87534,0.65498346,0.8339651,0.6076611
ACER1,-0.19584231,-0.19233258,0.71613747,0.10305213,0.5272834,0.12354436,0.06479263,-0.45504725,0.6669191,0.8312627,0.57327366,0.7904118,0.583021,0.7432212,0.9647566,1.0,-0.11913095,0.72226,0.2818403,-0.32069036,-0.38136828,-0.094778344,0.05722803,0.38477117,-0.29256517,0.45920756,0.08336982,0.05372776,0.6157484,0.2732272,0.3470496,-0.13517956,-0.39272478,0.119801454,0.3084618,0.583419,0.25294334,0.30158734,-0.037536893,0.7963674,0.8714926,0.71984315,0.86818904,0.6786662
AHNAK2,0.5276804,0.6610377,-0.10151698,-1.7993017e-07,0.07571,0.47806904,0.38218883,0.5583875,0.28845295,-0.38704813,-0.09969287,-0.37738356,-0.56840146,-0.38855794,-0.18250254,-0.11913095,1.0,0.21742243,0.36554357,0.47988772,0.38698804,0.07182311,0.5871369,0.3641207,0.7443101,0.60838526,0.52152956,0.28073335,0.41974473,0.5989391,0.27602953,0.80204177,0.52976155,0.5254905,0.47386515,0.38426343,0.6837046,0.4820514,0.705772,0.033425055,-0.23211302,0.14195704,-0.10890329,0.24894911
CXADR,-0.25483283,0.060806904,0.6102084,-0.17315465,0.13801874,0.2398699,-0.01917635,-0.33219796,0.88574755,0.6450571,0.7111294,0.51227504,0.28422025,0.5832605,0.6906969,0.72225994,0.21742243,1.0,-0.06085898,-0.287086,-0.39879593,-0.19099775,0.22630082,0.1992524,-0.2269231,0.53942674,0.1551827,-0.028388228,0.5404126,0.32523498,0.2017439,0.0668075,-0.30973753,0.11253905,0.4368339,0.58008885,0.2840421,0.30483925,0.08919122,0.6261666,0.61202335,0.570188,0.7038739,0.52398694
ID4,0.76633424,0.40554816,0.21766983,0.6214709,0.48479724,0.5807263,0.474805,0.185355,0.14533363,-0.08784165,-0.04587158,-0.04284463,-0.24140415,-0.11652027,0.19314061,0.2818403,0.3655436,-0.060858984,1.0,0.59448546,0.5482304,0.3255249,0.5427674,0.9096965,0.58024853,0.6611302,0.74212265,0.7416496,0.6417885,0.7476416,0.6281622,0.5768357,0.5657197,0.75736773,0.6347108,0.67675817,0.77362174,0.7857809,0.72604513,0.49452993,0.18447961,0.5964857,0.33417636,0.68294764
GPR157,0.9102722,0.65603787,-0.29991162,0.21288456,0.0309573,0.5375769,0.1855777,0.35267803,-0.042755987,-0.5325358,-0.36263582,-0.56525123,-0.75851613,-0.6210143,-0.36979336,-0.32069033,0.47988772,-0.287086,0.5944854,1.0,0.70447195,0.2973599,0.53199404,0.58566916,0.58023614,0.5188525,0.7306594,0.5229657,0.35099125,0.5979467,0.42890033,0.7258408,0.90013796,0.7163526,0.50082946,0.41382405,0.54675305,0.5681017,0.7705292,-0.009629441,-0.37579054,0.23928715,-0.18044661,0.33687532
ENAH,0.5872451,0.7390667,-0.13473475,0.36051494,-0.15447018,0.50050753,0.55660194,0.59511405,-0.2918855,-0.54057986,-0.50371504,-0.53258824,-0.71222204,-0.5943484,-0.45510307,-0.3813683,0.38698804,-0.39879593,0.5482304,0.7044719,1.0,0.36117443,0.30745485,0.51075155,0.80573076,0.326464,0.5791875,0.6054885,0.19134901,0.44476497,0.3718502,0.6160112,0.882906,0.45287097,0.5232195,0.13002329,0.5938924,0.5241558,0.786734,-0.0970665,-0.5007991,0.10233328,-0.29634744,0.11142106
CAPNS2,0.27550504,0.29035065,0.058555365,-0.029584818,-0.1254869,0.6228198,0.2153775,0.49977714,-0.10326935,0.035371676,0.08262053,0.017949827,-0.02804485,0.083054215,-0.07259697,-0.094778344,0.07182311,-0.19099775,0.3255249,0.2973599,0.36117443,1.0,0.10350897,0.33156192,0.3401571,0.39369914,0.33532158,0.21647823,0.098515764,0.12547013,0.5513065,0.22104126,0.4174507,0.32949123,0.38579088,0.11331259,0.29995131,0.3391738,0.32142428,0.29765955,0.15111381,0.36175284,0.22260216,0.31985125
RHOV,0.63372326,0.2381637,0.019506171,0.54307705,0.10910937,0.4133828,0.30599535,0.34488147,0.26328012,-0.32412484,-0.055872582,-0.32513863,-0.5367894,-0.3479294,-0.043835904,0.057228032,0.5871369,0.22630084,0.5427674,0.53199404,0.30745485,0.10350898,1.0,0.67780685,0.420332,0.5831458,0.86650157,0.79152507,0.6049168,0.8548108,0.6806823,0.8209419,0.5690668,0.8619822,0.64047194,0.71369284,0.760107,0.8286904,0.7398721,0.26712915,-0.07471911,0.40880328,0.15542354,0.58708435
SLPI,0.72225547,0.44176394,0.4344026,0.5755898,0.26520315,0.7065123,0.5118226,0.13384786,0.29222113,0.04548778,0.10445076,0.08382216,-0.2323392,-0.011248262,0.31875566,0.38477117,0.3641207,0.1992524,0.9096965,0.5856691,0.5107515,0.33156192,0.67780685,1.0,0.44991592,0.7940034,0.8792454,0.79131484,0.71210843,0.83238655,0.806943,0.6219084,0.58286786,0.8302469,0.80985796,0.80509907,0.83602685,0.9107314,0.79422235,0.6656514,0.28852564,0.7747415,0.5051637,0.84918827
AQP3,0.57132137,0.7055261,-0.24981403,0.27289864,0.050229054,0.4753909,0.53318584,0.75902313,-0.06580862,-0.5602256,-0.42391148,-0.5570556,-0.69594175,-0.575732,-0.37985992,-0.29256514,0.74431,-0.22692308,0.58024853,0.58023614,0.8057307,0.3401571,0.42033204,0.44991595,1.0,0.46062252,0.52149016,0.52930474,0.37796536,0.55399764,0.30774423,0.7574544,0.7386914,0.49306348,0.47268924,0.23389816,0.74484986,0.54638046,0.80145943,-0.1229685,-0.45432767,0.03169574,-0.29947203,0.11191163
IFI6,0.56424326,0.6102231,0.38558373,0.12142178,0.26069364,0.7999517,0.34940502,0.17256539,0.67089707,0.22329819,0.35543692,0.121962525,-0.22008955,0.13664234,0.39888063,0.45920756,0.60838526,0.53942674,0.6611302,0.5188525,0.32646397,0.39369914,0.5831458,0.7940034,0.46062252,1.0,0.7520009,0.4743284,0.81377846,0.78188974,0.6809935,0.64486015,0.47940663,0.7204381,0.8518426,0.848065,0.8236074,0.8146154,0.7632425,0.6929606,0.37850198,0.8155813,0.58866805,0.8287569
KRT16,0.7685423,0.54420614,0.17770952,0.5473834,0.1194478,0.6822362,0.35576895,0.28566897,0.24357972,-0.25288752,-0.018588893,-0.25274262,-0.5381161,-0.2987112,-0.0124439215,0.08336982,0.52152956,0.1551827,0.7421226,0.7306594,0.5791875,0.33532155,0.86650157,0.87924534,0.5214902,0.7520009,1.0,0.8439509,0.62381756,0.9111233,0.7776362,0.84768736,0.77533305,0.9524693,0.83825743,0.7788142,0.8532977,0.9373651,0.90224886,0.43123704,0.008613698,0.6087539,0.28238273,0.72522616
KRT2,0.6062689,0.26156467,0.05797604,0.8377788,0.14548384,0.3979622,0.44872448,0.29671404,0.076762125,-0.3079201,-0.17393614,-0.3353566,-0.512185,-0.34911516,-0.06770512,0.05372776,0.28073335,-0.02838823,0.7416497,0.5229657,0.60548854,0.21647821,0.79152507,0.79131484,0.5293048,0.4743284,0.8439509,1.0,0.5880739,0.8117271,0.6440196,0.67186165,0.6307183,0.7758356,0.6728796,0.64466155,0.7826734,0.8789208,0.77786595,0.26003546,-0.13011003,0.40956092,0.13532606,0.51216733
CLDN1,0.39791808,0.26060694,0.22679603,0.34580725,0.45233208,0.40676937,0.21619828,0.07093268,0.69706774,0.21728678,0.17169757,0.079674065,-0.22817014,0.0620027,0.5136717,0.6157484,0.41974473,0.5404126,0.6417885,0.35099125,0.191349,0.098515764,0.6049168,0.71210843,0.37796533,0.81377846,0.62381756,0.5880739,1.0,0.8238638,0.5851767,0.56356776,0.28633896,0.6527542,0.66703856,0.901339,0.8091161,0.8058259,0.6321839,0.53909737,0.31436098,0.6673802,0.50796986,0.7487711
DSC1,0.65323293,0.4711297,0.14458582,0.5657026,0.33161727,0.51693887,0.24674198,0.2015533,0.44316497,-0.19012532,-0.013779348,-0.21389632,-0.50786656,-0.27328634,0.15110561,0.2732272,0.5989391,0.32523498,0.7476416,0.5979467,0.44476497,0.12547013,0.8548108,0.83238655,0.55399764,0.78188974,0.91112334,0.8117271,0.8238638,1.0,0.66097844,0.8641998,0.6105698,0.9233903,0.77310795,0.89114875,0.9274009,0.9410597,0.8664792,0.40265006,0.056019146,0.5631818,0.3067828,0.7215333
KRTDAP,0.487806,0.24527793,0.41916183,0.3752225,0.04710141,0.63646203,0.46498907,0.38287303,0.13450004,0.09628698,0.022650184,0.1816783,-0.1452312,0.041271795,0.3108107,0.3470496,0.27602956,0.2017439,0.6281622,0.42890033,0.3718502,0.5513064,0.6806823,0.806943,0.30774423,0.6809935,0.7776361,0.64401954,0.5851767,0.6609785,1.0,0.57914853,0.53425735,0.75923467,0.70668596,0.6240728,0.717531,0.8051874,0.6382037,0.6209425,0.32427412,0.73190403,0.49280438,0.8281186
CRABP2,0.6932412,0.6469345,-0.13145228,0.35197568,0.10935492,0.52084404,0.27462846,0.5613325,0.15346736,-0.53627515,-0.29933155,-0.51002103,-0.7612347,-0.5845643,-0.24704881,-0.13517956,0.80204177,0.0668075,0.5768357,0.7258408,0.6160112,0.22104125,0.820942,0.6219084,0.7574544,0.64486015,0.84768736,0.6718616,0.5635678,0.86419976,0.5791486,1.0,0.8180627,0.8656792,0.6585128,0.5928637,0.859797,0.7843499,0.9069127,0.07042376,-0.2921559,0.27110222,-0.07042684,0.4575419
S100A14,0.77412534,0.7480928,-0.20674223,0.2861151,-0.08664419,0.604911,0.3695688,0.6013766,-0.17529242,-0.608817,-0.44028622,-0.6070017,-0.81381536,-0.65959305,-0.48022774,-0.39272478,0.52976155,-0.30973753,0.56571966,0.90013796,0.882906,0.4174507,0.5690668,0.58286786,0.73869145,0.47940663,0.77533305,0.6307183,0.28633896,0.6105698,0.5342573,0.8180627,1.0,0.7141151,0.6165058,0.32210547,0.6551686,0.6417844,0.8668951,-0.029021977,-0.44894138,0.21429807,-0.22308174,0.3031313
SERPINB5,0.7702241,0.4389388,0.07782706,0.5258479,0.28282207,0.57945937,0.17351672,0.2654293,0.23035587,-0.28282404,-0.07696034,-0.24302879,-0.492775,-0.3246228,0.022093238,0.119801454,0.5254905,0.112539046,0.75736773,0.7163525,0.452871,0.32949123,0.8619822,0.8302469,0.49306345,0.7204381,0.9524693,0.7758356,0.6527542,0.9233903,0.7592347,0.86567926,0.71411514,1.0,0.7181516,0.7971459,0.8280484,0.89195037,0.82415944,0.38338256,0.050056845,0.55272585,0.26842383,0.73717475
MAL2,0.49439338,0.6579368,0.4662522,0.28320146,0.14313045,0.8543588,0.45972785,0.23374978,0.5039468,0.09289041,0.32613266,-0.029012924,-0.33212477,0.059319217,0.17628153,0.30846182,0.47386515,0.4368339,0.6347108,0.50082946,0.5232195,0.3857909,0.64047194,0.8098579,0.47268924,0.8518426,0.8382575,0.6728796,0.6670386,0.773108,0.70668596,0.6585128,0.6165058,0.7181516,1.0,0.76993793,0.81902796,0.88558006,0.82917565,0.6620884,0.24744207,0.7889084,0.5299167,0.7783663
TACSTD2,0.5007089,0.29224104,0.3508945,0.41725442,0.45957112,0.52661604,0.10600711,-0.11819548,0.72471744,0.21512185,0.36158553,0.10303407,-0.17808998,0.12154469,0.47667816,0.58341897,0.38426343,0.58008885,0.67675817,0.41382405,0.13002327,0.11331259,0.7136928,0.80509907,0.23389816,0.84806496,0.7788142,0.6446616,0.901339,0.89114875,0.62407273,0.5928637,0.3221055,0.79714584,0.7699379,1.0,0.7757508,0.86641777,0.65020883,0.67344856,0.4187031,0.77895445,0.6404659,0.8658763
LYPD3,0.6012303,0.58704793,0.20505579,0.48248282,0.2273015,0.637225,0.4941211,0.44834587,0.370439,-0.16455762,-0.05734521,-0.17345884,-0.49456096,-0.236671,0.1428699,0.25294334,0.68370456,0.2840421,0.77362174,0.546753,0.59389234,0.29995131,0.760107,0.8360269,0.74484986,0.8236073,0.8532977,0.7826735,0.8091161,0.9274009,0.717531,0.859797,0.65516853,0.8280484,0.819028,0.7757508,1.0,0.93765736,0.9227746,0.41549718,0.035241712,0.56416035,0.27652085,0.6816621
PERP,0.62877774,0.46524677,0.28226066,0.57216406,0.21434292,0.67043364,0.41710702,0.2877962,0.39833134,-0.077376775,0.073076576,-0.122707404,-0.42925063,-0.14330482,0.18616813,0.30158734,0.48205137,0.30483925,0.78578085,0.5681017,0.5241558,0.3391738,0.82869047,0.9107314,0.54638046,0.8146154,0.9373651,0.8789208,0.8058259,0.9410597,0.80518734,0.7843499,0.6417844,0.89195037,0.88558006,0.8664178,0.93765736,1.0,0.88115543,0.5409217,0.14047977,0.690937,0.4172318,0.79498065
DSP,0.75030017,0.76698107,0.050158024,0.4249493,0.06453476,0.7025191,0.50786567,0.50159305,0.21681331,-0.37023184,-0.17367722,-0.40625224,-0.7067299,-0.44072282,-0.14328392,-0.037536897,0.705772,0.08919122,0.72604513,0.7705292,0.786734,0.32142428,0.7398721,0.79422235,0.80145943,0.7632425,0.90224886,0.77786595,0.6321839,0.8664792,0.6382037,0.9069127,0.86689514,0.8241594,0.82917565,0.65020883,0.92277455,0.8811554,1.0,0.25603884,-0.20236617,0.46165594,0.07399727,0.5451218
IFI27,0.1451417,0.12979132,0.8453545,0.13543314,0.34805626,0.61991966,0.30176774,-0.264636,0.5967425,0.71869993,0.7178165,0.6825966,0.44659522,0.7135759,0.7584231,0.79636747,0.033425055,0.6261666,0.49452993,-0.0096294405,-0.09706651,0.29765955,0.26712915,0.6656514,-0.1229685,0.6929606,0.43123704,0.26003546,0.53909737,0.40265006,0.6209425,0.07042376,-0.029021975,0.3833826,0.6620884,0.67344856,0.41549718,0.5409217,0.25603887,1.0,0.8706774,0.95267075,0.96287805,0.8768729
SBSN,-0.21548375,-0.22212362,0.78282756,-0.06259331,0.442158,0.24892211,-0.021738281,-0.4948317,0.5387893,0.89160323,0.76593894,0.8884391,0.7864368,0.90638846,0.87534004,0.8714926,-0.23211302,0.61202335,0.18447961,-0.3757905,-0.5007991,0.15111381,-0.07471911,0.28852564,-0.45432767,0.37850198,0.008613698,-0.13011004,0.31436098,0.056019146,0.32427412,-0.2921559,-0.4489414,0.050056845,0.24744205,0.4187031,0.035241712,0.14047976,-0.20236619,0.8706775,1.0,0.7337258,0.94171655,0.6485094
KRT1,0.32322946,0.28461194,0.7113467,0.20290114,0.36006162,0.6949138,0.3334742,-0.14700253,0.6038716,0.58462083,0.5754561,0.5002182,0.20480224,0.52341664,0.65498346,0.7198431,0.14195704,0.570188,0.5964856,0.23928715,0.10233328,0.36175284,0.4088033,0.77474153,0.03169574,0.8155813,0.6087539,0.40956092,0.6673803,0.5631818,0.73190403,0.27110222,0.21429808,0.55272585,0.7889084,0.77895445,0.5641603,0.690937,0.46165594,0.95267075,0.7337258,1.0,0.8901695,0.93393195
DMKN,-0.050020117,-0.033145633,0.8149951,0.07935388,0.40045533,0.4461774,0.0873775,-0.4201774,0.66764075,0.8261257,0.7918987,0.7570995,0.5730178,0.81259704,0.8339651,0.86818904,-0.10890328,0.7038739,0.33417636,-0.18044661,-0.29634744,0.22260216,0.15542354,0.5051637,-0.29947203,0.5886681,0.28238276,0.13532604,0.50796986,0.3067828,0.49280438,-0.070426844,-0.22308174,0.26842383,0.5299167,0.6404659,0.27652085,0.4172318,0.07399727,0.96287805,0.9417165,0.89016944,1.0,0.80444163
TMEM45A,0.44071776,0.26065752,0.6291621,0.27822706,0.38618279,0.6719782,0.24884081,-0.056242183,0.5426444,0.39432687,0.4120826,0.39783537,0.07501759,0.3383843,0.6076612,0.6786662,0.24894911,0.5239869,0.6829476,0.33687532,0.11142106,0.31985125,0.58708435,0.84918827,0.11191163,0.828757,0.72522616,0.51216733,0.7487711,0.72153324,0.8281187,0.45754194,0.30313134,0.73717475,0.7783664,0.8658763,0.681662,0.7949807,0.5451218,0.8768729,0.64850944,0.9339319,0.80444163,1.0
