gene,module,module_size,module_mean_abs_r,kept,highlight,jaccard_ref,in_reference,plot_order
AHNAK2,0,27,0.5859090089797974,True,True,0.7586206896551724,True,0
AQP3,0,27,0.5859090089797974,True,True,0.7586206896551724,False,1
CAPNS2,0,27,0.5859090089797974,True,True,0.7586206896551724,True,2
CLDN1,0,27,0.5859090089797974,True,True,0.7586206896551724,True,3
CRABP2,0,27,0.5859090089797974,True,True,0.7586206896551724,True,4
DSC1,0,27,0.5859090089797974,True,True,0.7586206896551724,True,5
DSP,0,27,0.5859090089797974,True,True,0.7586206896551724,True,6
ENAH,0,27,0.5859090089797974,True,True,0.7586206896551724,True,7
GPR157,0,27,0.5859090089797974,True,True,0.7586206896551724,True,8
ID4,0,27,0.5859090089797974,True,True,0.7586206896551724,False,9
IFI6,0,27,0.5859090089797974,True,True,0.7586206896551724,False,10
KDM5B,0,27,0.5859090089797974,True,True,0.7586206896551724,True,11
KRT16,0,27,0.5859090089797974,True,True,0.7586206896551724,True,12
KRT2,0,27,0.5859090089797974,True,True,0.7586206896551724,True,13
KRTDAP,0,27,0.5859090089797974,True,True,0.7586206896551724,True,14
LYPD3,0,27,0.5859090089797974,True,True,0.7586206896551724,True,15
MAL2,0,27,0.5859090089797974,True,True,0.7586206896551724,True,16
NOTCH3,0,27,0.5859090089797974,True,True,0.7586206896551724,True,17
PERP,0,27,0.5859090089797974,True,True,0.7586206896551724,True,18
RHOV,0,27,0.5859090089797974,True,True,0.7586206896551724,True,19
S100A14,0,27,0.5859090089797974,True,True,0.7586206896551724,True,20
SERPINB5,0,27,0.5859090089797974,True,True,0.7586206896551724,True,21
SLC25A39,0,27,0.5859090089797974,True,True,0.7586206896551724,False,22
SLPI,0,27,0.5859090089797974,True,True,0.7586206896551724,True,23
TACSTD2,0,27,0.5859090089797974,True,True,0.7586206896551724,False,24
TUBB2B,0,27,0.5859090089797974,True,True,0.7586206896551724,True,25
VEGFA,0,27,0.5859090089797974,True,True,0.7586206896551724,True,26
ACER1,1,17,0.6081627011299133,True,False,0.025,False,27
AREG,1,17,0.6081627011299133,True,False,0.025,False,28
ARG1,1,17,0.6081627011299133,True,False,0.025,False,29
AZGP1,1,17,0.6081627011299133,True,False,0.025,False,30
C15orf48,1,17,0.6081627011299133,True,False,0.025,False,31
CLDN4,1,17,0.6081627011299133,True,False,0.025,False,32
CXADR,1,17,0.6081627011299133,True,False,0.025,False,33
DMKN,1,17,0.6081627011299133,True,False,0.025,False,34
IFI27,1,17,0.6081627011299133,True,False,0.025,False,35
KRT1,1,17,0.6081627011299133,True,False,0.025,False,36
LOR,1,17,0.6081627011299133,True,False,0.025,False,37
LY6D,1,17,0.6081627011299133,True,False,0.025,True,38
PTEN,1,17,0.6081627011299133,True,False,0.025,False,39
PTGER3,1,17,0.6081627011299133,True,False,0.025,False,40
SBSN,1,17,0.6081627011299133,True,False,0.025,False,41
SERPINB2,1,17,0.6081627011299133,True,False,0.025,False,42
TMEM45A,1,17,0.6081627011299133,True,False,0.025,False,43
