,MALL,MEST,SMYD2,ANGPT2,SH2D3C,MYC,EDN1,CAV1,PDPN,BAMBI,PMP22,CFB,MET,RAMP2,RAPGEF3,MMRN2,TM4SF18,CAVIN1,GNG11,CD93,NPDC1,BTNL9,ADGRL4,CLEC14A,CD34,VWF,STC2,RBP5,BMX,ACKR1,TNFRSF9,THY1,EDNRB,TNC,FBN1,MMRN1,SERPINB9,RGS16,ERG,APOLD1,ECSCR,LYVE1,MARCO,LTBP2,PECAM1,EGFL7,CAVIN2,TFPI,CXCL2,PROX1
MALL,1.0,0.28093013,-0.051770948,-0.020064294,-0.037285097,0.09502257,-0.021187177,-0.0093421405,-0.026254654,-0.0132584805,4.324296e-15,-0.02006408,0.16434346,-0.025250116,-0.009342191,-0.033675935,-0.016295418,0.37699738,0.22867483,0.6656256,-0.0125693,-0.02118721,-0.030416694,-0.01629538,-0.024091454,0.3884315,-0.009342122,-0.027177118,-2.860232e-14,-0.025931902,-0.03697722,0.1820293,-0.025931792,0.08435941,-0.017888663,-0.01888299,-0.00867976,0.7263588,0.6275619,0.20622073,-0.017688293,-0.01888293,0.38843134,0.42222485,0.27352792,-0.014147172,0.08507779,-0.025460012,-0.01614363,0.20622069
MEST,0.28093013,1.0,0.079192705,-0.04603751,0.059535503,0.054225024,-0.04861415,-0.021435568,-0.060241792,-0.03042137,4.1230647e-12,-0.046037532,-0.05344549,-0.05793653,0.3239152,-0.077269815,0.16340739,0.09220524,0.031304803,0.13118504,-0.028840741,-0.04861417,-0.069791675,0.1634074,-0.05527812,0.108031355,-0.02143563,-0.062358428,6.756312e-14,0.04701313,-0.084844664,0.0880796,-0.059501067,0.19356342,-0.041046016,-0.043327183,0.10040956,0.2484306,0.21463981,0.03336491,0.03206824,0.13118502,0.10803132,0.11276082,0.03467646,-0.03246126,0.0072588553,-0.05841862,-0.03704216,0.033364847
SMYD2,-0.051770948,0.079192705,1.0,-0.01377344,-0.03233049,0.06691941,-4.3903846e-08,-0.038478248,0.23944819,-0.054608393,-8.285876e-13,0.1928276,-0.015989712,0.11885712,-0.03847822,-0.08091094,-0.06711731,0.017221171,0.098950736,0.019443719,0.2933692,0.087265566,0.06745878,-0.067117296,-0.09922785,0.08726552,0.15391305,0.3616444,5.0508788e-14,0.13054341,0.06527208,0.22951244,0.13054347,0.016119184,0.17192085,0.019443726,0.26812822,-0.063205354,0.21843356,0.24501337,0.37237123,0.21388166,-7.559446e-09,0.03815115,0.3382455,0.2913504,0.34343648,0.32114977,0.39526466,0.39202148
ANGPT2,-0.020064292,-0.04603751,-0.01377344,1.0,-0.059517078,0.12319191,-0.033820402,-0.014912526,0.2474661,0.49029619,-2.4398931e-12,-0.032027934,-0.037181552,0.3771482,-0.014912524,0.16276082,-0.026011769,0.19855681,-0.04687111,-0.030142333,-0.020064328,-0.03382037,-0.048553403,-0.026011713,-0.03845645,-0.033820435,-0.01491254,0.11791045,3.113069e-13,0.18090844,-0.05902559,0.03261463,-0.04139436,0.33595645,-0.028555432,-0.030142255,0.18704696,0.27149388,-0.021163993,-0.037982743,-0.028235668,-0.0301423,-0.03382038,0.048669692,0.015874004,-0.022583067,-0.021101536,0.08212912,-0.025769982,-0.037982833
SH2D3C,-0.037285097,0.0595355,-0.03233049,-0.059517078,1.0,0.036664996,-0.06284804,-0.027711766,0.09193366,-0.03932856,-1.2609335e-12,-0.059517037,0.1945539,-0.074900046,-0.027711771,0.09069316,0.07462612,0.108685546,0.15461285,0.050853997,0.057562955,-0.062848024,-0.09022622,0.19758956,0.064880945,0.12900394,-0.02771182,-0.033291094,-1.3521587e-13,0.18398431,0.04975752,0.0017398975,-0.011695853,-0.035234235,-0.053064074,0.050853997,0.111797035,-0.045520045,-0.039328564,-0.016716972,0.036514055,0.05085398,0.03307794,0.08170548,0.02223666,0.022087207,-0.01619304,-0.0034780803,-0.027584545,0.037148807
MYC,0.09502257,0.054225028,0.06691941,0.12319191,0.036664996,1.0,-0.068466745,0.097154364,0.22510852,0.19435854,1.3036096e-13,0.23714948,-0.022353237,-0.013987947,0.01756464,0.2067665,0.03063775,0.06890784,0.05520682,-0.0047152946,0.2734975,0.0037345092,0.23658928,0.123189546,-0.031671703,0.148137,-0.062025163,0.26482245,-3.8474832e-14,0.073303305,-0.050487015,0.27174282,0.19603999,0.034031305,0.21143726,-0.04493348,0.38420776,0.061536185,0.3073124,0.22718358,0.2509295,0.035502896,-0.032366067,0.3043598,0.27646276,0.26765493,0.3627159,0.29188928,0.3130671,0.26772714
EDN1,-0.021187179,-0.04861415,-4.3903846e-08,-0.033820402,-0.06284804,-0.068466745,1.0,-0.01574713,-0.044255182,-0.02234837,-1.4176906e-12,-0.033820372,-0.03926245,0.13376535,-0.015747115,-0.05676445,-0.027467601,-0.045810178,0.080990694,-0.031829268,-0.021187164,-0.035713192,-0.051270794,-0.027467577,-0.04060875,-0.035713185,-0.01574712,-0.045810163,3.4790018e-13,-0.043711055,-0.062329106,-0.056356452,0.097135685,-0.07036542,-0.03015355,-0.031829286,-0.0570601,-0.025866648,-0.022348352,-0.040108453,-0.029815823,-0.031829268,-0.03571322,-0.04293646,-0.06164292,-0.023846881,-0.022282405,-0.04291584,-0.027212156,-0.04010848
CAV1,-0.0093421405,-0.021435566,-0.038478248,-0.014912525,-0.027711766,0.097154364,-0.01574713,1.0,-0.019513514,-0.009854095,9.776041e-13,-0.014912485,-0.017312098,-0.018766874,-0.00694343,-0.025029326,-0.0121113425,-0.02019921,-0.021823678,-0.0140345935,-0.009342083,-0.015747137,-0.022606943,-0.0121113565,-0.017905727,-0.015747137,-0.006943435,-0.020199176,-1.0254941e-12,-0.019273618,-0.027482932,-0.0248494,-0.019273596,-0.031026416,-0.013295643,-0.014034597,-0.05322232,-0.011405469,-0.009854107,-0.017685095,-0.013146736,-0.01403458,-0.015747158,-0.018932115,-0.027180357,-0.010514831,-0.0098250015,-0.01892297,-0.011998686,-0.017685108
PDPN,-0.026254654,-0.060241796,0.23944817,0.2474661,0.09193366,0.22510852,-0.044255186,-0.019513514,1.0,0.11571987,1.3888124e-12,0.39215422,-0.048653323,0.103330724,-0.019513492,-0.00963007,-0.03403735,0.3954984,0.054163706,-0.039442327,0.51759374,0.047416322,0.1895542,-0.034037292,-0.050321665,0.23075913,-0.019513564,0.48595157,-1.5315298e-13,0.38217053,0.34178725,0.36414433,0.31983685,0.13857861,0.34963605,0.06268495,0.42784032,0.05094211,0.40254718,0.41358894,0.51579505,-0.039442293,0.32243052,0.09708384,0.54820424,0.70499367,0.56634843,0.53204274,0.606573,0.6194959
BAMBI,-0.0132584805,-0.03042137,-0.054608393,0.4902962,-0.03932856,0.19435854,-0.022348372,-0.009854095,0.11571988,1.0,-5.77509e-13,-0.021163862,-0.02456932,0.2492177,-0.009854138,-0.0355217,-0.017188469,0.13120532,-0.030972183,-0.019918002,-0.013258282,-0.022348348,0.14684524,-0.017188353,-0.025411848,-0.022348316,-0.009854161,-0.028666757,-2.0343524e-13,-0.027353194,-0.03900385,-0.035266344,-0.027353177,0.15549059,-0.018869257,-0.019917859,0.22316632,0.27719617,-0.013985033,-0.025098762,-0.018657928,-0.019917883,-0.022348406,-0.026868468,0.01048951,-0.0149227,-0.013943723,-0.026855556,-0.017028613,-0.025098827
PMP22,4.324296e-15,4.123065e-12,-8.2858763e-13,-2.4398931e-12,-1.2609335e-12,1.3036096e-13,-1.4176905e-12,9.776041e-13,1.3888122e-12,-5.77509e-13,1.0,-5.9769323e-13,-5.3511454e-13,1.0810313e-13,2.4170645e-13,-3.6908623e-12,5.7956857e-13,-2.0927784e-12,5.563177e-13,-5.8923444e-13,-1.4758621e-12,2.7970918e-12,-1.1041453e-12,2.6865734e-12,4.5752894e-12,-3.487587e-12,4.8609684e-12,-5.182018e-13,5.1804085e-09,1.719247e-12,3.205761e-13,1.2825251e-12,-4.702514e-12,-1.8169795e-13,-1.3155731e-12,2.3317614e-13,-2.1521438e-13,-1.8261905e-12,2.14541e-13,-5.0866484e-15,8.5605037e-13,-2.8078154e-12,1.7225862e-12,-6.6288186e-13,1.7097058e-13,-1.1504747e-13,-1.3401739e-13,1.2236704e-12,-5.709478e-13,7.278924e-13
CFB,-0.02006408,-0.046037532,0.1928276,-0.032027934,-0.059517037,0.23714948,-0.03382037,-0.014912485,0.39215422,-0.021163862,-5.9769323e-13,1.0,-0.03718145,0.098845534,-0.014912426,0.054502532,-0.02601188,-0.0433822,-0.046871085,-0.030142352,0.6264499,-0.03382033,0.13196558,-0.02601172,0.07771402,0.29311,-0.014912546,0.44049606,-2.174643e-13,0.1809084,0.076826945,0.37655154,0.40321124,0.1346602,0.4315031,-0.030142287,0.36283663,-0.024495633,0.4902963,0.5127661,0.5783061,-0.0301423,-0.03382037,0.13800031,0.53562343,0.6323236,0.6849845,0.63459647,0.6661991,0.5127661
MET,0.16434348,-0.05344549,-0.01598971,-0.037181556,0.1945539,-0.022353237,-0.039262455,-0.017312098,-0.048653323,-0.024569318,-5.3511454e-13,-0.037181444,1.0,-0.046791602,-0.017312117,-0.062405806,-0.030197313,-0.05036283,-0.054413106,0.17642061,0.16434342,-0.039262448,0.15320028,-0.030197326,0.09021913,-0.03926237,-0.017312137,-0.05036284,9.672165e-14,-0.048055086,-0.06852345,-0.06195726,0.08098179,-0.07735842,-0.0331502,-0.034992468,0.0130688585,-0.028437281,-0.024569267,-0.044094503,-0.032778945,-0.034992475,-0.03926235,-0.047203507,-0.039036557,-0.02621681,-0.024496838,-0.04718086,-0.029916514,-0.044094466
RAMP2,-0.025250118,-0.057936534,0.11885712,0.3771482,-0.074900046,-0.013987947,0.13376535,-0.018766874,0.103330724,0.2492177,1.0810313e-13,0.09884554,-0.0467916,1.0,-0.018766867,0.04912664,-0.032734808,0.11938884,-0.058985554,-0.037932973,-0.025250083,-0.042561755,0.036258742,-0.032734822,0.07691508,-0.04256172,-0.018766867,0.11938887,-1.5050541e-13,-0.052093253,-0.07428157,0.025586156,-0.052093275,0.024708474,-0.03593584,-0.037932903,0.045770634,0.12881255,-0.026633931,-0.047799774,-0.035533413,-0.037933033,-0.042561747,-0.05117015,-0.04676643,-0.028419808,-0.026555343,0.08128489,-0.032430414,0.05121414
RAPGEF3,-0.00934219,0.3239152,-0.038478218,-0.014912523,-0.027711773,0.01756464,-0.015747115,-0.0069434303,-0.019513492,-0.009854138,2.4170648e-13,-0.0149124265,-0.017312117,-0.018766865,1.0,-0.025029344,-0.012111402,-0.020199249,-0.021823699,-0.014034623,-0.009342018,-0.015747132,-0.022606945,-0.012111398,-0.017905738,-0.01574714,-0.0069434275,-0.020199139,8.390849e-13,-0.019273564,-0.027482921,-0.024849376,-0.019273559,-0.031026457,-0.0132955555,-0.01403454,0.01693443,-0.011405496,-0.00985407,-0.017685037,0.19866262,-0.014034515,-0.015747147,-0.018932119,-0.027180277,-0.010514722,-0.009824902,-0.018922905,-0.011998585,-0.017685039
MMRN2,-0.033675935,-0.077269815,-0.080910936,0.16276084,0.09069316,0.2067665,-0.056764454,-0.025029328,-0.00963007,-0.035521697,-3.690862e-12,0.054502532,-0.062405806,0.04912664,-0.025029343,1.0,-0.043658346,0.06254457,0.0077477135,0.102236144,-0.03367597,0.08041628,0.22149234,-0.04365838,0.13043599,0.08041632,-0.025029315,0.0625445,-2.2771342e-14,0.023802148,-0.09906907,0.1268992,0.023802213,0.057086237,0.048593197,-0.050591096,0.018894577,-0.041113798,-0.03552159,-0.063750446,-0.04739085,0.10223616,0.080416374,0.15665442,0.0058729746,-0.03790346,-0.0024973194,0.08633169,-0.043252375,-0.06375045
TM4SF18,-0.016295418,0.1634074,-0.06711732,-0.026011769,0.07462612,0.030637752,-0.027467601,-0.012111343,-0.03403735,-0.017188469,5.795686e-13,-0.026011882,-0.030197313,-0.032734808,-0.012111402,-0.043658342,1.0,-0.0352333,-0.038066808,-0.024480376,-0.016295396,-0.027467594,-0.03943315,-0.02112574,0.15746532,-0.027467549,-0.0121113425,-0.035233293,4.553102e-14,-0.033618826,-0.04793825,-0.043344617,-0.03361882,-0.05411909,-0.023191549,-0.024480369,-0.09283527,-0.0198945,-0.01718852,-0.03084802,-0.022931842,-0.024480471,-0.027467627,-0.033023138,-0.00720866,-0.018341027,-0.017137771,-0.03300729,-0.020929307,-0.03084805
CAVIN1,0.37699738,0.09220524,0.017221171,0.19855681,0.108685546,0.06890784,-0.04581018,-0.02019921,0.3954984,0.13120532,-2.0927782e-12,-0.0433822,-0.05036283,0.11938885,-0.020199249,0.06254457,-0.0352333,1.0,0.19401419,0.18686733,-0.02717726,-0.04581014,0.2163669,-0.035233267,-0.05208979,0.15857366,-0.020199161,0.09248893,-6.477519e-14,0.22188042,0.38716188,0.4114954,0.013418275,0.2558071,-0.038678568,-0.040828146,0.17486009,0.42942247,0.29107767,0.12070505,0.0565509,0.073019594,0.36295736,0.16830795,0.1839649,0.105884865,0.044987287,0.060077682,0.116501324,0.29285806
GNG11,0.22867484,0.031304803,0.098950736,-0.04687111,0.15461284,0.05520682,0.080990694,-0.021823678,0.054163706,-0.030972185,5.563177e-13,-0.04687108,-0.054413106,-0.058985557,-0.021823697,0.007747713,-0.03806681,0.19401419,1.0,0.10125622,-0.029362906,0.2114757,0.14509192,-0.03806679,-0.056278963,0.21147572,0.5535278,0.1296388,-9.2461446e-14,-0.060578443,0.13050593,0.33371463,-0.060578343,0.022994332,-0.04178915,0.1012563,0.09331815,0.20042372,0.17316265,0.017686337,0.079720736,-0.044111647,0.08099067,0.22572534,0.11213515,-0.03304899,0.063057296,0.087524794,0.07275912,0.23750207
CD93,0.6656255,0.13118504,0.019443719,-0.030142333,0.050853997,-0.0047152946,-0.03182927,-0.0140345935,-0.03944233,-0.019918004,-5.892344e-13,-0.030142352,0.17642061,-0.037932973,-0.014034622,0.102236144,-0.024480376,0.18686731,0.10125622,1.0,-0.018883081,-0.03182933,0.08172353,-0.024480356,-0.036192365,0.4296952,-0.014034695,-0.0408282,-1.033733e-13,0.27486536,-0.055550627,0.07115559,-0.038957343,0.008329052,-0.026874224,-0.028367741,-0.03667404,0.39479235,0.34109393,0.093834594,0.18748888,0.22871488,0.19893299,0.2139473,0.2595145,-0.02125352,0.035517186,-0.038248643,-0.024252808,0.22341566
NPDC1,-0.012569299,-0.028840741,0.29336917,-0.020064328,0.057562955,0.2734975,-0.021187164,-0.009342084,0.51759374,-0.013258282,-1.475862e-12,0.6264499,0.16434342,-0.025250083,-0.0093420185,-0.03367597,-0.016295396,-0.02717726,-0.029362904,-0.018883081,1.0,-0.021187104,0.19575958,-0.016295338,-0.024091512,0.38843146,-0.009342186,0.5790849,-1.7518054e-13,0.2525962,0.13323551,0.39749247,0.67038864,0.08435941,0.5585289,-0.018883035,0.526215,-0.015345524,0.62756175,0.66625106,0.7422615,-0.018882971,-0.021187115,0.19837618,0.707665,0.8064,0.87145203,0.7436496,0.85084003,0.6662512
BTNL9,-0.02118721,-0.048614167,0.08726556,-0.03382037,-0.062848024,0.0037345092,-0.03571319,-0.015747137,0.047416322,-0.022348346,2.7970918e-12,-0.03382033,-0.039262444,-0.042561755,-0.015747132,0.08041628,-0.027467592,-0.045810144,0.21147572,-0.03182933,-0.021187104,1.0,0.063102506,-0.027467584,0.25380456,-0.03571322,0.4409198,-0.045810103,6.2691546e-13,-0.043711025,0.023744421,0.05259939,-0.043710995,-0.070365384,-0.030153465,-0.031829238,-0.088881984,-0.025866697,-0.02234832,-0.040108446,-0.029815773,-0.03182928,0.17142333,-0.04293646,0.0010814824,-0.02384684,0.027424583,0.11265414,0.016629726,0.07620612
ADGRL4,-0.030416694,-0.06979167,0.06745878,-0.048553403,-0.09022622,0.2365893,-0.051270794,-0.022606945,0.18955421,0.14684524,-1.1041454e-12,0.13196558,0.15320028,0.036258742,-0.022606947,0.22149235,-0.039433148,0.2163669,0.14509192,0.08172353,0.19575956,0.063102506,1.0,-0.03943312,0.18554755,0.17747578,-0.022606963,0.15994026,4.9569015e-14,0.015017706,0.148152,0.28006178,0.17055845,0.03982452,0.117657624,-0.045694962,0.19570361,-0.03713472,0.14684534,0.13509315,0.27548432,0.08172359,0.06310254,0.00086223317,0.24052784,0.19487719,0.24247417,0.19608903,0.29984322,0.26354244
CLEC14A,-0.01629538,0.1634074,-0.06711729,-0.026011715,0.19758956,0.123189546,-0.02746758,-0.012111357,-0.034037292,-0.017188353,2.6865732e-12,-0.02601172,-0.030197324,-0.032734822,-0.012111398,-0.043658376,-0.02112574,-0.035233267,-0.03806679,-0.024480356,-0.016295338,-0.027467584,-0.039433118,1.0,-0.03123281,-0.02746756,-0.0121113835,0.09576224,-3.1550264e-13,-0.033618763,0.062395766,-0.043344583,-0.033618778,-0.05411911,-0.02319148,-0.024480404,0.07032971,-0.01989442,-0.017188432,-0.030847965,-0.02293176,-0.024480369,-0.02746756,-0.033023074,-0.047410462,-0.018340955,-0.017137697,-0.033007186,-0.020929242,-0.030847995
CD34,-0.024091454,-0.055278115,-0.09922786,-0.03845645,0.064880945,-0.0316717,-0.04060875,-0.017905727,-0.050321665,-0.025411848,4.5752894e-12,0.07771402,0.09021913,0.07691508,-0.017905738,0.13043599,0.15746532,-0.05208979,-0.056278963,-0.036192365,-0.024091512,0.2538046,0.18554753,-0.031232808,1.0,-0.040608734,-0.017905723,-0.05208984,1.1047267e-13,-0.049702913,-0.0097028725,0.090782434,-0.049702883,0.055945218,-0.034286924,-0.03619239,-0.11463495,-0.029412413,-0.02541185,-0.04560654,-0.03390299,-0.036192406,0.2538046,-0.048822135,-0.0032279901,-0.027115826,-0.025336873,0.117040515,-0.030942382,-0.04560652
VWF,0.38843152,0.10803135,0.08726552,-0.033820435,0.12900394,0.14813699,-0.035713185,-0.015747137,0.23075911,-0.022348316,-3.487587e-12,0.29311,-0.03926237,-0.042561717,-0.01574714,0.08041632,-0.027467553,0.15857364,0.21147572,0.4296952,0.38843143,-0.03571322,0.17747578,-0.027467562,-0.040608734,1.0,-0.015747227,0.26076555,-1.3163865e-13,0.09713558,0.1958914,0.27051103,0.37882897,0.057171885,0.2613305,-0.03182931,0.22933753,0.34919995,0.6257538,0.4251497,0.35447705,-0.031829245,0.17142344,0.2966521,0.5342386,0.39108902,0.47478664,0.34600902,0.4112058,0.42514965
STC2,-0.009342122,-0.02143563,0.15391305,-0.014912541,-0.02771182,-0.062025167,-0.01574712,-0.006943436,-0.019513564,-0.009854161,4.8609684e-12,-0.014912545,-0.017312137,-0.018766867,-0.006943427,-0.025029315,-0.0121113425,-0.020199163,0.5535278,-0.014034696,-0.009342186,0.4409198,-0.022606963,-0.0121113835,-0.017905723,-0.015747225,1.0,-0.020199167,3.0075728e-13,-0.019273743,0.16228017,0.21536164,-0.019273683,-0.031026434,-0.0132956365,-0.014034536,-0.053222414,-0.011405437,-0.00985411,-0.01768517,-0.013146883,-0.0140346205,-0.015747098,-0.018932065,0.041962683,-0.010514908,0.09976199,0.15256676,0.08465769,0.23874937
RBP5,-0.027177116,-0.06235843,0.3616444,0.11791045,-0.033291094,0.26482245,-0.04581016,-0.020199176,0.48595154,-0.028666755,-5.1820186e-13,0.44049606,-0.05036284,0.11938886,-0.02019914,0.0625445,-0.035233293,0.09248893,0.1296388,-0.0408282,0.5790848,-0.045810107,0.15994026,0.09576224,-0.05208984,0.26076555,-0.020199167,1.0,-5.2320412e-14,0.15239298,0.17483778,0.35774145,0.36085525,0.03558301,0.39273658,0.07301952,0.39465335,-0.03317967,0.45094994,0.5797798,0.530533,-0.040828127,-0.045810137,0.1124621,0.53983676,0.5835431,0.6335429,0.5973361,0.63561094,0.4650112
BMX,-2.860232e-14,6.756312e-14,5.0508785e-14,3.113069e-13,-1.3521587e-13,-3.847483e-14,3.4790018e-13,-1.025494e-12,-1.5315299e-13,-2.0343524e-13,5.1804085e-09,-2.1746431e-13,9.672165e-14,-1.5050541e-13,8.390848e-13,-2.2771344e-14,4.553102e-14,-6.477519e-14,-9.2461446e-14,-1.0337329e-13,-1.7518054e-13,6.2691546e-13,4.9569015e-14,-3.1550264e-13,1.1047267e-13,-1.3163865e-13,3.0075725e-13,-5.232041e-14,1.0,-3.5339106e-14,-1.9812273e-14,-7.2516544e-14,-1.4432514e-13,-8.6267676e-14,1.650491e-13,7.676147e-14,-1.4873922e-13,3.1304183e-14,-9.741787e-14,-3.3285727e-15,-6.8837805e-14,4.7206047e-14,-9.200675e-14,-3.6062963e-14,-1.13228254e-13,-1.1630002e-13,-6.384146e-14,-2.3093457e-13,-9.2139465e-14,-8.0873825e-14
ACKR1,-0.0259319,0.047013126,0.13054341,0.18090846,0.18398432,0.073303305,-0.043711055,-0.019273618,0.38217053,-0.027353195,1.719247e-12,0.18090838,-0.04805509,-0.052093253,-0.019273564,0.02380215,-0.033618823,0.22188042,-0.060578447,0.27486536,0.2525962,-0.04371102,0.015017706,-0.033618763,-0.049702913,0.09713558,-0.019273743,0.152393,-3.5339106e-14,1.0,0.15782207,0.15328263,0.23381439,0.21740186,0.16129397,-0.038957328,0.19847225,-0.031659428,0.19299161,0.18818039,0.48612195,0.2748654,0.09713562,0.25532785,0.37238434,0.34700435,0.2769201,0.3177132,0.3244268,0.42545143
TNFRSF9,-0.036977224,-0.08484467,0.06527208,-0.05902559,0.049757518,-0.050487015,-0.06232911,-0.027482932,0.34178725,-0.03900385,3.205761e-13,0.076826945,-0.06852345,-0.07428158,-0.02748292,-0.09906907,-0.04793825,0.38716188,0.13050593,-0.055550627,0.13323551,0.023744423,0.148152,0.062395766,-0.0097028725,0.1958914,0.16228017,0.1748378,-1.9812272e-14,0.15782206,1.0,0.30912212,0.15782207,0.08918085,0.068497255,-0.05555061,0.13314472,-0.04514417,0.09565224,0.2683332,0.1874968,-0.055550583,0.10981789,-0.027898125,0.17912576,0.30322546,0.16766317,0.15135962,0.26221362,0.31666648
THY1,0.1820293,0.0880796,0.22951244,0.03261463,0.0017398976,0.2717428,-0.056356452,-0.0248494,0.36414433,-0.035266344,1.2825252e-12,0.37655154,-0.061957255,0.025586154,-0.024849376,0.12689921,-0.043344617,0.4114954,0.3337146,0.07115559,0.39749244,0.05259939,0.28006175,-0.043344583,0.090782434,0.270511,0.21536162,0.35774142,-7.2516544e-14,0.15328264,0.30912215,1.0,0.22736934,0.29147628,0.33572516,-0.050227545,0.42885548,0.15647024,0.4760953,0.36498544,0.4583039,-0.050227504,0.05259932,0.28949848,0.44712013,0.39888918,0.4877636,0.50509626,0.5566495,0.548533
EDNRB,-0.025931794,-0.059501067,0.13054347,-0.04139436,-0.011695853,0.19603999,0.09713568,-0.019273596,0.31983688,-0.027353177,-4.7025136e-12,0.40321124,0.08098179,-0.05209327,-0.019273559,0.023802215,-0.033618815,0.013418275,-0.060578343,-0.038957343,0.6703887,-0.043710995,0.17055845,-0.033618778,-0.049702883,0.37882894,-0.019273683,0.36085525,-1.4432516e-13,0.23381439,0.15782209,0.22736934,1.0,0.08731957,0.35949424,-0.03895736,0.32830012,-0.03165928,0.4133367,0.42545152,0.4861221,0.1179541,0.09713572,0.2553279,0.50033647,0.5351004,0.61491215,0.52927905,0.5927268,0.42545158
TNC,0.084359415,0.19356342,0.016119182,0.33595645,-0.035234235,0.0340313,-0.07036542,-0.031026416,0.13857862,0.15549059,-1.8169795e-13,0.1346602,-0.07735842,0.024708476,-0.031026458,0.057086233,-0.05411909,0.2558071,0.02299433,0.008329052,0.08435941,-0.070365384,0.039824523,-0.054119114,0.055945214,0.057171885,-0.031026434,0.03558301,-8.6267676e-14,0.21740185,0.08918086,0.29147628,0.08731957,1.0,0.030324439,-0.06271294,0.3009931,0.1799695,0.15549056,0.13582474,0.08913862,0.008329066,-0.0065967394,0.15934096,0.15854326,0.080755964,0.13972911,0.13096373,0.13534273,0.10001636
FBN1,-0.017888665,-0.041046012,0.17192087,-0.028555432,-0.053064074,0.21143726,-0.03015355,-0.013295643,0.34963605,-0.018869258,-1.3155731e-12,0.4315031,-0.033150196,-0.03593584,-0.0132955555,0.048593197,-0.023191549,-0.03867857,-0.041789155,-0.026874222,0.5585289,-0.030153465,0.117657624,-0.02319148,-0.034286924,0.2613305,-0.013295636,0.39273658,1.6504909e-13,0.16129397,0.068497255,0.33572513,0.35949424,0.030324437,1.0,-0.026874254,0.34588718,-0.021839729,0.4371374,0.45717096,0.5156051,-0.026874172,-0.03015348,0.1230381,0.58788264,0.56376576,0.6107171,0.51106256,0.5939685,0.5390103
MMRN1,-0.01888299,-0.04332718,0.019443726,-0.030142257,0.050853997,-0.04493348,-0.031829286,-0.014034598,0.06268495,-0.019917859,2.3317616e-13,-0.030142287,-0.03499247,-0.037932903,-0.014034539,-0.050591093,-0.024480369,-0.04082815,0.1012563,-0.02836774,-0.018883035,-0.031829234,-0.045694962,-0.024480402,-0.03619239,-0.03182931,-0.014034536,0.07301952,7.6761466e-14,-0.038957328,-0.05555061,-0.050227545,-0.038957357,-0.06271294,-0.026874252,1.0,-0.07212554,-0.023053562,-0.019917943,-0.03574658,-0.02657328,-0.028367694,-0.031829316,-0.038266983,0.014939496,-0.021253522,-0.019859193,-0.038248643,0.0245895,-0.03574657
SERPINB9,-0.00867976,0.10040956,0.26812822,0.18704697,0.111797035,0.38420776,-0.057060096,-0.053222317,0.4278403,0.22316633,-2.1521438e-13,0.36283663,0.0130688585,0.045770634,0.01693443,0.01889458,-0.09283526,0.17486009,0.09331814,-0.03667404,0.526215,-0.08888198,0.19570361,0.0703297,-0.11463495,0.22933753,-0.053222418,0.39465335,-1.4873922e-13,0.19847223,0.13314472,0.42885548,0.32830012,0.3009931,0.3458872,-0.07212554,1.0,0.114247836,0.42229933,0.4362536,0.5191279,-0.0012224856,-0.057060048,0.2374645,0.49028346,0.51436174,0.5585078,0.55999863,0.5613539,0.489861
RGS16,0.7263588,0.24843058,-0.06320535,0.27149388,-0.045520045,0.061536185,-0.02586665,-0.011405469,0.05094211,0.27719617,-1.8261905e-12,-0.024495633,-0.028437283,0.12881255,-0.011405497,-0.041113794,-0.0198945,0.42942247,0.2004237,0.39479235,-0.015345524,-0.025866697,-0.03713472,-0.019894417,-0.029412413,0.34919995,-0.011405437,-0.03317967,3.130418e-14,-0.031659428,-0.04514417,0.15647024,-0.03165928,0.17996952,-0.021839729,-0.02305356,0.114247836,1.0,0.5705792,0.18156306,-0.021595174,-0.023053573,0.34919974,0.37883484,0.2676876,-0.017271923,0.07386653,-0.031083338,-0.019709308,0.181563
ERG,0.62756187,0.21463981,0.21843356,-0.021163994,-0.039328564,0.30731237,-0.022348352,-0.009854107,0.40254718,-0.013985034,2.14541e-13,0.49029627,-0.024569267,-0.026633931,-0.00985407,-0.035521593,-0.01718852,0.29107767,0.17316267,0.34109393,0.6275618,-0.022348322,0.14684534,-0.017188432,-0.02541185,0.6257538,-0.00985411,0.45094994,-9.7417876e-14,0.19299163,0.09565224,0.4760953,0.4133367,0.15549056,0.43713737,-0.019917943,0.42229933,0.5705792,1.0,0.7027656,0.5825418,-0.01991786,0.30170274,0.50439453,0.7955133,0.6342159,0.7636867,0.58159065,0.66884613,0.7027656
APOLD1,0.20622072,0.03336491,0.24501337,-0.037982743,-0.016716972,0.22718358,-0.04010845,-0.017685095,0.41358894,-0.025098762,-5.086649e-15,0.5127661,-0.044094503,-0.04779977,-0.017685037,-0.063750446,-0.03084802,0.12070506,0.017686335,0.0938346,0.66625106,-0.040108446,0.13509315,-0.030847967,-0.04560654,0.4251497,-0.01768517,0.5797798,-3.3285727e-15,0.18818039,0.2683332,0.36498544,0.42545155,0.13582474,0.45717096,-0.03574658,0.4362536,0.18156306,0.7027656,1.0,0.61389667,-0.03574652,0.076206096,0.33316118,0.79370815,0.74988866,0.7565162,0.6069874,0.7326188,0.60810244
ECSCR,-0.017688293,0.03206824,0.3723712,-0.028235666,0.036514055,0.2509295,-0.029815821,-0.013146735,0.51579505,-0.018657928,8.5605037e-13,0.5783061,-0.032778945,-0.035533413,0.19866261,-0.047390845,-0.02293184,0.0565509,0.079720736,0.18748888,0.7422615,-0.029815773,0.27548432,-0.02293176,-0.03390299,0.35447705,-0.013146883,0.530533,-6.8837805e-14,0.48612195,0.1874968,0.4583039,0.48612207,0.08913863,0.5156051,-0.02657328,0.51912785,-0.021595173,0.5825418,0.61389667,1.0,0.18748906,-0.029815791,0.1741623,0.7485811,0.749906,0.8113713,0.6857286,0.83133084,0.7757421
LYVE1,-0.01888293,0.13118502,0.21388166,-0.0301423,0.050853983,0.035502896,-0.03182927,-0.0140345795,-0.039442293,-0.019917883,-2.8078152e-12,-0.0301423,-0.03499248,-0.037933033,-0.014034516,0.10223617,-0.024480471,0.07301959,-0.044111647,0.22871488,-0.01888297,-0.031829283,0.08172359,-0.024480367,-0.036192406,-0.03182925,-0.0140346205,-0.040828124,4.720605e-14,0.27486542,-0.055550583,-0.050227508,0.1179541,0.008329066,-0.026874172,-0.028367693,-0.0012224856,-0.023053573,-0.019917859,-0.03574652,0.18748906,1.0,-0.031829238,-0.03826702,0.11975746,-0.021253435,0.035517294,-0.03824855,-0.024252694,0.0938346
MARCO,0.3884313,0.10803131,-7.559446e-09,-0.03382038,0.03307794,-0.032366067,-0.03571322,-0.015747158,0.32243052,-0.022348404,1.7225862e-12,-0.03382037,-0.03926235,-0.04256175,-0.015747149,0.08041638,-0.027467627,0.3629574,0.08099067,0.19893299,-0.021187115,0.17142333,0.06310254,-0.027467562,0.2538046,0.17142344,-0.015747098,-0.045810133,-9.200675e-14,0.09713562,0.10981789,0.05259932,0.097135715,-0.0065967394,-0.030153481,-0.031829316,-0.057060048,0.34919974,0.30170274,0.076206096,-0.02981579,-0.031829238,1.0,0.18345591,0.18925454,0.11446511,0.027424563,0.1126541,0.016629681,0.19252057
LTBP2,0.42222485,0.11276082,0.03815115,0.04866969,0.08170548,0.30435982,-0.042936463,-0.018932117,0.09708384,-0.026868468,-6.6288186e-13,0.13800031,-0.047203507,-0.051170155,-0.018932119,0.15665442,-0.033023138,0.16830795,0.22572534,0.21394731,0.19837618,-0.042936455,0.0008622331,-0.033023074,-0.048822135,0.29665214,-0.018932065,0.112462096,-3.6062963e-14,0.25532785,-0.027898127,0.28949848,0.2553279,0.15934096,0.12303809,-0.038266983,0.2374645,0.37883487,0.50439453,0.33316118,0.1741623,-0.03826702,0.18345591,1.0,0.3886376,0.1980843,0.27201328,0.24595997,0.25478828,0.2695975
PECAM1,0.27352795,0.03467646,0.3382455,0.015874004,0.02223666,0.27646276,-0.06164292,-0.027180357,0.5482042,0.010489509,1.7097058e-13,0.53562343,-0.03903656,-0.04676643,-0.027180275,0.0058729746,-0.0072086607,0.1839649,0.11213514,0.2595145,0.70766497,0.0010814824,0.24052782,-0.047410462,-0.0032279901,0.5342386,0.041962683,0.53983676,-1.1322826e-13,0.37238434,0.17912577,0.44712016,0.50033647,0.15854326,0.58788264,0.014939495,0.49028346,0.26768756,0.7955133,0.79370815,0.7485811,0.11975746,0.18925454,0.3886376,1.0,0.73367673,0.827033,0.6678935,0.78941905,0.7584862
EGFL7,-0.014147172,-0.03246126,0.2913504,-0.022583067,0.022087207,0.26765493,-0.02384688,-0.010514831,0.7049937,-0.014922699,-1.1504747e-13,0.6323236,-0.02621681,-0.028419806,-0.010514722,-0.03790346,-0.018341029,0.10588486,-0.03304899,-0.02125352,0.8064,-0.023846839,0.19487719,-0.018340955,-0.027115824,0.39108902,-0.010514908,0.5835431,-1.1630002e-13,0.34700438,0.30322546,0.39888918,0.5351004,0.08075597,0.56376576,-0.021253522,0.51436174,-0.017271923,0.6342159,0.7498886,0.749906,-0.021253437,0.11446511,0.19808431,0.73367673,1.0,0.8812765,0.7504374,0.86006784,0.7498886
CAVIN2,0.08507779,0.0072588557,0.3434365,-0.021101536,-0.01619304,0.3627159,-0.022282405,-0.0098250015,0.5663484,-0.013943723,-1.3401739e-13,0.6849845,-0.02449684,-0.026555343,-0.009824901,-0.0024973194,-0.017137771,0.044987284,0.063057296,0.035517186,0.87145203,0.027424581,0.24247415,-0.017137695,-0.02533687,0.47478667,0.09976199,0.6335429,-6.384146e-14,0.2769201,0.16766317,0.4877636,0.61491215,0.13972911,0.6107171,-0.019859193,0.5585078,0.07386653,0.7636867,0.7565162,0.8113714,0.035517294,0.027424565,0.27201328,0.827033,0.88127655,1.0,0.8318679,0.9404128,0.78442854
TFPI,-0.025460014,-0.05841862,0.32114977,0.08212912,-0.0034780803,0.29188928,-0.042915843,-0.018922972,0.53204274,-0.026855554,1.2236703e-12,0.63459647,-0.047180858,0.08128489,-0.018922906,0.08633169,-0.03300729,0.060077682,0.0875248,-0.038248643,0.74364954,0.11265415,0.19608904,-0.033007186,0.11704051,0.34600902,0.15256675,0.5973361,-2.3093457e-13,0.31771323,0.15135962,0.50509626,0.52927905,0.13096373,0.51106256,-0.038248643,0.55999863,-0.03108334,0.58159065,0.6069875,0.68572855,-0.03824855,0.11265409,0.24595995,0.6678935,0.7504374,0.8318679,1.0,0.82341135,0.6943455
CXCL2,-0.01614363,-0.03704216,0.39526466,-0.025769982,-0.027584543,0.3130671,-0.027212156,-0.011998686,0.606573,-0.017028615,-5.709478e-13,0.66619915,-0.029916514,-0.032430418,-0.011998585,-0.04325237,-0.020929305,0.11650133,0.07275912,-0.024252806,0.85084003,0.016629728,0.29984322,-0.020929242,-0.030942382,0.41120577,0.08465769,0.63561094,-9.213947e-14,0.3244268,0.26221362,0.55664945,0.5927268,0.13534273,0.5939685,0.024589498,0.561354,-0.019709308,0.6688461,0.7326188,0.83133084,-0.024252694,0.016629681,0.25478828,0.7894191,0.86006784,0.9404128,0.82341135,1.0,0.7818563
PROX1,0.20622069,0.033364844,0.39202145,-0.037982833,0.037148807,0.26772714,-0.04010848,-0.017685106,0.61949587,-0.025098825,7.278924e-13,0.5127661,-0.044094466,0.051214136,-0.01768504,-0.06375045,-0.030848049,0.29285806,0.23750205,0.22341567,0.6662512,0.07620612,0.26354247,-0.030847993,-0.045606524,0.42514965,0.23874938,0.46501118,-8.087382e-14,0.4254514,0.31666645,0.548533,0.4254516,0.10001636,0.5390103,-0.035746567,0.48986107,0.181563,0.7027656,0.60810244,0.7757421,0.0938346,0.19252057,0.2695975,0.7584863,0.74988866,0.7844284,0.6943455,0.7818563,1.0
