model,level,noise_seed,query_idx,Dataset,spindle_time_ms,exact_best_dist,spindle_best_dist,spindle_best_rank,recall_at_eps_0.1,overlap_at_eps_0.1,recall_at_eps_0.25,overlap_at_eps_0.25,recall_at_eps_0.5,overlap_at_eps_0.5,recall_at_eps_1.0,overlap_at_eps_1.0,d_le_whole,d_block_over_eps,exact_noisy_best_rank,exact_noisy_recall_at_eps_0.1,exact_noisy_recall_at_eps_0.25,exact_noisy_recall_at_eps_0.5,exact_noisy_recall_at_eps_1.0
spectral,0.3,0,0,xenium_human_lymph_node_5k,13747.4962,42.6331,42.6331,1,1,1.0,1,1.0,1,1.0,1,1.0,0.2977360389590147,1.6134891883505393,1,1,1,1,1
spectral,0.3,0,1,xenium_human_lymph_node_5k,13697.3324,38.7821,38.7821,1,1,1.0,1,1.0,1,1.0,1,1.0,0.29515671057329934,1.8206048994928075,1,1,1,1,1
spectral,0.3,0,2,xenium_human_lymph_node_5k,13491.9681,39.8247,39.8514,2,1,1.0,1,1.0,1,0.9722,1,0.9415,0.2956567753815219,1.506956922555281,2,1,1,1,1
spectral,0.3,0,3,xenium_human_lymph_node_5k,12988.5803,43.2912,43.2912,1,1,1.0,1,1.0,1,1.0,1,1.0,0.3109329787640489,2.0978458639500537,1,1,1,1,1
spectral,0.3,0,4,xenium_human_lymph_node_5k,13055.9845,41.3591,41.3591,1,1,1.0,1,1.0,1,1.0,1,0.9048,0.29623409793809796,1.4219443760423842,1,1,1,1,1
spectral,0.3,0,5,xenium_human_lymph_node_5k,13107.7309,46.6609,46.6609,1,1,1.0,1,1.0,1,1.0,1,0.9239,0.2986416551410934,1.9596609687383664,1,1,1,1,1
spectral,0.3,0,6,xenium_human_lymph_node_5k,13149.953,44.5374,44.5374,1,1,1.0,1,1.0,1,1.0,1,0.9718,0.3022324514702379,2.237662188187284,1,1,1,1,1
spectral,0.3,0,7,xenium_human_lymph_node_5k,13181.6824,40.4254,40.4254,1,1,1.0,1,1.0,1,1.0,1,0.9474,0.30386976319882,1.4331908200806356,1,1,1,1,1
spectral,0.3,0,8,xenium_human_lymph_node_5k,13521.6031,44.8326,44.8326,1,1,1.0,1,1.0,1,1.0,1,1.0,0.2934764624285598,1.7725028836932093,1,1,1,1,1
spectral,0.3,0,9,xenium_human_lymph_node_5k,13109.1764,35.6259,35.6259,1,1,1.0,1,1.0,1,1.0,1,1.0,0.28958052753632046,1.7585226633171507,1,1,1,1,1
spectral,0.3,0,10,xenium_human_lymph_node_5k,13643.0983,34.8004,34.8004,1,1,1.0,1,1.0,1,1.0,1,1.0,0.30470764834939223,2.0084753093826655,1,1,1,1,1
spectral,0.3,0,11,xenium_human_lymph_node_5k,13096.4295,46.9975,46.9975,1,1,1.0,1,1.0,1,1.0,1,1.0,0.27861911154214325,1.9320253096356965,1,1,1,1,1
spectral,0.3,0,12,xenium_human_lymph_node_5k,13217.4782,39.2512,39.2512,1,1,1.0,1,1.0,1,1.0,1,1.0,0.31110278724878326,1.5442486045741868,1,1,1,1,1
spectral,0.3,0,13,xenium_human_lymph_node_5k,13242.1346,62.248,62.248,1,1,1.0,1,1.0,1,1.0,1,0.9412,0.3027278263599156,1.2467670407552205,1,1,1,1,1
spectral,0.3,0,14,xenium_human_lymph_node_5k,13633.4319,44.1599,44.2823,2,1,1.0,1,1.0,1,1.0,1,1.0,0.29947720517497617,1.7391683718084068,2,1,1,1,1
spectral,0.3,0,15,xenium_human_lymph_node_5k,13256.6971,112.8884,112.8884,1,1,1.0,1,1.0,1,0.4,1,0.5,0.2978747572504888,2.5070672362098265,1,1,1,1,1
spectral,0.3,0,16,xenium_human_lymph_node_5k,13204.6954,40.0715,40.0715,1,1,1.0,1,1.0,1,1.0,1,0.9873,0.30534135968505144,1.5720590761804956,1,1,1,1,1
spectral,0.3,0,17,xenium_human_lymph_node_5k,13335.3991,38.6203,38.6203,1,1,1.0,1,1.0,1,1.0,1,1.0,0.2924422083190914,1.7294420015321454,1,1,1,1,1
spectral,0.3,0,18,xenium_human_lymph_node_5k,13517.2925,43.9559,43.9559,1,1,1.0,1,1.0,1,1.0,1,1.0,0.29285852522909556,2.3420974137421773,1,1,1,1,1
spectral,0.3,0,19,xenium_human_lymph_node_5k,13156.286,39.989,39.989,1,1,1.0,1,1.0,1,0.9783,1,0.9387,0.30855664941490685,1.4982833852503616,1,1,1,1,1
spectral,0.3,0,20,xenium_human_lymph_node_5k,13120.8604,40.4177,40.4177,1,1,1.0,1,1.0,1,1.0,1,0.9869,0.2994684852792882,1.6981167532682924,1,1,1,1,1
spectral,0.3,0,21,xenium_human_lymph_node_5k,13577.2037,44.4842,44.4842,1,1,1.0,1,1.0,1,1.0,1,0.9702,0.29101776634302057,1.8624914270470752,1,1,1,1,1
spectral,0.3,0,22,xenium_human_lymph_node_5k,12784.3987,51.4956,51.4956,1,1,1.0,1,1.0,1,1.0,1,0.9593,0.30893910585170636,1.2234906290600438,1,1,1,1,1
spectral,0.3,0,23,xenium_human_lymph_node_5k,12412.4035,38.1054,38.1054,1,1,1.0,1,1.0,1,1.0,1,1.0,0.29917187075868934,1.7950322081595507,1,1,1,1,1
spectral,0.3,0,24,xenium_human_lymph_node_5k,12299.6109,42.1961,42.1961,1,1,1.0,1,1.0,1,1.0,1,0.9757,0.30049617619744684,1.975738306240686,1,1,1,1,1
spectral,0.3,0,25,xenium_human_lymph_node_5k,12299.1802,39.5315,39.5315,1,1,1.0,1,1.0,1,1.0,1,1.0,0.3097705785845418,1.4084407670007335,1,1,1,1,1
spectral,0.3,0,26,xenium_human_lymph_node_5k,13722.5392,42.5465,42.5465,1,1,1.0,1,1.0,1,1.0,1,0.9963,0.30548381951833575,1.8516056182321177,1,1,1,1,1
spectral,0.3,0,27,xenium_human_lymph_node_5k,14999.847,45.4232,45.444,2,1,1.0,1,1.0,1,1.0,1,0.9836,0.3132841254526247,1.592430098264571,2,1,1,1,1
spectral,0.3,0,28,xenium_human_lymph_node_5k,15094.0144,38.9209,38.9209,1,1,1.0,1,1.0,1,1.0,1,0.9667,0.29200059989836924,1.6167297765065696,1,1,1,1,1
spectral,0.3,0,29,xenium_human_lymph_node_5k,14547.7935,43.6034,43.6034,1,1,1.0,1,1.0,1,1.0,1,0.9956,0.3022613953925142,1.8483381059597057,1,1,1,1,1
spectral,0.3,0,30,xenium_human_lymph_node_5k,13627.2225,36.8124,36.8124,1,1,1.0,1,1.0,1,1.0,1,1.0,0.2974832188098258,1.7168319510608157,1,1,1,1,1
spectral,0.3,0,31,xenium_human_lymph_node_5k,13605.4719,39.9622,40.1611,2,1,1.0,1,1.0,1,1.0,1,1.0,0.30320176833385365,1.6136797065645125,2,1,1,1,1
spectral,0.3,0,32,xenium_human_lymph_node_5k,13539.6758,40.3941,40.3941,1,1,1.0,1,1.0,1,1.0,1,0.9766,0.297881833525253,1.6691618197347806,1,1,1,1,1
spectral,0.3,0,33,xenium_human_lymph_node_5k,13317.6159,40.6126,40.6126,1,1,1.0,1,1.0,1,1.0,1,1.0,0.30894096953391537,1.7283965898873588,1,1,1,1,1
spectral,0.3,0,34,xenium_human_lymph_node_5k,13875.3499,49.0447,49.2001,2,1,1.0,1,1.0,1,1.0,1,0.9342,0.2927089913741297,1.8704634391140658,2,1,1,1,1
spectral,0.3,0,35,xenium_human_lymph_node_5k,13893.6655,50.5771,50.5771,1,1,1.0,1,1.0,1,1.0,1,1.0,0.30204695829034955,2.439937184007867,1,1,1,1,1
spectral,0.3,0,36,xenium_human_lymph_node_5k,13748.3778,46.073,46.073,1,1,1.0,1,1.0,1,1.0,1,0.9402,0.30636247040973935,2.2354377037792483,1,1,1,1,1
spectral,0.3,0,37,xenium_human_lymph_node_5k,13543.5206,40.7694,41.0053,3,1,1.0,1,1.0,1,1.0,1,0.9935,0.3010397825552442,1.8785174189893092,3,1,1,1,1
spectral,0.3,0,38,xenium_human_lymph_node_5k,13516.922,49.1893,49.1893,1,1,1.0,1,1.0,1,1.0,1,1.0,0.28946492402444307,1.537729852356424,1,1,1,1,1
spectral,0.3,0,39,xenium_human_lymph_node_5k,13443.6199,43.4411,43.4411,1,1,1.0,1,1.0,1,0.9767,1,0.9184,0.3041841351275179,1.4794138373136834,1,1,1,1,1
spectral,0.3,0,40,xenium_human_lymph_node_5k,13961.2372,41.4407,41.4407,1,1,1.0,1,1.0,1,1.0,1,0.9342,0.2973723626666157,1.4723514919154794,1,1,1,1,1
spectral,0.3,0,41,xenium_human_lymph_node_5k,14264.3723,39.4395,39.4395,1,1,1.0,1,1.0,1,1.0,1,0.9825,0.28879693214886926,1.5192482988667677,1,1,1,1,1
spectral,0.3,0,42,xenium_human_lymph_node_5k,13508.4012,71.2755,71.2755,1,1,1.0,1,1.0,1,1.0,1,1.0,0.31147917131055824,1.598692385610148,1,1,1,1,1
spectral,0.3,0,43,xenium_human_lymph_node_5k,14168.0259,38.0897,38.0897,1,1,1.0,1,1.0,1,1.0,1,0.9875,0.2993843374019794,1.7701924964699125,1,1,1,1,1
spectral,0.3,0,44,xenium_human_lymph_node_5k,13888.7864,49.3122,49.4188,3,1,1.0,1,1.0,1,1.0,1,0.9818,0.29606014646539647,1.8041232111419903,3,1,1,1,1
spectral,0.3,0,45,xenium_human_lymph_node_5k,13852.1815,40.0525,40.0525,1,1,1.0,1,1.0,1,1.0,1,0.9533,0.3101926541112412,1.7402634184323422,1,1,1,1,1
spectral,0.3,0,46,xenium_human_lymph_node_5k,14356.6847,44.7515,44.7515,1,1,1.0,1,1.0,1,1.0,1,0.9913,0.2988973427025638,1.7785540392710018,1,1,1,1,1
spectral,0.3,0,47,xenium_human_lymph_node_5k,13766.8885,44.1463,44.1463,1,1,1.0,1,1.0,1,1.0,1,0.9766,0.3055323206863406,1.5217543200166377,1,1,1,1,1
spectral,0.3,0,48,xenium_human_lymph_node_5k,13767.7467,37.242,37.4664,2,1,1.0,1,1.0,1,1.0,1,1.0,0.302602820420647,2.084212726241373,2,1,1,1,1
spectral,0.3,0,49,xenium_human_lymph_node_5k,13684.8407,46.3686,46.3686,1,1,1.0,1,1.0,1,1.0,1,0.9872,0.2983754862159623,1.8013551009575648,1,1,1,1,1
spectral,0.3,0,50,xenium_human_lymph_node_5k,13718.6789,41.9885,41.9885,1,1,1.0,1,1.0,1,1.0,1,0.9894,0.29640761630744955,1.7611845931156422,1,1,1,1,1
spectral,0.3,0,51,xenium_human_lymph_node_5k,14626.8719,44.266,44.266,1,1,1.0,1,1.0,1,1.0,1,0.9717,0.2919260547004709,1.522347170816256,1,1,1,1,1
spectral,0.3,0,52,xenium_human_lymph_node_5k,14381.6866,53.3373,53.3373,1,1,1.0,1,1.0,1,1.0,1,0.9286,0.3015750336363694,1.8462168314848868,1,1,1,1,1
spectral,0.3,0,53,xenium_human_lymph_node_5k,13798.6716,40.4751,40.4751,1,1,1.0,1,1.0,1,1.0,1,0.9884,0.29730003205337274,1.6801937877635964,1,1,1,1,1
spectral,0.3,0,54,xenium_human_lymph_node_5k,13704.0931,43.4184,43.4184,1,1,1.0,1,1.0,1,1.0,1,0.9718,0.3082651829493373,2.1788900156312616,1,1,1,1,1
spectral,0.3,0,55,xenium_human_lymph_node_5k,13581.3254,40.3852,40.3852,1,1,1.0,1,1.0,1,1.0,1,0.9867,0.3091069514984786,1.9749457323059314,1,1,1,1,1
spectral,0.3,0,56,xenium_human_lymph_node_5k,13590.5325,42.359,42.359,1,1,1.0,1,1.0,1,1.0,1,0.9848,0.298696168894327,1.4305325439918148,1,1,1,1,1
spectral,0.3,0,57,xenium_human_lymph_node_5k,13519.655,39.8884,39.8884,1,1,1.0,1,1.0,1,1.0,1,1.0,0.30416648915946826,1.6133332263590259,1,1,1,1,1
spectral,0.3,0,58,xenium_human_lymph_node_5k,13540.5165,40.8245,40.8245,1,1,1.0,1,1.0,1,1.0,1,0.9924,0.3038398746296522,2.4017697156119877,1,1,1,1,1
spectral,0.3,0,59,xenium_human_lymph_node_5k,14748.8244,45.8127,45.8127,1,1,1.0,1,1.0,1,1.0,1,1.0,0.30510678116276135,2.4092790940723763,1,1,1,1,1
spectral,0.3,0,60,xenium_human_lymph_node_5k,13636.1809,37.5227,37.5227,1,1,1.0,1,1.0,1,1.0,1,1.0,0.2899887837294404,1.6032824855684167,1,1,1,1,1
spectral,0.3,0,61,xenium_human_lymph_node_5k,13544.3125,43.4242,43.4242,1,1,1.0,1,1.0,1,1.0,1,0.9926,0.3091563761072443,1.984546584769454,1,1,1,1,1
spectral,0.3,0,62,xenium_human_lymph_node_5k,13568.8537,34.6775,34.6775,1,1,1.0,1,1.0,1,1.0,1,1.0,0.29480037276112825,1.4455562776860718,1,1,1,1,1
spectral,0.3,0,63,xenium_human_lymph_node_5k,13527.0455,41.0529,41.0529,1,1,1.0,1,1.0,1,1.0,1,1.0,0.30503873140968885,1.7366552797463486,1,1,1,1,1
spectral,0.3,0,64,xenium_human_lymph_node_5k,13534.3777,40.8857,41.2196,3,1,1.0,1,1.0,1,1.0,1,0.9912,0.29605145795310084,2.082995816696614,3,1,1,1,1
spectral,0.3,0,65,xenium_human_lymph_node_5k,13866.5723,53.5285,53.5285,1,1,1.0,1,1.0,1,1.0,1,1.0,0.3022660686536267,2.7671427498408567,1,1,1,1,1
spectral,0.3,0,66,xenium_human_lymph_node_5k,13025.8551,38.36,38.36,1,1,1.0,1,1.0,1,1.0,1,1.0,0.2949912528299123,1.8265980501327104,1,1,1,1,1
spectral,0.3,0,67,xenium_human_lymph_node_5k,13659.3643,39.9691,40.3477,3,0,1.0,1,1.0,1,1.0,1,0.9588,0.3090725811685155,1.9949915149701463,3,0,1,1,1
spectral,0.3,0,68,xenium_human_lymph_node_5k,13083.6608,50.075,50.075,1,1,1.0,1,1.0,1,1.0,1,1.0,0.29687765162246005,1.8487147738341356,1,1,1,1,1
spectral,0.3,0,69,xenium_human_lymph_node_5k,12988.2422,40.6889,40.6889,1,1,1.0,1,1.0,1,1.0,1,0.9922,0.30083361119276963,1.9003884524422174,1,1,1,1,1
spectral,0.3,0,70,xenium_human_lymph_node_5k,13250.5497,40.9549,40.9549,1,1,1.0,1,1.0,1,1.0,1,1.0,0.3071082846019307,1.616707612999089,1,1,1,1,1
spectral,0.3,0,71,xenium_human_lymph_node_5k,15287.1441,52.0098,52.0098,1,1,1.0,1,1.0,1,1.0,1,1.0,0.2912381416067157,1.561014236048006,1,1,1,1,1
spectral,0.3,0,72,xenium_human_lymph_node_5k,14383.9626,46.1679,46.432,4,1,1.0,1,1.0,1,0.9298,1,0.8968,0.2972561516906293,2.2551877373564095,4,1,1,1,1
spectral,0.3,0,73,xenium_human_lymph_node_5k,13464.5225,45.0301,45.0301,1,1,1.0,1,1.0,1,1.0,1,0.9851,0.3172534546081804,2.0392177236814133,1,1,1,1,1
spectral,0.3,0,74,xenium_human_lymph_node_5k,13343.0765,42.7135,42.7238,2,1,1.0,1,1.0,1,1.0,1,0.9783,0.3021532670524622,1.3683240857600771,2,1,1,1,1
spectral,0.3,0,75,xenium_human_lymph_node_5k,13947.956,39.3947,39.3947,1,1,1.0,1,1.0,1,1.0,1,0.9692,0.306504808891396,1.5818296244381405,1,1,1,1,1
spectral,0.3,0,76,xenium_human_lymph_node_5k,13382.1771,48.1878,48.2067,2,1,1.0,1,1.0,1,1.0,1,0.9818,0.30386198708561113,2.246756919441111,2,1,1,1,1
spectral,0.3,0,77,xenium_human_lymph_node_5k,13371.0422,42.0369,42.1019,2,1,1.0,1,1.0,1,1.0,1,0.9736,0.2987350636575041,1.5547554242551116,2,1,1,1,1
spectral,0.3,0,78,xenium_human_lymph_node_5k,13882.7387,44.6918,44.6918,1,1,1.0,1,1.0,1,1.0,1,1.0,0.29987239418409517,2.0631564988026647,1,1,1,1,1
spectral,0.3,0,79,xenium_human_lymph_node_5k,13328.3135,58.1469,58.1469,1,1,1.0,1,1.0,1,1.0,1,0.9538,0.30456710474320275,2.6180954216783032,1,1,1,1,1
spectral,0.3,0,80,xenium_human_lymph_node_5k,13329.8072,51.9686,51.9686,1,1,1.0,1,1.0,1,1.0,1,0.9844,0.300246463915312,1.9552501882435322,1,1,1,1,1
spectral,0.3,0,81,xenium_human_lymph_node_5k,13268.9559,38.1863,38.8394,2,0,1.0,1,1.0,1,1.0,1,0.9896,0.3032965612931636,1.9133352377892003,2,0,1,1,1
spectral,0.3,0,82,xenium_human_lymph_node_5k,12996.1236,38.3783,38.3783,1,1,1.0,1,1.0,1,1.0,1,0.9935,0.30544321883960224,1.7794761208956258,1,1,1,1,1
spectral,0.3,0,83,xenium_human_lymph_node_5k,13754.0199,39.1131,39.1266,2,1,1.0,1,1.0,1,1.0,1,0.9825,0.31161460283074877,1.6884692148485057,2,1,1,1,1
spectral,0.3,0,84,xenium_human_lymph_node_5k,14098.0299,39.3335,39.3335,1,1,1.0,1,1.0,1,1.0,1,0.9808,0.29475160036071024,1.5186233124031425,1,1,1,1,1
spectral,0.3,0,85,xenium_human_lymph_node_5k,13434.3319,49.1183,49.1183,1,1,1.0,1,1.0,1,1.0,1,0.9924,0.29654106200250807,1.7643950238546888,1,1,1,1,1
spectral,0.3,0,86,xenium_human_lymph_node_5k,13448.6055,44.0384,44.0384,1,1,1.0,1,1.0,1,1.0,1,1.0,0.29700482319899185,2.349767747208217,1,1,1,1,1
spectral,0.3,0,87,xenium_human_lymph_node_5k,13487.9091,36.3516,36.3516,1,1,1.0,1,1.0,1,1.0,1,1.0,0.30088438562699943,1.5946032145541227,1,1,1,1,1
spectral,0.3,0,88,xenium_human_lymph_node_5k,13414.2113,37.9209,37.9209,1,1,1.0,1,1.0,1,1.0,1,1.0,0.2925271311946648,1.4678654159949451,1,1,1,1,1
spectral,0.3,0,89,xenium_human_lymph_node_5k,13401.8545,40.2708,40.2708,1,1,1.0,1,1.0,1,1.0,1,1.0,0.29074020658235306,1.5553353052680607,1,1,1,1,1
spectral,0.3,0,90,xenium_human_lymph_node_5k,13585.7942,44.3607,44.3607,1,1,1.0,1,1.0,1,1.0,1,0.9919,0.30186748468969543,1.8406033757581945,1,1,1,1,1
spectral,0.3,0,91,xenium_human_lymph_node_5k,13727.8638,42.2364,42.6261,2,0,1.0,1,1.0,1,1.0,1,0.9833,0.3077547062139029,1.686876245154943,2,0,1,1,1
spectral,0.3,0,92,xenium_human_lymph_node_5k,13951.0026,41.6684,41.6684,1,1,1.0,1,1.0,1,1.0,1,1.0,0.3036328286652378,1.6249934263693049,1,1,1,1,1
spectral,0.3,0,93,xenium_human_lymph_node_5k,13527.2468,44.1314,44.4387,3,1,1.0,1,1.0,1,1.0,1,0.9824,0.2870329989274018,1.6588159280751853,3,1,1,1,1
spectral,0.3,0,94,xenium_human_lymph_node_5k,13519.6124,53.0288,53.0288,1,1,1.0,1,1.0,1,1.0,1,0.9759,0.29514309108883774,1.8034591636782222,1,1,1,1,1
spectral,0.3,0,95,xenium_human_lymph_node_5k,13606.0821,44.9732,44.9732,1,1,1.0,1,1.0,1,1.0,1,0.9898,0.3078521730793003,1.6523473979866363,1,1,1,1,1
spectral,0.3,0,96,xenium_human_lymph_node_5k,13667.2793,38.1557,38.1557,1,1,1.0,1,1.0,1,1.0,1,1.0,0.29456502964753345,1.267613496346051,1,1,1,1,1
spectral,0.3,0,97,xenium_human_lymph_node_5k,13676.4683,41.4088,41.4088,1,1,1.0,1,1.0,1,1.0,1,0.9888,0.30210643572015045,1.9167667196801819,1,1,1,1,1
spectral,0.3,0,98,xenium_human_lymph_node_5k,13969.8408,41.2479,41.2479,1,1,1.0,1,1.0,1,1.0,1,0.9921,0.30043476486515897,1.896937330393831,1,1,1,1,1
spectral,0.3,0,99,xenium_human_lymph_node_5k,13605.2362,41.1766,41.4279,6,1,1.0,1,1.0,1,1.0,1,0.9811,0.2987228572677564,1.9163323015490303,6,1,1,1,1
spectral,0.3,1,0,xenium_human_lymph_node_5k,15485.2322,42.6331,42.6331,1,1,1.0,1,1.0,1,1.0,1,1.0,0.2908805711758124,1.7696382253545133,1,1,1,1,1
spectral,0.3,1,1,xenium_human_lymph_node_5k,14091.4521,38.7821,38.7821,1,1,1.0,1,1.0,1,1.0,1,1.0,0.2926709037017931,1.5529139735611808,1,1,1,1,1
spectral,0.3,1,2,xenium_human_lymph_node_5k,13267.4995,39.8247,39.9937,3,1,1.0,1,1.0,1,0.9722,1,0.9415,0.2934899542083472,1.4210094934052122,3,1,1,1,1
spectral,0.3,1,3,xenium_human_lymph_node_5k,13291.1006,43.2912,43.2912,1,1,1.0,1,1.0,1,1.0,1,1.0,0.3081341852426686,1.9043389448760333,1,1,1,1,1
spectral,0.3,1,4,xenium_human_lymph_node_5k,13269.1748,41.3591,41.3591,1,1,1.0,1,1.0,1,1.0,1,0.9048,0.30255198529173893,1.5521243937489542,1,1,1,1,1
spectral,0.3,1,5,xenium_human_lymph_node_5k,13263.1914,46.6609,46.6609,1,1,1.0,1,1.0,1,1.0,1,0.9457,0.3063176749704469,1.8232425788909503,1,1,1,1,1
spectral,0.3,1,6,xenium_human_lymph_node_5k,13294.4023,44.5374,44.5374,1,1,1.0,1,1.0,1,1.0,1,0.9718,0.28686472371587146,2.2130962354199073,1,1,1,1,1
spectral,0.3,1,7,xenium_human_lymph_node_5k,13037.1056,40.4254,40.4254,1,1,1.0,1,1.0,1,1.0,1,1.0,0.2941387172465283,1.5380468041741084,1,1,1,1,1
spectral,0.3,1,8,xenium_human_lymph_node_5k,12995.6533,44.8326,44.8326,1,1,1.0,1,1.0,1,1.0,1,1.0,0.3033871639568335,1.7992341928094118,1,1,1,1,1
spectral,0.3,1,9,xenium_human_lymph_node_5k,13665.8116,35.6259,35.6259,1,1,1.0,1,1.0,1,1.0,1,1.0,0.3154270130998506,1.7392778295127154,1,1,1,1,1
spectral,0.3,1,10,xenium_human_lymph_node_5k,13189.4922,34.8004,36.22,2,0,1.0,0,1.0,1,1.0,1,1.0,0.28558268440322887,2.189844258843989,2,0,0,1,1
spectral,0.3,1,11,xenium_human_lymph_node_5k,13051.2509,46.9975,46.9975,1,1,1.0,1,1.0,1,1.0,1,1.0,0.2959363769860647,2.094497595414225,1,1,1,1,1
spectral,0.3,1,12,xenium_human_lymph_node_5k,13079.8264,39.2512,39.2512,1,1,1.0,1,1.0,1,1.0,1,1.0,0.29868971591828114,1.5462056747449304,1,1,1,1,1
spectral,0.3,1,13,xenium_human_lymph_node_5k,13084.3902,62.248,62.248,1,1,1.0,1,1.0,1,1.0,1,0.9412,0.2877844151435745,1.1370198213084426,1,1,1,1,1
spectral,0.3,1,14,xenium_human_lymph_node_5k,13348.7464,44.1599,44.1599,1,1,1.0,1,1.0,1,0.9091,1,0.9592,0.2949762015335834,1.4198502906347634,1,1,1,1,1
spectral,0.3,1,15,xenium_human_lymph_node_5k,13143.8135,112.8884,112.8884,1,1,1.0,1,1.0,1,0.4,1,0.5,0.30213620761654114,2.812357100273553,1,1,1,1,1
spectral,0.3,1,16,xenium_human_lymph_node_5k,13246.7042,40.0715,40.0715,1,1,1.0,1,1.0,1,1.0,1,0.9873,0.27908577659301037,1.393368738426461,1,1,1,1,1
spectral,0.3,1,17,xenium_human_lymph_node_5k,13559.637,38.6203,38.6203,1,1,1.0,1,1.0,1,1.0,1,1.0,0.30780257404684597,1.828302521736218,1,1,1,1,1
spectral,0.3,1,18,xenium_human_lymph_node_5k,13678.0062,43.9559,43.9559,1,1,1.0,1,1.0,1,1.0,1,1.0,0.3048185943046369,2.6597341719099323,1,1,1,1,1
spectral,0.3,1,19,xenium_human_lymph_node_5k,13926.3211,39.989,39.989,1,1,1.0,1,1.0,1,0.9783,1,0.9355,0.29894381348926863,1.4824548121060692,1,1,1,1,1
spectral,0.3,1,20,xenium_human_lymph_node_5k,13308.9885,40.4177,40.4177,1,1,1.0,1,1.0,1,1.0,1,0.9804,0.29052678128895,1.6915578083321725,1,1,1,1,1
spectral,0.3,1,21,xenium_human_lymph_node_5k,13397.8618,44.4842,44.4842,1,1,1.0,1,1.0,1,1.0,1,0.9524,0.3089362614029967,1.6854314602876872,1,1,1,1,1
spectral,0.3,1,22,xenium_human_lymph_node_5k,13299.1565,51.4956,51.4956,1,1,1.0,1,1.0,1,1.0,1,0.9431,0.29889603243481094,1.3836734612760053,1,1,1,1,1
spectral,0.3,1,23,xenium_human_lymph_node_5k,12903.7178,38.1054,38.1054,1,1,1.0,1,1.0,1,1.0,1,1.0,0.29829011867439986,1.7763815210642233,1,1,1,1,1
spectral,0.3,1,24,xenium_human_lymph_node_5k,12810.1551,42.1961,42.1961,1,1,1.0,1,1.0,1,1.0,1,0.9879,0.2996472063281501,1.5260301244928025,1,1,1,1,1
spectral,0.3,1,25,xenium_human_lymph_node_5k,12544.8682,39.5315,39.5315,1,1,1.0,1,1.0,1,1.0,1,1.0,0.302126725752438,1.5191842177632735,1,1,1,1,1
spectral,0.3,1,26,xenium_human_lymph_node_5k,13514.2928,42.5465,42.5465,1,1,1.0,1,1.0,1,1.0,1,0.9963,0.30575661225317674,1.9352456414223536,1,1,1,1,1
spectral,0.3,1,27,xenium_human_lymph_node_5k,14276.4533,45.4232,45.6127,3,1,1.0,1,0.9,1,0.96,1,0.9672,0.2929708518316613,1.8344291151872212,3,1,1,1,1
spectral,0.3,1,28,xenium_human_lymph_node_5k,15184.7797,38.9209,39.0241,2,1,1.0,1,1.0,1,1.0,1,0.9667,0.3013842475922102,1.8397741490534667,2,1,1,1,1
spectral,0.3,1,29,xenium_human_lymph_node_5k,13880.7964,43.6034,43.6034,1,1,1.0,1,1.0,1,1.0,1,0.9956,0.2859571130924367,1.6175065830187503,1,1,1,1,1
spectral,0.3,1,30,xenium_human_lymph_node_5k,15487.0494,36.8124,36.8124,1,1,1.0,1,1.0,1,1.0,1,1.0,0.2947625399251235,1.598342787587608,1,1,1,1,1
spectral,0.3,1,31,xenium_human_lymph_node_5k,14773.75,39.9622,39.9622,1,1,1.0,1,1.0,1,1.0,1,1.0,0.29422915586817705,1.6251362372990354,1,1,1,1,1
spectral,0.3,1,32,xenium_human_lymph_node_5k,13698.4431,40.3941,40.3941,1,1,1.0,1,1.0,1,1.0,1,0.9766,0.2942451174747846,1.9037234469868785,1,1,1,1,1
spectral,0.3,1,33,xenium_human_lymph_node_5k,13756.6185,40.6126,40.6126,1,1,1.0,1,1.0,1,1.0,1,1.0,0.3030075851607939,1.6876389320207157,1,1,1,1,1
spectral,0.3,1,34,xenium_human_lymph_node_5k,13855.7748,49.0447,49.2001,2,1,1.0,1,1.0,1,1.0,1,0.9342,0.30133316898422546,2.7856160349034083,2,1,1,1,1
spectral,0.3,1,35,xenium_human_lymph_node_5k,13711.174,50.5771,50.5771,1,1,1.0,1,1.0,1,1.0,1,1.0,0.2843934476850771,1.8430757831570954,1,1,1,1,1
spectral,0.3,1,36,xenium_human_lymph_node_5k,13819.1404,46.073,46.073,1,1,1.0,1,1.0,1,1.0,1,0.9658,0.30179601300663034,1.6303400774473185,1,1,1,1,1
spectral,0.3,1,37,xenium_human_lymph_node_5k,14016.543,40.7694,40.7694,1,1,1.0,1,1.0,1,1.0,1,1.0,0.2970988286868612,1.7211248912423731,1,1,1,1,1
spectral,0.3,1,38,xenium_human_lymph_node_5k,13952.3574,49.1893,49.1893,1,1,1.0,1,1.0,1,1.0,1,1.0,0.31322410589513217,1.768488854783601,1,1,1,1,1
spectral,0.3,1,39,xenium_human_lymph_node_5k,13951.7883,43.4411,43.6299,2,1,1.0,1,1.0,1,0.9767,1,0.9306,0.30786818108361325,1.5344746962545344,2,1,1,1,1
spectral,0.3,1,40,xenium_human_lymph_node_5k,13668.3043,41.4407,41.4407,1,1,1.0,1,1.0,1,1.0,1,0.9474,0.29313085889463836,1.7217681064193922,1,1,1,1,1
spectral,0.3,1,41,xenium_human_lymph_node_5k,13642.3721,39.4395,39.4395,1,1,1.0,1,1.0,1,1.0,1,0.9825,0.30844043270228844,1.7276648758540305,1,1,1,1,1
spectral,0.3,1,42,xenium_human_lymph_node_5k,13663.047,71.2755,71.2755,1,1,1.0,1,1.0,1,1.0,1,1.0,0.3051883413655638,1.3122692093858626,1,1,1,1,1
spectral,0.3,1,43,xenium_human_lymph_node_5k,13699.1064,38.0897,38.0897,1,1,1.0,1,1.0,1,1.0,1,0.9875,0.2964523913938295,1.6854008781199525,1,1,1,1,1
spectral,0.3,1,44,xenium_human_lymph_node_5k,13785.6291,49.3122,49.4188,3,1,1.0,1,1.0,1,1.0,1,0.9818,0.3036975996713662,2.3729175144830315,3,1,1,1,1
spectral,0.3,1,45,xenium_human_lymph_node_5k,13566.167,40.0525,40.0525,1,1,1.0,1,1.0,1,1.0,1,0.9533,0.2994956644241777,1.5772455812286799,1,1,1,1,1
spectral,0.3,1,46,xenium_human_lymph_node_5k,13303.8937,44.7515,44.9269,2,1,1.0,1,1.0,1,1.0,1,0.9869,0.2919582880767502,2.0426674033313312,2,1,1,1,1
spectral,0.3,1,47,xenium_human_lymph_node_5k,13325.899,44.1463,44.1463,1,1,1.0,1,1.0,1,1.0,1,0.9766,0.3009045840812948,1.5763794291706463,1,1,1,1,1
spectral,0.3,1,48,xenium_human_lymph_node_5k,13356.4851,37.242,37.242,1,1,1.0,1,1.0,1,1.0,1,1.0,0.3084941239250977,2.023191020352049,1,1,1,1,1
spectral,0.3,1,49,xenium_human_lymph_node_5k,13246.7982,46.3686,46.3686,1,1,1.0,1,1.0,1,1.0,1,1.0,0.30036973981561954,2.2690952966163436,1,1,1,1,1
spectral,0.3,1,50,xenium_human_lymph_node_5k,13179.1499,41.9885,41.9885,1,1,1.0,1,1.0,1,1.0,1,0.9894,0.2963532579476334,1.8875881411837792,1,1,1,1,1
spectral,0.3,1,51,xenium_human_lymph_node_5k,13247.4087,44.266,44.266,1,1,1.0,1,1.0,1,1.0,1,0.9717,0.29333855412249515,1.7876671253726313,1,1,1,1,1
spectral,0.3,1,52,xenium_human_lymph_node_5k,13208.5303,53.3373,53.3373,1,1,1.0,1,1.0,1,1.0,1,0.9286,0.28391779516375143,1.8508107344428697,1,1,1,1,1
spectral,0.3,1,53,xenium_human_lymph_node_5k,13210.4798,40.4751,40.4751,1,1,1.0,1,1.0,1,1.0,1,0.9884,0.3058634787350951,2.041229998836491,1,1,1,1,1
spectral,0.3,1,54,xenium_human_lymph_node_5k,13270.2777,43.4184,43.4184,1,1,1.0,1,1.0,1,1.0,1,0.9718,0.2976156496732496,1.9463018148009825,1,1,1,1,1
spectral,0.3,1,55,xenium_human_lymph_node_5k,13241.866,40.3852,40.3852,1,1,1.0,1,1.0,1,1.0,1,0.9823,0.3003745403838245,1.6669337139636957,1,1,1,1,1
spectral,0.3,1,56,xenium_human_lymph_node_5k,13342.129,42.359,42.359,1,1,1.0,1,1.0,1,1.0,1,0.9848,0.2961311239219291,1.7631352302576846,1,1,1,1,1
spectral,0.3,1,57,xenium_human_lymph_node_5k,13293.5553,39.8884,39.8884,1,1,1.0,1,1.0,1,1.0,1,1.0,0.29797889727692967,1.96771650578837,1,1,1,1,1
spectral,0.3,1,58,xenium_human_lymph_node_5k,13267.2686,40.8245,40.8245,1,1,1.0,1,1.0,1,1.0,1,0.9924,0.30898471644134035,2.1856405349051204,1,1,1,1,1
spectral,0.3,1,59,xenium_human_lymph_node_5k,13344.7539,45.8127,45.8127,1,1,1.0,1,1.0,1,1.0,1,1.0,0.29509887365405135,2.424730543015823,1,1,1,1,1
spectral,0.3,1,60,xenium_human_lymph_node_5k,13467.9333,37.5227,37.5227,1,1,1.0,1,1.0,1,1.0,1,1.0,0.30196796917013824,1.8196850050666094,1,1,1,1,1
spectral,0.3,1,61,xenium_human_lymph_node_5k,13309.7978,43.4242,43.4242,1,1,1.0,1,1.0,1,1.0,1,0.9852,0.30288843228694595,1.8223643382960613,1,1,1,1,1
spectral,0.3,1,62,xenium_human_lymph_node_5k,13236.8478,34.6775,34.6775,1,1,1.0,1,1.0,1,1.0,1,1.0,0.2958921063902499,1.8147843758387714,1,1,1,1,1
spectral,0.3,1,63,xenium_human_lymph_node_5k,13172.8028,41.0529,41.0529,1,1,1.0,1,1.0,1,1.0,1,1.0,0.2996482380813446,1.6827980862209173,1,1,1,1,1
spectral,0.3,1,64,xenium_human_lymph_node_5k,13286.0736,40.8857,41.2196,3,1,1.0,1,1.0,1,1.0,1,1.0,0.29557454455400484,1.740529224131104,3,1,1,1,1
spectral,0.3,1,65,xenium_human_lymph_node_5k,13156.1018,53.5285,53.5285,1,1,1.0,1,1.0,1,1.0,1,1.0,0.3013457907599067,2.533267718491857,1,1,1,1,1
spectral,0.3,1,66,xenium_human_lymph_node_5k,13361.3843,38.36,38.36,1,1,1.0,1,1.0,1,1.0,1,1.0,0.3016648577437277,1.775895829743895,1,1,1,1,1
spectral,0.3,1,67,xenium_human_lymph_node_5k,13031.0851,39.9691,40.1283,2,1,1.0,1,1.0,1,1.0,1,0.9639,0.2928146001135405,1.8183464612940037,2,1,1,1,1
spectral,0.3,1,68,xenium_human_lymph_node_5k,13763.7161,50.075,50.075,1,1,1.0,1,1.0,1,1.0,1,1.0,0.2963327666258259,1.6504696799714618,1,1,1,1,1
spectral,0.3,1,69,xenium_human_lymph_node_5k,12960.2991,40.6889,41.1989,5,0,1.0,1,1.0,1,1.0,1,0.9922,0.3052550348367457,2.8075750568157103,5,0,1,1,1
spectral,0.3,1,70,xenium_human_lymph_node_5k,13037.3266,40.9549,40.9549,1,1,1.0,1,1.0,1,1.0,1,1.0,0.2937113136352544,2.295158012893692,1,1,1,1,1
spectral,0.3,1,71,xenium_human_lymph_node_5k,12946.2306,52.0098,52.5706,2,0,1.0,1,1.0,1,1.0,1,1.0,0.3055749996047817,2.248603237470822,2,0,1,1,1
spectral,0.3,1,72,xenium_human_lymph_node_5k,14831.8013,46.1679,46.432,4,1,1.0,1,1.0,1,0.9474,1,0.8839,0.30558738526733525,1.8983874669543606,4,1,1,1,1
spectral,0.3,1,73,xenium_human_lymph_node_5k,14637.6482,45.0301,45.0301,1,1,1.0,1,1.0,1,1.0,1,0.9851,0.3048486556647289,1.8688203386337248,1,1,1,1,1
spectral,0.3,1,74,xenium_human_lymph_node_5k,13497.3981,42.7135,42.7135,1,1,1.0,1,1.0,1,1.0,1,0.9783,0.29968101081618376,1.6226349623137568,1,1,1,1,1
spectral,0.3,1,75,xenium_human_lymph_node_5k,13456.4688,39.3947,39.3947,1,1,1.0,1,1.0,1,1.0,1,0.9692,0.30361175878554053,1.7048926307158179,1,1,1,1,1
spectral,0.3,1,76,xenium_human_lymph_node_5k,13585.4139,48.1878,48.2067,2,1,1.0,1,1.0,1,1.0,1,1.0,0.29776129204172813,2.17655489661658,2,1,1,1,1
spectral,0.3,1,77,xenium_human_lymph_node_5k,13556.8187,42.0369,42.1019,2,1,1.0,1,1.0,1,1.0,1,0.9868,0.29844409354756607,1.9448062115451057,2,1,1,1,1
spectral,0.3,1,78,xenium_human_lymph_node_5k,13619.4898,44.6918,44.6918,1,1,1.0,1,1.0,1,1.0,1,1.0,0.29945579551843454,1.6531006546653726,1,1,1,1,1
spectral,0.3,1,79,xenium_human_lymph_node_5k,13633.0129,58.1469,58.1469,1,1,1.0,1,1.0,1,1.0,1,0.9306,0.2953811826991568,2.797840589616921,1,1,1,1,1
spectral,0.3,1,80,xenium_human_lymph_node_5k,13543.362,51.9686,51.9686,1,1,1.0,1,1.0,1,1.0,1,1.0,0.30058061960758486,2.24452262383521,1,1,1,1,1
spectral,0.3,1,81,xenium_human_lymph_node_5k,13676.4225,38.1863,38.1863,1,1,1.0,1,1.0,1,1.0,1,0.9688,0.30730542560212243,1.8158789765317132,1,1,1,1,1
spectral,0.3,1,82,xenium_human_lymph_node_5k,13667.2217,38.3783,38.3783,1,1,1.0,1,1.0,1,1.0,1,0.9935,0.3103431240917004,1.7062726273755184,1,1,1,1,1
spectral,0.3,1,83,xenium_human_lymph_node_5k,13626.5198,39.1131,39.4116,4,1,1.0,1,1.0,1,1.0,1,0.9825,0.30894736853640176,1.7197506906500886,4,1,1,1,1
spectral,0.3,1,84,xenium_human_lymph_node_5k,13448.3165,39.3335,39.3335,1,1,1.0,1,1.0,1,1.0,1,0.9808,0.290860496605014,1.4178299862447916,1,1,1,1,1
spectral,0.3,1,85,xenium_human_lymph_node_5k,13521.0077,49.1183,49.1183,1,1,1.0,1,1.0,1,1.0,1,0.9924,0.2881433410329783,1.4141699990267245,1,1,1,1,1
spectral,0.3,1,86,xenium_human_lymph_node_5k,13276.1792,44.0384,44.0384,1,1,1.0,1,1.0,1,1.0,1,1.0,0.3087674203921967,2.6053465359983887,1,1,1,1,1
spectral,0.3,1,87,xenium_human_lymph_node_5k,13412.2209,36.3516,36.3516,1,1,1.0,1,1.0,1,1.0,1,1.0,0.2963078204228351,1.1830735374950287,1,1,1,1,1
spectral,0.3,1,88,xenium_human_lymph_node_5k,13333.1899,37.9209,37.9209,1,1,1.0,1,1.0,1,1.0,1,1.0,0.29557563392979086,1.7622239641693789,1,1,1,1,1
spectral,0.3,1,89,xenium_human_lymph_node_5k,13390.5925,40.2708,40.2708,1,1,1.0,1,1.0,1,1.0,1,1.0,0.3115202424901829,1.7242042692614075,1,1,1,1,1
spectral,0.3,1,90,xenium_human_lymph_node_5k,13291.4078,44.3607,44.3607,1,1,1.0,1,1.0,1,1.0,1,1.0,0.31083758829401603,1.868943870228326,1,1,1,1,1
spectral,0.3,1,91,xenium_human_lymph_node_5k,13259.7045,42.2364,42.2364,1,1,1.0,1,1.0,1,1.0,1,0.9799,0.3036039989288672,1.662377085622643,1,1,1,1,1
spectral,0.3,1,92,xenium_human_lymph_node_5k,13220.3531,41.6684,41.6684,1,1,1.0,1,1.0,1,1.0,1,1.0,0.3006638538475629,1.4776980108731976,1,1,1,1,1
spectral,0.3,1,93,xenium_human_lymph_node_5k,13213.8254,44.1314,44.2765,2,1,1.0,1,1.0,1,1.0,1,0.9868,0.30835426034616265,2.173707127086389,2,1,1,1,1
spectral,0.3,1,94,xenium_human_lymph_node_5k,13217.2731,53.0288,53.0288,1,1,1.0,1,1.0,1,1.0,1,0.9759,0.2964051046764619,1.8347174036361233,1,1,1,1,1
spectral,0.3,1,95,xenium_human_lymph_node_5k,13249.1692,44.9732,44.9732,1,1,1.0,1,1.0,1,1.0,1,0.9898,0.30376250758272355,1.5683059850841115,1,1,1,1,1
spectral,0.3,1,96,xenium_human_lymph_node_5k,13284.503,38.1557,38.1557,1,1,1.0,1,1.0,1,1.0,1,1.0,0.3002365853182519,1.6756198624223673,1,1,1,1,1
spectral,0.3,1,97,xenium_human_lymph_node_5k,13282.0935,41.4088,41.4088,1,1,1.0,1,1.0,1,1.0,1,0.9944,0.309624010307224,1.8795657400867947,1,1,1,1,1
spectral,0.3,1,98,xenium_human_lymph_node_5k,13205.9059,41.2479,41.2479,1,1,1.0,1,1.0,1,1.0,1,0.9921,0.30049376445932924,1.6171870101611203,1,1,1,1,1
spectral,0.3,1,99,xenium_human_lymph_node_5k,13218.6379,41.1766,41.6259,9,0,1.0,1,1.0,1,1.0,1,0.9811,0.2988374542029423,1.8130284872354392,9,0,1,1,1
spectral,0.3,2,0,xenium_human_lymph_node_5k,13008.1117,42.6331,42.6331,1,1,1.0,1,1.0,1,1.0,1,1.0,0.2940909988721839,1.5655068563021837,1,1,1,1,1
spectral,0.3,2,1,xenium_human_lymph_node_5k,13923.9975,38.7821,38.7821,1,1,1.0,1,1.0,1,1.0,1,1.0,0.2967451728863874,1.3824180767102243,1,1,1,1,1
spectral,0.3,2,2,xenium_human_lymph_node_5k,13791.4607,39.8247,39.9937,3,1,1.0,1,1.0,1,0.9722,1,0.9415,0.2813848639728259,1.4422543736287623,3,1,1,1,1
spectral,0.3,2,3,xenium_human_lymph_node_5k,12880.1829,43.2912,43.2912,1,1,1.0,1,1.0,1,1.0,1,1.0,0.30994907430682733,1.6695964958025307,1,1,1,1,1
spectral,0.3,2,4,xenium_human_lymph_node_5k,12963.7433,41.3591,41.3591,1,1,1.0,1,1.0,1,1.0,1,0.9048,0.3042719379964235,1.423006601792888,1,1,1,1,1
spectral,0.3,2,5,xenium_human_lymph_node_5k,12978.4057,46.6609,46.6609,1,1,1.0,1,1.0,1,1.0,1,0.9457,0.29882817682400575,1.3700480566916233,1,1,1,1,1
spectral,0.3,2,6,xenium_human_lymph_node_5k,12868.1732,44.5374,44.5374,1,1,1.0,1,1.0,1,1.0,1,0.9718,0.2930783565331831,1.989029302559214,1,1,1,1,1
spectral,0.3,2,7,xenium_human_lymph_node_5k,12924.6794,40.4254,40.4254,1,1,1.0,1,1.0,1,1.0,1,1.0,0.30272438135790514,1.6568401902272367,1,1,1,1,1
spectral,0.3,2,8,xenium_human_lymph_node_5k,12969.2207,44.8326,44.8326,1,1,1.0,1,1.0,1,1.0,1,1.0,0.2984303320007358,1.6041766451246036,1,1,1,1,1
spectral,0.3,2,9,xenium_human_lymph_node_5k,13144.4397,35.6259,35.6259,1,1,1.0,1,1.0,1,1.0,1,1.0,0.29618502344439795,1.9304119633287449,1,1,1,1,1
spectral,0.3,2,10,xenium_human_lymph_node_5k,13800.0833,34.8004,34.8004,1,1,1.0,1,1.0,1,1.0,1,1.0,0.29685929041160913,1.6196257437591595,1,1,1,1,1
spectral,0.3,2,11,xenium_human_lymph_node_5k,13159.6716,46.9975,46.9975,1,1,1.0,1,1.0,1,1.0,1,1.0,0.29928502409753843,1.8415559639366699,1,1,1,1,1
spectral,0.3,2,12,xenium_human_lymph_node_5k,13136.2261,39.2512,39.2512,1,1,1.0,1,1.0,1,1.0,1,1.0,0.2941326068764692,1.7864846610334197,1,1,1,1,1
spectral,0.3,2,13,xenium_human_lymph_node_5k,12923.0157,62.248,62.248,1,1,1.0,1,1.0,1,1.0,1,0.9412,0.310066722054666,1.1261383505982243,1,1,1,1,1
spectral,0.3,2,14,xenium_human_lymph_node_5k,12785.0485,44.1599,44.2823,2,1,1.0,1,1.0,1,0.9091,1,0.9592,0.28842127365525133,1.3969705895777793,2,1,1,1,1
spectral,0.3,2,15,xenium_human_lymph_node_5k,12822.9226,112.8884,112.8884,1,1,1.0,1,1.0,1,0.4,1,0.5,0.300546058525467,2.776130919374343,1,1,1,1,1
spectral,0.3,2,16,xenium_human_lymph_node_5k,12704.6288,40.0715,40.0715,1,1,1.0,1,1.0,1,1.0,1,0.9873,0.2959464029496257,1.5968063624637885,1,1,1,1,1
spectral,0.3,2,17,xenium_human_lymph_node_5k,13417.7909,38.6203,38.6203,1,1,1.0,1,1.0,1,1.0,1,0.991,0.29641978946516206,1.773788827661683,1,1,1,1,1
spectral,0.3,2,18,xenium_human_lymph_node_5k,13834.0021,43.9559,43.9559,1,1,1.0,1,1.0,1,1.0,1,1.0,0.2973958629773129,2.3586453159650893,1,1,1,1,1
spectral,0.3,2,19,xenium_human_lymph_node_5k,13089.4206,39.989,39.989,1,1,1.0,1,1.0,1,0.9783,1,0.9323,0.30472636949605847,2.0055439566479407,1,1,1,1,1
spectral,0.3,2,20,xenium_human_lymph_node_5k,13110.1958,40.4177,40.4177,1,1,1.0,1,1.0,1,1.0,1,0.9739,0.28679244011002164,1.7092531234388884,1,1,1,1,1
spectral,0.3,2,21,xenium_human_lymph_node_5k,12938.4967,44.4842,44.4842,1,1,1.0,1,1.0,1,1.0,1,0.9583,0.3020488881957425,1.7792297371372499,1,1,1,1,1
spectral,0.3,2,22,xenium_human_lymph_node_5k,12828.5589,51.4956,51.4956,1,1,1.0,1,1.0,1,1.0,1,0.9431,0.2966259441400175,1.1839748805551993,1,1,1,1,1
spectral,0.3,2,23,xenium_human_lymph_node_5k,12818.6007,38.1054,38.1054,1,1,1.0,1,1.0,1,1.0,1,1.0,0.30375032929106865,1.8011559853169747,1,1,1,1,1
spectral,0.3,2,24,xenium_human_lymph_node_5k,12824.6392,42.1961,42.1961,1,1,1.0,1,1.0,1,1.0,1,0.9757,0.29922980106351466,1.7934695350466727,1,1,1,1,1
spectral,0.3,2,25,xenium_human_lymph_node_5k,12817.8593,39.5315,39.5315,1,1,1.0,1,1.0,1,1.0,1,1.0,0.2868186459177574,1.6759983000683496,1,1,1,1,1
spectral,0.3,2,26,xenium_human_lymph_node_5k,12857.623,42.5465,42.5465,1,1,1.0,1,1.0,1,1.0,1,0.9963,0.2963105124252687,1.734371655740784,1,1,1,1,1
spectral,0.3,2,27,xenium_human_lymph_node_5k,14107.6597,45.4232,45.8595,6,0,1.0,1,0.9,1,0.96,1,0.9672,0.3098418495808053,1.9573332041364537,6,0,1,1,1
spectral,0.3,2,28,xenium_human_lymph_node_5k,12938.5522,38.9209,38.9209,1,1,1.0,1,1.0,1,1.0,1,0.975,0.3167505311178189,2.0026176704101872,1,1,1,1,1
spectral,0.3,2,29,xenium_human_lymph_node_5k,12836.8587,43.6034,43.6034,1,1,1.0,1,1.0,1,1.0,1,0.9956,0.2996906628723757,1.633500666033332,1,1,1,1,1
spectral,0.3,2,30,xenium_human_lymph_node_5k,13416.6988,36.8124,36.9348,3,1,1.0,1,1.0,1,1.0,1,1.0,0.30399563305433097,1.8249759353586041,3,1,1,1,1
spectral,0.3,2,31,xenium_human_lymph_node_5k,14647.7608,39.9622,39.9622,1,1,1.0,1,1.0,1,1.0,1,1.0,0.2897701856589776,1.6998347564262233,1,1,1,1,1
spectral,0.3,2,32,xenium_human_lymph_node_5k,13845.2486,40.3941,40.3941,1,1,1.0,1,1.0,1,1.0,1,0.9766,0.3012259498839102,1.7451310411882264,1,1,1,1,1
spectral,0.3,2,33,xenium_human_lymph_node_5k,13117.1581,40.6126,40.6126,1,1,1.0,1,1.0,1,1.0,1,1.0,0.3153659376316846,1.7262260339380027,1,1,1,1,1
spectral,0.3,2,34,xenium_human_lymph_node_5k,12923.428,49.0447,49.0447,1,1,1.0,1,1.0,1,1.0,1,0.9408,0.3115982219981317,2.185952120101064,1,1,1,1,1
spectral,0.3,2,35,xenium_human_lymph_node_5k,12937.0728,50.5771,50.5771,1,1,1.0,1,1.0,1,1.0,1,1.0,0.2848202081266236,1.844483804515006,1,1,1,1,1
spectral,0.3,2,36,xenium_human_lymph_node_5k,12886.2962,46.073,46.073,1,1,1.0,1,1.0,1,1.0,1,0.9658,0.2930960327852252,1.8084684907202395,1,1,1,1,1
spectral,0.3,2,37,xenium_human_lymph_node_5k,13042.1911,40.7694,41.0053,3,1,1.0,1,1.0,1,1.0,1,0.9935,0.30934959970619996,1.9751614893643585,3,1,1,1,1
spectral,0.3,2,38,xenium_human_lymph_node_5k,13043.4245,49.1893,49.1893,1,1,1.0,1,1.0,1,1.0,1,1.0,0.30474466850871335,1.6260644634074766,1,1,1,1,1
spectral,0.3,2,39,xenium_human_lymph_node_5k,12976.9791,43.4411,43.4411,1,1,1.0,1,1.0,1,0.9767,1,0.9265,0.29373800075620266,1.6860982161658296,1,1,1,1,1
spectral,0.3,2,40,xenium_human_lymph_node_5k,12995.4506,41.4407,41.4407,1,1,1.0,1,1.0,1,1.0,1,0.9342,0.29669094574617216,1.5257315886708624,1,1,1,1,1
spectral,0.3,2,41,xenium_human_lymph_node_5k,12928.7559,39.4395,39.4395,1,1,1.0,1,1.0,1,1.0,1,0.9825,0.292362878413857,1.5770394853244645,1,1,1,1,1
spectral,0.3,2,42,xenium_human_lymph_node_5k,12914.6301,71.2755,71.2755,1,1,1.0,1,1.0,1,1.0,1,1.0,0.3083404916429065,1.4126293971288608,1,1,1,1,1
spectral,0.3,2,43,xenium_human_lymph_node_5k,13066.8823,38.0897,38.0897,1,1,1.0,1,1.0,1,1.0,1,0.975,0.29820624790974426,1.6870372788589647,1,1,1,1,1
spectral,0.3,2,44,xenium_human_lymph_node_5k,13090.9433,49.3122,49.4188,3,1,1.0,1,1.0,1,1.0,1,0.9818,0.2908485329401993,1.719706975854761,3,1,1,1,1
spectral,0.3,2,45,xenium_human_lymph_node_5k,12956.3844,40.0525,40.0525,1,1,1.0,1,1.0,1,1.0,1,0.9533,0.3034187268673317,1.7102052362978113,1,1,1,1,1
spectral,0.3,2,46,xenium_human_lymph_node_5k,12961.0135,44.7515,44.7515,1,1,1.0,1,1.0,1,1.0,1,0.9913,0.29049768312236235,1.602888540602634,1,1,1,1,1
spectral,0.3,2,47,xenium_human_lymph_node_5k,12991.4204,44.1463,44.1463,1,1,1.0,1,1.0,1,1.0,1,0.9766,0.30923629628612626,1.9530970073526954,1,1,1,1,1
spectral,0.3,2,48,xenium_human_lymph_node_5k,12939.6832,37.242,37.242,1,1,1.0,1,1.0,1,1.0,1,1.0,0.3000252936527731,1.4092642284398385,1,1,1,1,1
spectral,0.3,2,49,xenium_human_lymph_node_5k,13153.9333,46.3686,46.3686,1,1,1.0,1,1.0,1,1.0,1,1.0,0.30581076977103666,2.1895700602614383,1,1,1,1,1
spectral,0.3,2,50,xenium_human_lymph_node_5k,12977.3644,41.9885,41.9885,1,1,1.0,1,1.0,1,1.0,1,0.9894,0.29339633589312075,2.1372366669913228,1,1,1,1,1
spectral,0.3,2,51,xenium_human_lymph_node_5k,12938.5084,44.266,44.266,1,1,1.0,1,1.0,1,1.0,1,0.9811,0.30301077952270605,1.8278360454099225,1,1,1,1,1
spectral,0.3,2,52,xenium_human_lymph_node_5k,13870.124,53.3373,53.3373,1,1,1.0,1,1.0,1,1.0,1,0.9286,0.29630236463941706,1.788308076118399,1,1,1,1,1
spectral,0.3,2,53,xenium_human_lymph_node_5k,13194.7603,40.4751,40.4751,1,1,1.0,1,1.0,1,1.0,1,0.9884,0.2914529299499895,1.7052100421294725,1,1,1,1,1
spectral,0.3,2,54,xenium_human_lymph_node_5k,13249.8764,43.4184,43.4184,1,1,1.0,1,1.0,1,1.0,1,0.9718,0.31287236255162976,2.110517549715691,1,1,1,1,1
spectral,0.3,2,55,xenium_human_lymph_node_5k,13399.6992,40.3852,40.3852,1,1,1.0,1,1.0,1,1.0,1,0.9823,0.29372661141882295,1.6894862369900576,1,1,1,1,1
spectral,0.3,2,56,xenium_human_lymph_node_5k,13194.8076,42.359,42.359,1,1,1.0,1,1.0,1,1.0,1,0.9848,0.2871597964339933,1.5965350739570656,1,1,1,1,1
spectral,0.3,2,57,xenium_human_lymph_node_5k,13282.7399,39.8884,39.908,2,1,1.0,1,1.0,1,1.0,1,0.987,0.29857718749179374,1.5660858253247913,2,1,1,1,1
spectral,0.3,2,58,xenium_human_lymph_node_5k,13149.6282,40.8245,40.8245,1,1,1.0,1,1.0,1,1.0,1,0.9924,0.3013035757072675,2.7020387320238215,1,1,1,1,1
spectral,0.3,2,59,xenium_human_lymph_node_5k,13267.041,45.8127,45.8127,1,1,1.0,1,1.0,1,1.0,1,1.0,0.2996573879536037,2.670946775859185,1,1,1,1,1
spectral,0.3,2,60,xenium_human_lymph_node_5k,13443.7518,37.5227,37.5227,1,1,1.0,1,1.0,1,1.0,1,1.0,0.3028715789383039,1.8894012446159278,1,1,1,1,1
spectral,0.3,2,61,xenium_human_lymph_node_5k,13409.1279,43.4242,43.4242,1,1,1.0,1,1.0,1,1.0,1,0.9704,0.31174864811736425,1.647080004328215,1,1,1,1,1
spectral,0.3,2,62,xenium_human_lymph_node_5k,13300.9085,34.6775,34.6775,1,1,1.0,1,1.0,1,1.0,1,1.0,0.3009923592091699,1.402837860733438,1,1,1,1,1
spectral,0.3,2,63,xenium_human_lymph_node_5k,13662.617,41.0529,41.0529,1,1,1.0,1,1.0,1,1.0,1,1.0,0.3019495424902156,1.7407611376625567,1,1,1,1,1
spectral,0.3,2,64,xenium_human_lymph_node_5k,13457.527,40.8857,41.2196,3,1,1.0,1,1.0,1,1.0,1,0.9912,0.30535556991088364,1.9781539849639818,3,1,1,1,1
spectral,0.3,2,65,xenium_human_lymph_node_5k,13437.768,53.5285,53.5285,1,1,1.0,1,1.0,1,1.0,1,1.0,0.3031645947179718,2.733650548839453,1,1,1,1,1
spectral,0.3,2,66,xenium_human_lymph_node_5k,13498.9824,38.36,38.36,1,1,1.0,1,1.0,1,1.0,1,1.0,0.30160781096124384,2.0254337144667813,1,1,1,1,1
spectral,0.3,2,67,xenium_human_lymph_node_5k,13547.8028,39.9691,40.1283,2,1,1.0,1,1.0,1,1.0,1,0.9588,0.29070574098990215,1.6381264593338152,2,1,1,1,1
spectral,0.3,2,68,xenium_human_lymph_node_5k,12892.0864,50.075,50.075,1,1,1.0,1,1.0,1,1.0,1,1.0,0.3030953345139919,1.9478968708803595,1,1,1,1,1
spectral,0.3,2,69,xenium_human_lymph_node_5k,12763.3645,40.6889,40.6889,1,1,1.0,1,1.0,1,1.0,1,0.9922,0.29368365677134645,1.9349013467673932,1,1,1,1,1
spectral,0.3,2,70,xenium_human_lymph_node_5k,12845.3795,40.9549,40.9549,1,1,1.0,1,1.0,1,1.0,1,1.0,0.30777157159160834,1.926922917404364,1,1,1,1,1
spectral,0.3,2,71,xenium_human_lymph_node_5k,12707.5535,52.0098,52.0098,1,1,1.0,1,1.0,1,1.0,1,1.0,0.2881489845763572,1.6159811867826361,1,1,1,1,1
spectral,0.3,2,72,xenium_human_lymph_node_5k,13053.0368,46.1679,46.1679,1,1,1.0,1,1.0,1,0.9649,1,0.8871,0.3114539742202427,1.8402500246165119,1,1,1,1,1
spectral,0.3,2,73,xenium_human_lymph_node_5k,17661.8554,45.0301,45.0301,1,1,1.0,1,1.0,1,1.0,1,0.9851,0.3060855086498217,1.989710005925793,1,1,1,1,1
spectral,0.3,2,74,xenium_human_lymph_node_5k,14672.1486,42.7135,42.7135,1,1,1.0,1,1.0,1,1.0,1,0.9783,0.2904699734688232,1.4841013476628426,1,1,1,1,1
spectral,0.3,2,75,xenium_human_lymph_node_5k,14695.0254,39.3947,39.3947,1,1,1.0,1,1.0,1,1.0,1,0.9692,0.3079477722405456,1.6971884756607922,1,1,1,1,1
spectral,0.3,2,76,xenium_human_lymph_node_5k,17305.243,48.1878,48.2067,2,1,1.0,1,1.0,1,1.0,1,0.9636,0.2934168302950655,1.7669112474049942,2,1,1,1,1
spectral,0.3,2,77,xenium_human_lymph_node_5k,17599.7262,42.0369,42.1019,2,1,1.0,1,1.0,1,1.0,1,0.9824,0.3057217958932701,1.8593062675511791,2,1,1,1,1
spectral,0.3,2,78,xenium_human_lymph_node_5k,18613.488,44.6918,44.6918,1,1,1.0,1,1.0,1,1.0,1,0.95,0.29643201226495386,1.3858569946071215,1,1,1,1,1
spectral,0.3,2,79,xenium_human_lymph_node_5k,17987.577,58.1469,58.1469,1,1,1.0,1,1.0,1,1.0,1,0.9653,0.30971915519564347,2.528918565551524,1,1,1,1,1
spectral,0.3,2,80,xenium_human_lymph_node_5k,17744.8007,51.9686,51.9686,1,1,1.0,1,1.0,1,1.0,1,1.0,0.2947036856059447,1.9872833053870758,1,1,1,1,1
spectral,0.3,2,81,xenium_human_lymph_node_5k,17901.0737,38.1863,38.8394,2,0,1.0,1,1.0,1,1.0,1,0.9896,0.2984484977133032,1.8283854927554513,2,0,1,1,1
spectral,0.3,2,82,xenium_human_lymph_node_5k,17627.9096,38.3783,38.3783,1,1,1.0,1,1.0,1,1.0,1,0.9935,0.3104091337701088,2.048855097077585,1,1,1,1,1
spectral,0.3,2,83,xenium_human_lymph_node_5k,20324.715,39.1131,39.1131,1,1,1.0,1,1.0,1,1.0,1,0.9825,0.3050745755419612,1.5401252891376882,1,1,1,1,1
spectral,0.3,2,84,xenium_human_lymph_node_5k,19737.8381,39.3335,39.3335,1,1,1.0,1,1.0,1,1.0,1,0.9808,0.3044069247242929,1.614602083022128,1,1,1,1,1
spectral,0.3,2,85,xenium_human_lymph_node_5k,19927.2745,49.1183,49.1183,1,1,1.0,1,1.0,1,1.0,1,0.9924,0.312390061902223,1.7976765106219768,1,1,1,1,1
spectral,0.3,2,86,xenium_human_lymph_node_5k,19315.0211,44.0384,44.0384,1,1,1.0,1,1.0,1,1.0,1,1.0,0.29801024935076537,2.4700425487154183,1,1,1,1,1
spectral,0.3,2,87,xenium_human_lymph_node_5k,18879.5076,36.3516,36.3516,1,1,1.0,1,1.0,1,1.0,1,1.0,0.31324832361342025,1.6108380549649348,1,1,1,1,1
spectral,0.3,2,88,xenium_human_lymph_node_5k,19449.8573,37.9209,37.9209,1,1,1.0,1,1.0,1,1.0,1,1.0,0.2931384246418378,1.2894545253629066,1,1,1,1,1
spectral,0.3,2,89,xenium_human_lymph_node_5k,22792.4754,40.2708,40.2708,1,1,1.0,1,1.0,1,1.0,1,1.0,0.30756119736937704,1.43834312379829,1,1,1,1,1
spectral,0.3,2,90,xenium_human_lymph_node_5k,20670.4091,44.3607,44.3607,1,1,1.0,1,1.0,1,1.0,1,0.9919,0.2956986919458387,2.0764836660735893,1,1,1,1,1
spectral,0.3,2,91,xenium_human_lymph_node_5k,24183.7483,42.2364,42.6261,2,0,1.0,1,1.0,1,1.0,1,0.99,0.30691520530057725,1.9033459748366883,2,0,1,1,1
spectral,0.3,2,92,xenium_human_lymph_node_5k,24363.7335,41.6684,41.6684,1,1,1.0,1,1.0,1,1.0,1,1.0,0.3139279672726398,1.5711854034894406,1,1,1,1,1
spectral,0.3,2,93,xenium_human_lymph_node_5k,22719.3702,44.1314,44.1314,1,1,1.0,1,1.0,1,1.0,1,0.9824,0.29685386667418273,1.882556208561794,1,1,1,1,1
spectral,0.3,2,94,xenium_human_lymph_node_5k,26623.9407,53.0288,53.0288,1,1,1.0,1,1.0,1,1.0,1,0.9759,0.28938640307532343,1.8954002069103697,1,1,1,1,1
spectral,0.3,2,95,xenium_human_lymph_node_5k,26219.7414,44.9732,44.9732,1,1,1.0,1,1.0,1,1.0,1,0.9898,0.3037870664316719,1.8492215229203528,1,1,1,1,1
spectral,0.3,2,96,xenium_human_lymph_node_5k,26646.0185,38.1557,38.1557,1,1,1.0,1,1.0,1,1.0,1,1.0,0.30544736836692304,1.524920863164647,1,1,1,1,1
spectral,0.3,2,97,xenium_human_lymph_node_5k,16710.9204,41.4088,41.4088,1,1,1.0,1,1.0,1,1.0,1,0.9888,0.3093780390297864,1.827474477952425,1,1,1,1,1
spectral,0.3,2,98,xenium_human_lymph_node_5k,13312.025,41.2479,41.2479,1,1,1.0,1,1.0,1,1.0,1,0.9921,0.2956088496512283,1.63392706175451,1,1,1,1,1
spectral,0.3,2,99,xenium_human_lymph_node_5k,13404.6774,41.1766,41.6259,9,0,1.0,1,1.0,1,1.0,1,0.9811,0.3014407051315544,1.8255682724688118,9,0,1,1,1
spectral,0.3,3,0,xenium_human_lymph_node_5k,12807.5581,42.6331,42.6331,1,1,1.0,1,1.0,1,1.0,1,1.0,0.2902463961591457,1.6382476279258609,1,1,1,1,1
spectral,0.3,3,1,xenium_human_lymph_node_5k,12660.9757,38.7821,38.7821,1,1,1.0,1,1.0,1,1.0,1,1.0,0.29170368988046097,1.5639542851000254,1,1,1,1,1
spectral,0.3,3,2,xenium_human_lymph_node_5k,12918.7594,39.8247,39.8514,2,1,1.0,1,1.0,1,0.9722,1,0.9415,0.3031454768885656,1.5313544517047624,2,1,1,1,1
spectral,0.3,3,3,xenium_human_lymph_node_5k,14331.3276,43.2912,43.2912,1,1,1.0,1,1.0,1,1.0,1,1.0,0.28694967438716795,1.6889600349095797,1,1,1,1,1
spectral,0.3,3,4,xenium_human_lymph_node_5k,13757.0786,41.3591,41.3591,1,1,1.0,1,1.0,1,1.0,1,0.9048,0.29933825243772055,1.623290036741868,1,1,1,1,1
spectral,0.3,3,5,xenium_human_lymph_node_5k,13156.1091,46.6609,46.6609,1,1,1.0,1,1.0,1,1.0,1,0.9457,0.31041915789030244,2.1451084174791997,1,1,1,1,1
spectral,0.3,3,6,xenium_human_lymph_node_5k,13220.1793,44.5374,44.5374,1,1,1.0,1,1.0,1,1.0,1,0.9859,0.2985456447320121,2.3140460277535944,1,1,1,1,1
spectral,0.3,3,7,xenium_human_lymph_node_5k,13043.8089,40.4254,40.4254,1,1,1.0,1,1.0,1,1.0,1,0.9474,0.29639138267145665,1.4654623864713427,1,1,1,1,1
spectral,0.3,3,8,xenium_human_lymph_node_5k,13004.9986,44.8326,44.8326,1,1,1.0,1,1.0,1,1.0,1,1.0,0.2928301318361381,1.6949359005397815,1,1,1,1,1
spectral,0.3,3,9,xenium_human_lymph_node_5k,13141.2392,35.6259,35.6259,1,1,1.0,1,1.0,1,1.0,1,1.0,0.28865325450170637,1.7952584613887757,1,1,1,1,1
spectral,0.3,3,10,xenium_human_lymph_node_5k,13177.0452,34.8004,34.8004,1,1,1.0,1,1.0,1,1.0,1,1.0,0.29549275949550685,2.105471013087251,1,1,1,1,1
spectral,0.3,3,11,xenium_human_lymph_node_5k,13101.0054,46.9975,47.1693,2,1,1.0,1,1.0,1,1.0,1,1.0,0.28801608276750407,2.1844719130618047,2,1,1,1,1
spectral,0.3,3,12,xenium_human_lymph_node_5k,13024.0997,39.2512,39.2512,1,1,1.0,1,1.0,1,1.0,1,1.0,0.2956134136918809,1.7272856451579646,1,1,1,1,1
spectral,0.3,3,13,xenium_human_lymph_node_5k,12715.3484,62.248,62.248,1,1,1.0,1,1.0,1,1.0,1,0.9412,0.3148693880573019,1.491533824343991,1,1,1,1,1
spectral,0.3,3,14,xenium_human_lymph_node_5k,12589.4511,44.1599,44.2823,2,1,1.0,1,1.0,1,1.0,1,1.0,0.2999990382741998,1.8430336909892737,2,1,1,1,1
spectral,0.3,3,15,xenium_human_lymph_node_5k,12699.1941,112.8884,112.8884,1,1,1.0,1,1.0,1,0.4,1,0.5,0.3005337152548827,3.2930546103642886,1,1,1,1,1
spectral,0.3,3,16,xenium_human_lymph_node_5k,12714.4099,40.0715,40.737,2,0,1.0,1,1.0,1,1.0,1,0.9873,0.2959444362753818,1.7031960682599911,2,0,1,1,1
spectral,0.3,3,17,xenium_human_lymph_node_5k,13251.195,38.6203,38.6203,1,1,1.0,1,1.0,1,1.0,1,1.0,0.295085609825617,1.5145473479122706,1,1,1,1,1
spectral,0.3,3,18,xenium_human_lymph_node_5k,13800.9706,43.9559,43.9559,1,1,1.0,1,1.0,1,1.0,1,1.0,0.3050037835487741,1.9716260678744837,1,1,1,1,1
spectral,0.3,3,19,xenium_human_lymph_node_5k,13052.4653,39.989,39.989,1,1,1.0,1,1.0,1,0.9783,1,0.9355,0.3014472078755496,1.6525132719533575,1,1,1,1,1
spectral,0.3,3,20,xenium_human_lymph_node_5k,12965.3568,40.4177,40.4177,1,1,1.0,1,1.0,1,1.0,1,0.9673,0.2944211826391267,1.839878745184166,1,1,1,1,1
spectral,0.3,3,21,xenium_human_lymph_node_5k,13101.6543,44.4842,44.4842,1,1,1.0,1,1.0,1,1.0,1,0.9583,0.2925902673585026,1.6797619753554667,1,1,1,1,1
spectral,0.3,3,22,xenium_human_lymph_node_5k,12505.7095,51.4956,51.4956,1,1,1.0,1,1.0,1,1.0,1,0.9675,0.2933445636140671,1.3946134276989863,1,1,1,1,1
spectral,0.3,3,23,xenium_human_lymph_node_5k,12524.2859,38.1054,38.1054,1,1,1.0,1,1.0,1,1.0,1,1.0,0.2886553766781235,1.8535373294954711,1,1,1,1,1
spectral,0.3,3,24,xenium_human_lymph_node_5k,12656.162,42.1961,42.1961,1,1,1.0,1,1.0,1,1.0,1,0.9636,0.2819778777830428,1.7404080647573636,1,1,1,1,1
spectral,0.3,3,25,xenium_human_lymph_node_5k,12696.6201,39.5315,39.5315,1,1,1.0,1,1.0,1,1.0,1,1.0,0.3115073113520118,1.5354679586347388,1,1,1,1,1
spectral,0.3,3,26,xenium_human_lymph_node_5k,12555.6244,42.5465,42.5465,1,1,1.0,1,1.0,1,1.0,1,0.9963,0.30163749031204923,1.7508431019372643,1,1,1,1,1
spectral,0.3,3,27,xenium_human_lymph_node_5k,13846.561,45.4232,45.4232,1,1,1.0,1,1.0,1,1.0,1,0.9836,0.28674007837613724,1.624093419324004,1,1,1,1,1
spectral,0.3,3,28,xenium_human_lymph_node_5k,13849.2099,38.9209,38.9209,1,1,1.0,1,1.0,1,1.0,1,0.975,0.29331268957397777,1.7422222475799372,1,1,1,1,1
spectral,0.3,3,29,xenium_human_lymph_node_5k,12710.1588,43.6034,43.6034,1,1,1.0,1,1.0,1,1.0,1,0.9956,0.29933749383352504,1.7896985510717345,1,1,1,1,1
spectral,0.3,3,30,xenium_human_lymph_node_5k,12582.659,36.8124,36.8124,1,1,1.0,1,1.0,1,1.0,1,1.0,0.30810556993531923,1.9388707042152826,1,1,1,1,1
spectral,0.3,3,31,xenium_human_lymph_node_5k,12569.9489,39.9622,39.9622,1,1,1.0,1,1.0,1,1.0,1,1.0,0.3017949130094065,1.7669459235121594,1,1,1,1,1
spectral,0.3,3,32,xenium_human_lymph_node_5k,13246.0251,40.3941,40.3941,1,1,1.0,1,1.0,1,1.0,1,0.9688,0.28984595125500995,1.501343894722383,1,1,1,1,1
spectral,0.3,3,33,xenium_human_lymph_node_5k,14544.5573,40.6126,40.6126,1,1,1.0,1,1.0,1,1.0,1,1.0,0.29525724959144034,1.4758469579834947,1,1,1,1,1
spectral,0.3,3,34,xenium_human_lymph_node_5k,13261.3738,49.0447,49.0447,1,1,1.0,1,1.0,1,1.0,1,0.9408,0.2903909574488013,1.7735212786438375,1,1,1,1,1
spectral,0.3,3,35,xenium_human_lymph_node_5k,12913.916,50.5771,50.5771,1,1,1.0,1,1.0,1,1.0,1,1.0,0.306750469973193,2.1414313755047516,1,1,1,1,1
spectral,0.3,3,36,xenium_human_lymph_node_5k,13816.9786,46.073,46.073,1,1,1.0,1,1.0,1,1.0,1,0.9658,0.2852989563647078,1.723099086625824,1,1,1,1,1
spectral,0.3,3,37,xenium_human_lymph_node_5k,13041.6174,40.7694,41.0053,3,1,1.0,1,1.0,1,1.0,1,0.9935,0.2944098071673531,1.779928713556182,3,1,1,1,1
spectral,0.3,3,38,xenium_human_lymph_node_5k,13257.4923,49.1893,49.1893,1,1,1.0,1,1.0,1,1.0,1,1.0,0.2834252624960676,1.6389764230145167,1,1,1,1,1
spectral,0.3,3,39,xenium_human_lymph_node_5k,13076.9324,43.4411,43.6299,2,1,1.0,1,1.0,1,0.9767,1,0.9388,0.2980664566281758,2.020728434231206,2,1,1,1,1
spectral,0.3,3,40,xenium_human_lymph_node_5k,13161.0907,41.4407,41.4407,1,1,1.0,1,1.0,1,1.0,1,0.9342,0.2909644812431193,1.5391755216736136,1,1,1,1,1
spectral,0.3,3,41,xenium_human_lymph_node_5k,13079.2448,39.4395,39.4395,1,1,1.0,1,1.0,1,1.0,1,0.9825,0.32115586615048647,1.5301953923725709,1,1,1,1,1
spectral,0.3,3,42,xenium_human_lymph_node_5k,13286.2015,71.2755,71.2755,1,1,1.0,1,1.0,1,1.0,1,1.0,0.29646443133439593,1.1921182159148627,1,1,1,1,1
spectral,0.3,3,43,xenium_human_lymph_node_5k,13190.4056,38.0897,38.0897,1,1,1.0,1,1.0,1,1.0,1,0.975,0.29790445644796393,1.402946533979391,1,1,1,1,1
spectral,0.3,3,44,xenium_human_lymph_node_5k,13046.7377,49.3122,49.4188,3,1,1.0,1,1.0,1,1.0,1,0.9818,0.30555843556309403,2.2248960445802375,3,1,1,1,1
spectral,0.3,3,45,xenium_human_lymph_node_5k,13052.0282,40.0525,40.0525,1,1,1.0,1,1.0,1,1.0,1,0.9533,0.30600866013856654,1.612805660509843,1,1,1,1,1
spectral,0.3,3,46,xenium_human_lymph_node_5k,13165.2605,44.7515,44.7515,1,1,1.0,1,1.0,1,1.0,1,0.9913,0.30355975239956345,1.908695688010628,1,1,1,1,1
spectral,0.3,3,47,xenium_human_lymph_node_5k,13357.7205,44.1463,44.1463,1,1,1.0,1,1.0,1,1.0,1,0.9844,0.29110310518226507,1.5976649641533924,1,1,1,1,1
spectral,0.3,3,48,xenium_human_lymph_node_5k,13342.477,37.242,37.242,1,1,1.0,1,1.0,1,1.0,1,1.0,0.30397771659482486,1.483250914756257,1,1,1,1,1
spectral,0.3,3,49,xenium_human_lymph_node_5k,13219.9755,46.3686,46.3686,1,1,1.0,1,1.0,1,1.0,1,1.0,0.29167299041852734,1.8510034591717597,1,1,1,1,1
spectral,0.3,3,50,xenium_human_lymph_node_5k,13268.8183,41.9885,41.9885,1,1,1.0,1,1.0,1,1.0,1,0.9894,0.29216326873218074,1.649495001394802,1,1,1,1,1
spectral,0.3,3,51,xenium_human_lymph_node_5k,13193.8295,44.266,44.266,1,1,1.0,1,1.0,1,1.0,1,0.9811,0.3006981867477841,1.7208170114595003,1,1,1,1,1
spectral,0.3,3,52,xenium_human_lymph_node_5k,13047.4806,53.3373,53.3373,1,1,1.0,1,1.0,1,1.0,1,0.9286,0.31124036851088854,1.9790705245510491,1,1,1,1,1
spectral,0.3,3,53,xenium_human_lymph_node_5k,13091.0068,40.4751,40.4751,1,1,1.0,1,1.0,1,1.0,1,0.9884,0.2999132682554625,1.8980385564341233,1,1,1,1,1
spectral,0.3,3,54,xenium_human_lymph_node_5k,13066.9145,43.4184,43.4184,1,1,1.0,1,1.0,1,1.0,1,0.9718,0.3008182757497195,1.67414247803444,1,1,1,1,1
spectral,0.3,3,55,xenium_human_lymph_node_5k,13108.2584,40.3852,40.3852,1,1,1.0,1,1.0,1,1.0,1,0.9867,0.2994668029233413,1.4879142159257066,1,1,1,1,1
spectral,0.3,3,56,xenium_human_lymph_node_5k,13036.9202,42.359,42.359,1,1,1.0,1,1.0,1,1.0,1,0.9848,0.2868645041316537,1.5851102465715081,1,1,1,1,1
spectral,0.3,3,57,xenium_human_lymph_node_5k,13275.934,39.8884,39.8884,1,1,1.0,1,1.0,1,1.0,1,0.987,0.2997682286638217,1.396394557674089,1,1,1,1,1
spectral,0.3,3,58,xenium_human_lymph_node_5k,13083.0942,40.8245,40.8245,1,1,1.0,1,1.0,1,1.0,1,0.9924,0.3069783539808567,2.7405859142902025,1,1,1,1,1
spectral,0.3,3,59,xenium_human_lymph_node_5k,13135.639,45.8127,45.8127,1,1,1.0,1,1.0,1,1.0,1,1.0,0.2929389628786469,2.3735255905985526,1,1,1,1,1
spectral,0.3,3,60,xenium_human_lymph_node_5k,13010.7873,37.5227,37.5227,1,1,1.0,1,1.0,1,1.0,1,1.0,0.2994117117914684,1.4713986514776312,1,1,1,1,1
spectral,0.3,3,61,xenium_human_lymph_node_5k,12920.6294,43.4242,43.4242,1,1,1.0,1,1.0,1,1.0,1,0.9852,0.2876929184487685,1.3490218612893161,1,1,1,1,1
spectral,0.3,3,62,xenium_human_lymph_node_5k,13081.8253,34.6775,34.6775,1,1,1.0,1,1.0,1,1.0,1,1.0,0.311739877820261,1.2831979591605194,1,1,1,1,1
spectral,0.3,3,63,xenium_human_lymph_node_5k,12959.149,41.0529,41.0529,1,1,1.0,1,1.0,1,1.0,1,1.0,0.2982257036659682,1.547522341564532,1,1,1,1,1
spectral,0.3,3,64,xenium_human_lymph_node_5k,12853.7777,40.8857,41.0091,2,1,1.0,1,1.0,1,1.0,1,1.0,0.2867712236003112,1.6009179869315737,2,1,1,1,1
spectral,0.3,3,65,xenium_human_lymph_node_5k,12776.3177,53.5285,53.5285,1,1,1.0,1,1.0,1,1.0,1,1.0,0.29999482053813037,3.0575107166583115,1,1,1,1,1
spectral,0.3,3,66,xenium_human_lymph_node_5k,12869.0664,38.36,38.36,1,1,1.0,1,1.0,1,1.0,1,1.0,0.2998261736774442,1.9248858401895423,1,1,1,1,1
spectral,0.3,3,67,xenium_human_lymph_node_5k,12970.2884,39.9691,40.1283,2,1,1.0,1,1.0,1,1.0,1,0.9639,0.3051494969891822,1.6788483593688222,2,1,1,1,1
spectral,0.3,3,68,xenium_human_lymph_node_5k,12805.7638,50.075,50.075,1,1,1.0,1,1.0,1,1.0,1,1.0,0.3045443783155832,1.949364924179237,1,1,1,1,1
spectral,0.3,3,69,xenium_human_lymph_node_5k,12987.2502,40.6889,40.6889,1,1,1.0,1,1.0,1,1.0,1,0.9922,0.30600991424297885,1.8868154625008793,1,1,1,1,1
spectral,0.3,3,70,xenium_human_lymph_node_5k,12696.5351,40.9549,40.9549,1,1,1.0,1,1.0,1,1.0,1,1.0,0.3017501413480738,1.5921173651892087,1,1,1,1,1
spectral,0.3,3,71,xenium_human_lymph_node_5k,12648.0655,52.0098,52.0098,1,1,1.0,1,1.0,1,1.0,1,1.0,0.296627673421248,1.9177142653471384,1,1,1,1,1
spectral,0.3,3,72,xenium_human_lymph_node_5k,12596.0032,46.1679,46.1679,1,1,1.0,1,1.0,1,0.9298,1,0.8871,0.3101418679980038,1.626013227278987,1,1,1,1,1
spectral,0.3,3,73,xenium_human_lymph_node_5k,12614.3217,45.0301,45.0301,1,1,1.0,1,1.0,1,1.0,1,0.9851,0.2888560278874279,2.0248574142445444,1,1,1,1,1
spectral,0.3,3,74,xenium_human_lymph_node_5k,12680.6757,42.7135,42.7135,1,1,1.0,1,1.0,1,1.0,1,0.9783,0.3022636944056101,1.863974430316296,1,1,1,1,1
spectral,0.3,3,75,xenium_human_lymph_node_5k,13609.4046,39.3947,39.3947,1,1,1.0,1,1.0,1,1.0,1,0.9692,0.3107164814767972,1.758203834435285,1,1,1,1,1
spectral,0.3,3,76,xenium_human_lymph_node_5k,14095.6691,48.1878,48.2067,2,1,1.0,1,1.0,1,1.0,1,0.9818,0.29196549738518873,1.7431686338945123,2,1,1,1,1
spectral,0.3,3,77,xenium_human_lymph_node_5k,13204.9703,42.0369,42.1019,2,1,1.0,1,1.0,1,1.0,1,0.9868,0.3103907999911735,1.9642825251325724,2,1,1,1,1
spectral,0.3,3,78,xenium_human_lymph_node_5k,13012.9742,44.6918,44.6918,1,1,1.0,1,1.0,1,1.0,1,0.9667,0.29849740698383076,1.8208447923975182,1,1,1,1,1
spectral,0.3,3,79,xenium_human_lymph_node_5k,13829.7778,58.1469,58.1469,1,1,1.0,1,1.0,1,1.0,1,0.9653,0.2865281037732798,2.5919681564451746,1,1,1,1,1
spectral,0.3,3,80,xenium_human_lymph_node_5k,13299.5978,51.9686,51.9686,1,1,1.0,1,1.0,1,1.0,1,0.9844,0.3108281933129268,2.1664853245992877,1,1,1,1,1
spectral,0.3,3,81,xenium_human_lymph_node_5k,13250.5804,38.1863,38.1863,1,1,1.0,1,1.0,1,1.0,1,0.9896,0.29616968405672933,1.5628442170968566,1,1,1,1,1
spectral,0.3,3,82,xenium_human_lymph_node_5k,13234.5207,38.3783,38.3783,1,1,1.0,1,1.0,1,1.0,1,0.9935,0.2888644279061114,1.503300001056659,1,1,1,1,1
spectral,0.3,3,83,xenium_human_lymph_node_5k,13113.796,39.1131,39.1131,1,1,1.0,1,1.0,1,1.0,1,0.9738,0.3012515452991654,1.3224207680932423,1,1,1,1,1
spectral,0.3,3,84,xenium_human_lymph_node_5k,13113.8295,39.3335,39.3335,1,1,1.0,1,1.0,1,1.0,1,0.9808,0.3032234644520736,1.4789891820594423,1,1,1,1,1
spectral,0.3,3,85,xenium_human_lymph_node_5k,13209.7168,49.1183,49.297,4,1,1.0,1,1.0,1,1.0,1,0.9924,0.2933294228230117,2.204710754687653,4,1,1,1,1
spectral,0.3,3,86,xenium_human_lymph_node_5k,13340.2044,44.0384,44.0384,1,1,1.0,1,1.0,1,1.0,1,1.0,0.3029643530616688,2.477202328015941,1,1,1,1,1
spectral,0.3,3,87,xenium_human_lymph_node_5k,13376.9438,36.3516,36.3516,1,1,1.0,1,1.0,1,1.0,1,1.0,0.3024901154628437,1.5581014752156617,1,1,1,1,1
spectral,0.3,3,88,xenium_human_lymph_node_5k,13289.6768,37.9209,37.9209,1,1,1.0,1,1.0,1,1.0,1,1.0,0.2881711276025084,1.7053691687781398,1,1,1,1,1
spectral,0.3,3,89,xenium_human_lymph_node_5k,13564.0161,40.2708,41.0704,3,0,1.0,1,1.0,1,1.0,1,1.0,0.3019061895887677,1.8987112827861496,3,0,1,1,1
spectral,0.3,3,90,xenium_human_lymph_node_5k,13557.3132,44.3607,44.3607,1,1,1.0,1,1.0,1,1.0,1,0.9919,0.3073544337475895,1.741953534844239,1,1,1,1,1
spectral,0.3,3,91,xenium_human_lymph_node_5k,13576.2519,42.2364,42.2364,1,1,1.0,1,1.0,1,1.0,1,0.9799,0.30703170614616276,1.5812190604099725,1,1,1,1,1
spectral,0.3,3,92,xenium_human_lymph_node_5k,13542.3896,41.6684,41.6684,1,1,1.0,1,1.0,1,1.0,1,1.0,0.2905199327052775,1.8293620465270357,1,1,1,1,1
spectral,0.3,3,93,xenium_human_lymph_node_5k,13523.6204,44.1314,44.1314,1,1,1.0,1,1.0,1,1.0,1,0.9868,0.2995835808881715,1.973418324716228,1,1,1,1,1
spectral,0.3,3,94,xenium_human_lymph_node_5k,13329.5464,53.0288,53.0288,1,1,1.0,1,1.0,1,1.0,1,0.9759,0.3149299735631584,1.7451101063196324,1,1,1,1,1
spectral,0.3,3,95,xenium_human_lymph_node_5k,13278.2982,44.9732,45.2114,2,1,1.0,1,1.0,1,1.0,1,0.9898,0.29487383970739023,1.9015866701608157,2,1,1,1,1
spectral,0.3,3,96,xenium_human_lymph_node_5k,12993.359,38.1557,38.1557,1,1,1.0,1,1.0,1,1.0,1,1.0,0.294024104392177,1.873372896671192,1,1,1,1,1
spectral,0.3,3,97,xenium_human_lymph_node_5k,12993.2863,41.4088,41.4088,1,1,1.0,1,1.0,1,1.0,1,0.9944,0.3097355394630309,1.8677329481223237,1,1,1,1,1
spectral,0.3,3,98,xenium_human_lymph_node_5k,13095.529,41.2479,41.2479,1,1,1.0,1,1.0,1,1.0,1,0.9921,0.29536687699968006,1.5759241092307388,1,1,1,1,1
spectral,0.3,3,99,xenium_human_lymph_node_5k,12935.7788,41.1766,41.1766,1,1,1.0,1,1.0,1,1.0,1,0.9811,0.2888276519984265,1.547461451894031,1,1,1,1,1
spectral,0.3,4,0,xenium_human_lymph_node_5k,12946.4444,42.6331,42.6331,1,1,1.0,1,1.0,1,1.0,1,1.0,0.30872599474174534,1.7485031416214336,1,1,1,1,1
spectral,0.3,4,1,xenium_human_lymph_node_5k,12661.2214,38.7821,38.7821,1,1,1.0,1,1.0,1,1.0,1,1.0,0.30618641248923695,1.806053554320584,1,1,1,1,1
spectral,0.3,4,2,xenium_human_lymph_node_5k,12750.4216,39.8247,39.8514,2,1,1.0,1,1.0,1,0.9722,1,0.9415,0.29844331134573854,1.7333228468525184,2,1,1,1,1
spectral,0.3,4,3,xenium_human_lymph_node_5k,12631.3429,43.2912,43.2912,1,1,1.0,1,1.0,1,1.0,1,1.0,0.3046083602515599,1.9217756762171023,1,1,1,1,1
spectral,0.3,4,4,xenium_human_lymph_node_5k,12672.1169,41.3591,41.3591,1,1,1.0,1,1.0,1,1.0,1,0.9048,0.28875165489659865,1.4119590337547507,1,1,1,1,1
spectral,0.3,4,5,xenium_human_lymph_node_5k,14003.0484,46.6609,46.6609,1,1,1.0,1,1.0,1,1.0,1,0.9457,0.3167661412614594,1.695932310819537,1,1,1,1,1
spectral,0.3,4,6,xenium_human_lymph_node_5k,14296.3345,44.5374,44.5374,1,1,1.0,1,1.0,1,1.0,1,0.9718,0.3137124251729154,2.238170589982641,1,1,1,1,1
spectral,0.3,4,7,xenium_human_lymph_node_5k,13181.1505,40.4254,40.4254,1,1,1.0,1,1.0,1,1.0,1,1.0,0.30567991053909965,1.4233426235376125,1,1,1,1,1
spectral,0.3,4,8,xenium_human_lymph_node_5k,12998.9547,44.8326,44.8326,1,1,1.0,1,1.0,1,1.0,1,1.0,0.3112272050281909,1.8104114013366885,1,1,1,1,1
spectral,0.3,4,9,xenium_human_lymph_node_5k,12936.3675,35.6259,35.6259,1,1,1.0,1,1.0,1,1.0,1,1.0,0.28784566004303275,1.584023895056172,1,1,1,1,1
spectral,0.3,4,10,xenium_human_lymph_node_5k,12961.7141,34.8004,34.8004,1,1,1.0,1,1.0,1,1.0,1,1.0,0.2917213686591923,1.7703543322798982,1,1,1,1,1
spectral,0.3,4,11,xenium_human_lymph_node_5k,12942.8573,46.9975,46.9975,1,1,1.0,1,1.0,1,1.0,1,1.0,0.3149032066689798,2.3287760434549116,1,1,1,1,1
spectral,0.3,4,12,xenium_human_lymph_node_5k,12940.4518,39.2512,39.2512,1,1,1.0,1,1.0,1,1.0,1,1.0,0.2868510572080184,1.5607410439589928,1,1,1,1,1
spectral,0.3,4,13,xenium_human_lymph_node_5k,12656.9421,62.248,62.248,1,1,1.0,1,1.0,1,1.0,1,0.9412,0.3093072590880722,1.3346481895708995,1,1,1,1,1
spectral,0.3,4,14,xenium_human_lymph_node_5k,12662.6302,44.1599,44.2823,2,1,1.0,1,1.0,1,0.9091,1,0.9592,0.31121464396666304,1.748139052032116,2,1,1,1,1
spectral,0.3,4,15,xenium_human_lymph_node_5k,12647.4135,112.8884,112.8884,1,1,1.0,1,1.0,1,0.4,1,0.5,0.3050353822637936,3.7622242401574155,1,1,1,1,1
spectral,0.3,4,16,xenium_human_lymph_node_5k,12669.6031,40.0715,40.0715,1,1,1.0,1,1.0,1,1.0,1,0.9873,0.2960092603774755,1.999097915336757,1,1,1,1,1
spectral,0.3,4,17,xenium_human_lymph_node_5k,13971.4301,38.6203,38.6203,1,1,1.0,1,1.0,1,1.0,1,0.991,0.30191459938050413,1.7108128493880865,1,1,1,1,1
spectral,0.3,4,18,xenium_human_lymph_node_5k,13306.0468,43.9559,43.9559,1,1,1.0,1,1.0,1,1.0,1,1.0,0.2973157192809331,2.391248298472561,1,1,1,1,1
spectral,0.3,4,19,xenium_human_lymph_node_5k,12936.751,39.989,39.989,1,1,1.0,1,1.0,1,0.9783,1,0.9323,0.3058505727326314,1.991707131389472,1,1,1,1,1
spectral,0.3,4,20,xenium_human_lymph_node_5k,13781.7546,40.4177,40.4177,1,1,1.0,1,1.0,1,1.0,1,0.9869,0.30589298953232696,1.6812870670564435,1,1,1,1,1
spectral,0.3,4,21,xenium_human_lymph_node_5k,13203.81,44.4842,44.4842,1,1,1.0,1,1.0,1,1.0,1,0.9524,0.3004026268406643,1.434907290044792,1,1,1,1,1
spectral,0.3,4,22,xenium_human_lymph_node_5k,13365.4159,51.4956,51.4956,1,1,1.0,1,1.0,1,1.0,1,0.9675,0.3043856408042371,1.2745835388424893,1,1,1,1,1
spectral,0.3,4,23,xenium_human_lymph_node_5k,12879.485,38.1054,38.1054,1,1,1.0,1,1.0,1,1.0,1,1.0,0.2973285531551678,1.6484105482599625,1,1,1,1,1
spectral,0.3,4,24,xenium_human_lymph_node_5k,12696.0057,42.1961,42.1961,1,1,1.0,1,1.0,1,1.0,1,0.9879,0.31334268566726026,2.063271596351241,1,1,1,1,1
spectral,0.3,4,25,xenium_human_lymph_node_5k,12693.1066,39.5315,39.5315,1,1,1.0,1,1.0,1,1.0,1,1.0,0.3009992433758748,1.806838598517756,1,1,1,1,1
spectral,0.3,4,26,xenium_human_lymph_node_5k,12562.7081,42.5465,42.5465,1,1,1.0,1,1.0,1,1.0,1,0.9888,0.30762427443889256,1.840943141868524,1,1,1,1,1
spectral,0.3,4,27,xenium_human_lymph_node_5k,13583.8567,45.4232,45.444,2,1,1.0,1,1.0,1,1.0,1,0.9836,0.28843303246460705,1.6321265965116023,2,1,1,1,1
spectral,0.3,4,28,xenium_human_lymph_node_5k,15043.6035,38.9209,38.9209,1,1,1.0,1,1.0,1,1.0,1,0.975,0.28576472674428205,1.5987529255323805,1,1,1,1,1
spectral,0.3,4,29,xenium_human_lymph_node_5k,13107.0027,43.6034,43.6034,1,1,1.0,1,1.0,1,1.0,1,0.9956,0.29591343777138657,1.4241964089542198,1,1,1,1,1
spectral,0.3,4,30,xenium_human_lymph_node_5k,12413.4341,36.8124,36.8124,1,1,1.0,1,1.0,1,1.0,1,1.0,0.3054861944777894,2.09173938668499,1,1,1,1,1
spectral,0.3,4,31,xenium_human_lymph_node_5k,12239.4193,39.9622,39.9622,1,1,1.0,1,1.0,1,1.0,1,1.0,0.2990986925895859,1.6389881844613672,1,1,1,1,1
spectral,0.3,4,32,xenium_human_lymph_node_5k,12149.9463,40.3941,40.3941,1,1,1.0,1,1.0,1,1.0,1,0.9766,0.29041286016587703,1.5719094736735,1,1,1,1,1
spectral,0.3,4,33,xenium_human_lymph_node_5k,12039.3956,40.6126,40.6126,1,1,1.0,1,1.0,1,1.0,1,1.0,0.2988838757989844,1.8961538605213375,1,1,1,1,1
spectral,0.3,4,34,xenium_human_lymph_node_5k,12508.4222,49.0447,49.2001,2,1,1.0,1,1.0,1,1.0,1,0.9408,0.3043916523115245,2.120889810105383,2,1,1,1,1
spectral,0.3,4,35,xenium_human_lymph_node_5k,14196.3827,50.5771,50.5771,1,1,1.0,1,1.0,1,1.0,1,1.0,0.29950033794607595,2.0300611947803504,1,1,1,1,1
spectral,0.3,4,36,xenium_human_lymph_node_5k,13134.9898,46.073,46.073,1,1,1.0,1,1.0,1,1.0,1,0.9487,0.30017443303200236,2.035099630326227,1,1,1,1,1
spectral,0.3,4,37,xenium_human_lymph_node_5k,12563.0962,40.7694,41.0053,3,1,1.0,1,1.0,1,1.0,1,0.9935,0.2884983994640553,1.7856202053316412,3,1,1,1,1
spectral,0.3,4,38,xenium_human_lymph_node_5k,12677.5703,49.1893,49.1893,1,1,1.0,1,1.0,1,1.0,1,1.0,0.2974060610992162,1.5053812925958265,1,1,1,1,1
spectral,0.3,4,39,xenium_human_lymph_node_5k,12659.8143,43.4411,43.6299,2,1,1.0,1,1.0,1,0.9767,1,0.9347,0.29481587953173827,1.5044159729739233,2,1,1,1,1
spectral,0.3,4,40,xenium_human_lymph_node_5k,12596.4745,41.4407,41.4407,1,1,1.0,1,1.0,1,1.0,1,0.9342,0.2795503167847501,1.4745293210884007,1,1,1,1,1
spectral,0.3,4,41,xenium_human_lymph_node_5k,12551.7272,39.4395,39.4395,1,1,1.0,1,1.0,1,1.0,1,0.9825,0.3117242920154605,2.134886748141523,1,1,1,1,1
spectral,0.3,4,42,xenium_human_lymph_node_5k,12592.729,71.2755,71.2755,1,1,1.0,1,1.0,1,1.0,1,1.0,0.3052676412343124,1.4818193724933226,1,1,1,1,1
spectral,0.3,4,43,xenium_human_lymph_node_5k,12654.8139,38.0897,38.0897,1,1,1.0,1,1.0,1,1.0,1,1.0,0.31484428279297033,1.5778812293777962,1,1,1,1,1
spectral,0.3,4,44,xenium_human_lymph_node_5k,12645.1835,49.3122,49.4188,3,1,1.0,1,1.0,1,1.0,1,0.9879,0.30352959702239357,1.5940549177420889,3,1,1,1,1
spectral,0.3,4,45,xenium_human_lymph_node_5k,12604.3981,40.0525,40.0525,1,1,1.0,1,1.0,1,1.0,1,0.9533,0.3030601910081865,1.6869059267004582,1,1,1,1,1
spectral,0.3,4,46,xenium_human_lymph_node_5k,12484.8735,44.7515,44.7515,1,1,1.0,1,1.0,1,1.0,1,0.9913,0.2922236918414161,1.7543252639745601,1,1,1,1,1
spectral,0.3,4,47,xenium_human_lymph_node_5k,12473.2721,44.1463,44.1463,1,1,1.0,1,1.0,1,1.0,1,0.9766,0.30249850025058755,1.8323608693765658,1,1,1,1,1
spectral,0.3,4,48,xenium_human_lymph_node_5k,12455.1824,37.242,37.242,1,1,1.0,1,1.0,1,1.0,1,1.0,0.2888184137990166,1.6408627188340734,1,1,1,1,1
spectral,0.3,4,49,xenium_human_lymph_node_5k,12557.6484,46.3686,46.3686,1,1,1.0,1,1.0,1,1.0,1,1.0,0.31376439467147893,2.2936203172725604,1,1,1,1,1
spectral,0.3,4,50,xenium_human_lymph_node_5k,12447.4835,41.9885,41.9885,1,1,1.0,1,1.0,1,1.0,1,0.9787,0.29451344531336726,2.0399424228037724,1,1,1,1,1
spectral,0.3,4,51,xenium_human_lymph_node_5k,12554.7718,44.266,44.266,1,1,1.0,1,1.0,1,1.0,1,0.9717,0.3054617881125619,1.811702602586888,1,1,1,1,1
spectral,0.3,4,52,xenium_human_lymph_node_5k,12656.5828,53.3373,53.3373,1,1,1.0,1,1.0,1,1.0,1,0.9286,0.29810132946210044,1.5910504918810822,1,1,1,1,1
spectral,0.3,4,53,xenium_human_lymph_node_5k,12571.7248,40.4751,40.4751,1,1,1.0,1,1.0,1,1.0,1,0.9884,0.2965349673331514,1.6733335048405433,1,1,1,1,1
spectral,0.3,4,54,xenium_human_lymph_node_5k,12566.3393,43.4184,43.4184,1,1,1.0,1,1.0,1,1.0,1,0.9661,0.2988209636001011,1.5217180830840464,1,1,1,1,1
spectral,0.3,4,55,xenium_human_lymph_node_5k,12503.8191,40.3852,40.3852,1,1,1.0,1,1.0,1,1.0,1,0.9823,0.3151594885812124,1.667035777526953,1,1,1,1,1
spectral,0.3,4,56,xenium_human_lymph_node_5k,12592.1105,42.359,42.359,1,1,1.0,1,1.0,1,1.0,1,0.9848,0.3020409623277804,1.7570118017232195,1,1,1,1,1
spectral,0.3,4,57,xenium_human_lymph_node_5k,12458.3392,39.8884,39.908,2,1,1.0,1,1.0,1,1.0,1,0.987,0.2942845745778536,1.758363981172038,2,1,1,1,1
spectral,0.3,4,58,xenium_human_lymph_node_5k,12494.1198,40.8245,40.8245,1,1,1.0,1,1.0,1,1.0,1,0.9847,0.2886131973309404,2.4093776146702557,1,1,1,1,1
spectral,0.3,4,59,xenium_human_lymph_node_5k,12489.5546,45.8127,45.8127,1,1,1.0,1,1.0,1,1.0,1,1.0,0.28854011082592457,2.23445569888528,1,1,1,1,1
spectral,0.3,4,60,xenium_human_lymph_node_5k,12460.7424,37.5227,37.5227,1,1,1.0,1,1.0,1,1.0,1,1.0,0.3053019236607732,1.7320740739806342,1,1,1,1,1
spectral,0.3,4,61,xenium_human_lymph_node_5k,12475.7961,43.4242,43.4242,1,1,1.0,1,1.0,1,1.0,1,0.9926,0.31555082680210067,1.818056044109864,1,1,1,1,1
spectral,0.3,4,62,xenium_human_lymph_node_5k,13331.5069,34.6775,34.6775,1,1,1.0,1,1.0,1,1.0,1,1.0,0.31483165447210504,1.6476281037688683,1,1,1,1,1
spectral,0.3,4,63,xenium_human_lymph_node_5k,12785.5352,41.0529,41.0529,1,1,1.0,1,1.0,1,1.0,1,1.0,0.30227377268067185,1.7480623451645263,1,1,1,1,1
spectral,0.3,4,64,xenium_human_lymph_node_5k,12747.9367,40.8857,40.8857,1,1,1.0,1,1.0,1,1.0,1,1.0,0.30229746004880526,1.6634672245576552,1,1,1,1,1
spectral,0.3,4,65,xenium_human_lymph_node_5k,12654.2762,53.5285,53.5285,1,1,1.0,1,1.0,1,1.0,1,1.0,0.2868010981843505,2.496586802138329,1,1,1,1,1
spectral,0.3,4,66,xenium_human_lymph_node_5k,12851.6913,38.36,38.36,1,1,1.0,1,1.0,1,1.0,1,1.0,0.2850711191489335,1.6276625815713825,1,1,1,1,1
spectral,0.3,4,67,xenium_human_lymph_node_5k,12764.0633,39.9691,40.1283,2,1,1.0,1,1.0,1,1.0,1,0.9639,0.29763755517525203,1.790563769819232,2,1,1,1,1
spectral,0.3,4,68,xenium_human_lymph_node_5k,12833.8423,50.075,50.075,1,1,1.0,1,1.0,1,1.0,1,1.0,0.2958239914644099,2.0598623717526787,1,1,1,1,1
spectral,0.3,4,69,xenium_human_lymph_node_5k,12790.9219,40.6889,40.6889,1,1,1.0,1,1.0,1,1.0,1,0.9845,0.30715612688899446,2.5200026626493806,1,1,1,1,1
spectral,0.3,4,70,xenium_human_lymph_node_5k,12744.8189,40.9549,40.9549,1,1,1.0,1,1.0,1,1.0,1,1.0,0.2965535855567798,1.9043163086884896,1,1,1,1,1
spectral,0.3,4,71,xenium_human_lymph_node_5k,12754.4926,52.0098,52.0098,1,1,1.0,1,1.0,1,1.0,1,1.0,0.3028659952157484,1.5686033809362754,1,1,1,1,1
spectral,0.3,4,72,xenium_human_lymph_node_5k,12357.0244,46.1679,46.1679,1,1,1.0,1,1.0,1,0.9298,1,0.8839,0.2974563239444761,1.776429583053867,1,1,1,1,1
spectral,0.3,4,73,xenium_human_lymph_node_5k,12367.1157,45.0301,45.0301,1,1,1.0,1,1.0,1,1.0,1,1.0,0.3012548881529752,1.7329034634886646,1,1,1,1,1
spectral,0.3,4,74,xenium_human_lymph_node_5k,12481.9312,42.7135,42.7135,1,1,1.0,1,1.0,1,1.0,1,0.9783,0.29651531650037477,1.8742851676251182,1,1,1,1,1
spectral,0.3,4,75,xenium_human_lymph_node_5k,12529.4006,39.3947,39.3947,1,1,1.0,1,1.0,1,1.0,1,0.9692,0.2974790022899227,1.6020281130807223,1,1,1,1,1
spectral,0.3,4,76,xenium_human_lymph_node_5k,12457.1553,48.1878,48.2067,2,1,1.0,1,1.0,1,1.0,1,0.9818,0.31047898200650903,2.3657710300239647,2,1,1,1,1
spectral,0.3,4,77,xenium_human_lymph_node_5k,14633.0826,42.0369,42.1019,2,1,1.0,1,1.0,1,1.0,1,0.9824,0.2945300797667146,1.7214012149748827,2,1,1,1,1
spectral,0.3,4,78,xenium_human_lymph_node_5k,13242.3741,44.6918,44.6918,1,1,1.0,1,1.0,1,1.0,1,1.0,0.29922928394343284,1.5961360269652027,1,1,1,1,1
spectral,0.3,4,79,xenium_human_lymph_node_5k,12159.0139,58.1469,58.1469,1,1,1.0,1,1.0,1,1.0,1,0.9306,0.2983714232289968,2.7800191767847267,1,1,1,1,1
spectral,0.3,4,80,xenium_human_lymph_node_5k,12226.7097,51.9686,51.9686,1,1,1.0,1,1.0,1,1.0,1,1.0,0.29647015114375497,1.874471668116319,1,1,1,1,1
spectral,0.3,4,81,xenium_human_lymph_node_5k,12177.3078,38.1863,38.8394,2,0,1.0,1,1.0,1,1.0,1,0.9896,0.3006084023476835,2.300306046903598,2,0,1,1,1
spectral,0.3,4,82,xenium_human_lymph_node_5k,12230.8845,38.3783,38.3783,1,1,1.0,1,1.0,1,1.0,1,0.9935,0.29786306172773974,1.86669601353013,1,1,1,1,1
spectral,0.3,4,83,xenium_human_lymph_node_5k,12103.0418,39.1131,39.1266,2,1,1.0,1,1.0,1,1.0,1,0.9825,0.299293078179271,1.5379258036566523,2,1,1,1,1
spectral,0.3,4,84,xenium_human_lymph_node_5k,12126.0558,39.3335,39.3335,1,1,1.0,1,1.0,1,1.0,1,0.9808,0.3107195840681718,1.5929080742155608,1,1,1,1,1
spectral,0.3,4,85,xenium_human_lymph_node_5k,12141.4694,49.1183,49.297,4,1,1.0,1,1.0,1,1.0,1,0.9924,0.3061148531089958,1.8013927458615115,4,1,1,1,1
spectral,0.3,4,86,xenium_human_lymph_node_5k,12083.4787,44.0384,44.0384,1,1,1.0,1,1.0,1,1.0,1,1.0,0.29460503720289344,2.1694202861965377,1,1,1,1,1
spectral,0.3,4,87,xenium_human_lymph_node_5k,12037.1829,36.3516,36.3516,1,1,1.0,1,1.0,1,1.0,1,1.0,0.3095206246995159,1.3593749647355036,1,1,1,1,1
spectral,0.3,4,88,xenium_human_lymph_node_5k,12071.7001,37.9209,37.9209,1,1,1.0,1,1.0,1,1.0,1,1.0,0.3006592112959407,1.796654824163896,1,1,1,1,1
spectral,0.3,4,89,xenium_human_lymph_node_5k,11965.3104,40.2708,41.0704,3,0,1.0,1,1.0,1,1.0,1,1.0,0.28913237928869906,1.8963957805138514,3,0,1,1,1
spectral,0.3,4,90,xenium_human_lymph_node_5k,12196.5152,44.3607,44.3607,1,1,1.0,1,1.0,1,1.0,1,0.9919,0.28734475139224963,1.8280222167797855,1,1,1,1,1
spectral,0.3,4,91,xenium_human_lymph_node_5k,12092.2117,42.2364,42.6261,2,0,1.0,1,1.0,1,1.0,1,0.9833,0.3023718062229791,1.563512567062513,2,0,1,1,1
spectral,0.3,4,92,xenium_human_lymph_node_5k,12143.5316,41.6684,41.6684,1,1,1.0,1,1.0,1,1.0,1,1.0,0.291120363820613,1.5022986286375315,1,1,1,1,1
spectral,0.3,4,93,xenium_human_lymph_node_5k,12191.3918,44.1314,44.1314,1,1,1.0,1,1.0,1,1.0,1,0.9824,0.2883434808009336,1.6982598813578362,1,1,1,1,1
spectral,0.3,4,94,xenium_human_lymph_node_5k,12131.0472,53.0288,53.0288,1,1,1.0,1,1.0,1,1.0,1,0.9759,0.3058964712175924,1.9400497000222103,1,1,1,1,1
spectral,0.3,4,95,xenium_human_lymph_node_5k,12011.2865,44.9732,44.9732,1,1,1.0,1,1.0,1,1.0,1,0.9847,0.2972601391367163,2.1002415179816647,1,1,1,1,1
spectral,0.3,4,96,xenium_human_lymph_node_5k,12072.6805,38.1557,38.1557,1,1,1.0,1,1.0,1,1.0,1,1.0,0.2984567746303288,1.693894258062394,1,1,1,1,1
spectral,0.3,4,97,xenium_human_lymph_node_5k,12120.1698,41.4088,41.4088,1,1,1.0,1,1.0,1,1.0,1,0.9831,0.3018730839014065,1.6859245824906952,1,1,1,1,1
spectral,0.3,4,98,xenium_human_lymph_node_5k,12074.0941,41.2479,41.2479,1,1,1.0,1,1.0,1,1.0,1,0.9921,0.28461374230145714,1.6337384538067818,1,1,1,1,1
spectral,0.3,4,99,xenium_human_lymph_node_5k,11990.6547,41.1766,41.2771,2,1,1.0,1,1.0,1,1.0,1,0.9748,0.29992033597958706,1.545717290278286,2,1,1,1,1
