modality,id,x0,y0,x1,y1
Xenium,0,4819.180812263488,6257.154465198517,5475.52734375,7150.159326171874
Xenium,1,4491.0075465202335,6703.656895685195,4819.180812263488,7150.159326171874
Xenium,2,4162.834280776978,6703.656895685195,4491.0075465202335,7150.159326171874
Xenium,3,4491.0075465202335,6257.154465198517,4819.180812263488,6703.656895685195
Xenium,4,4162.834280776978,6257.154465198517,4491.0075465202335,6703.656895685195
Xenium,5,4819.180812263488,5364.149604225158,5475.52734375,6257.154465198517
Xenium,6,4491.0075465202335,5810.652034711838,4819.180812263488,6257.154465198517
Xenium,7,4162.834280776978,5810.652034711838,4491.0075465202335,6257.154465198517
Xenium,8,4491.0075465202335,5364.149604225158,4819.180812263488,5810.652034711838
Xenium,9,4162.834280776978,5364.149604225158,4491.0075465202335,5810.652034711838
Xenium,10,3834.661015033722,6703.656895685195,4162.834280776978,7150.159326171874
Xenium,11,3506.487749290466,6703.656895685195,3834.661015033722,7150.159326171874
Xenium,12,3834.661015033722,6257.154465198517,4162.834280776978,6703.656895685195
Xenium,13,3506.487749290466,6257.154465198517,3834.661015033722,6703.656895685195
Xenium,14,3178.3144835472103,6703.656895685195,3506.487749290466,7150.159326171874
Xenium,15,2850.141217803955,6703.656895685195,3178.3144835472103,7150.159326171874
Xenium,16,3178.3144835472103,6257.154465198517,3506.487749290466,6703.656895685195
Xenium,17,2850.141217803955,6257.154465198517,3178.3144835472103,6703.656895685195
Xenium,18,3834.661015033722,5810.652034711838,4162.834280776978,6257.154465198517
Xenium,19,3506.487749290466,5810.652034711838,3834.661015033722,6257.154465198517
Xenium,20,3834.661015033722,5364.149604225158,4162.834280776978,5810.652034711838
Xenium,21,3506.487749290466,5364.149604225158,3834.661015033722,5810.652034711838
Xenium,22,3178.3144835472103,5810.652034711838,3506.487749290466,6257.154465198517
Xenium,23,2850.141217803955,5810.652034711838,3178.3144835472103,6257.154465198517
Xenium,24,3178.3144835472103,5364.149604225158,3506.487749290466,5810.652034711838
Xenium,25,2850.141217803955,5364.149604225158,3178.3144835472103,5810.652034711838
Xenium,26,4819.180812263488,4471.1447432518,5475.52734375,5364.149604225158
Xenium,27,4162.834280776978,4471.1447432518,4819.180812263488,5364.149604225158
Xenium,28,4819.180812263488,3578.139882278442,5475.52734375,4471.1447432518
Xenium,29,4162.834280776978,3578.139882278442,4819.180812263488,4471.1447432518
Xenium,30,3834.661015033722,4917.647173738479,4162.834280776978,5364.149604225158
Xenium,31,3506.487749290466,4917.647173738479,3834.661015033722,5364.149604225158
Xenium,32,3834.661015033722,4471.1447432518,4162.834280776978,4917.647173738479
Xenium,33,3506.487749290466,4471.1447432518,3834.661015033722,4917.647173738479
Xenium,34,3178.3144835472103,4917.647173738479,3506.487749290466,5364.149604225158
Xenium,35,2850.141217803955,4917.647173738479,3178.3144835472103,5364.149604225158
Xenium,36,3178.3144835472103,4471.1447432518,3506.487749290466,4917.647173738479
Xenium,37,2850.141217803955,4471.1447432518,3178.3144835472103,4917.647173738479
Xenium,38,3834.661015033722,4024.642312765121,4162.834280776978,4471.1447432518
Xenium,39,3506.487749290466,4024.642312765121,3834.661015033722,4471.1447432518
Xenium,40,3834.661015033722,3578.139882278442,4162.834280776978,4024.642312765121
Xenium,41,3506.487749290466,3578.139882278442,3834.661015033722,4024.642312765121
Xenium,42,3178.3144835472103,4024.642312765121,3506.487749290466,4471.1447432518
Xenium,43,2850.141217803955,4024.642312765121,3178.3144835472103,4471.1447432518
Xenium,44,3178.3144835472103,3578.139882278442,3506.487749290466,4024.642312765121
Xenium,45,2850.141217803955,3578.139882278442,3178.3144835472103,4024.642312765121
Xenium,46,2521.9679520606996,6703.656895685195,2850.141217803955,7150.159326171874
Xenium,47,2193.794686317444,6703.656895685195,2521.9679520606996,7150.159326171874
Xenium,48,2521.9679520606996,6257.154465198517,2850.141217803955,6703.656895685195
Xenium,49,2193.794686317444,6257.154465198517,2521.9679520606996,6703.656895685195
Xenium,50,1537.4481548309325,6257.154465198517,2193.794686317444,7150.159326171874
Xenium,51,2193.794686317444,5364.149604225158,2850.141217803955,6257.154465198517
Xenium,52,1537.4481548309325,5364.149604225158,2193.794686317444,6257.154465198517
Xenium,53,881.1016233444213,6257.154465198517,1537.4481548309325,7150.159326171874
Xenium,54,224.75509185791012,6257.154465198517,881.1016233444213,7150.159326171874
Xenium,55,881.1016233444213,5364.149604225158,1537.4481548309325,6257.154465198517
Xenium,56,224.75509185791012,5364.149604225158,881.1016233444213,6257.154465198517
Xenium,57,2193.794686317444,4471.1447432518,2850.141217803955,5364.149604225158
Xenium,58,1537.4481548309325,4471.1447432518,2193.794686317444,5364.149604225158
Xenium,59,2193.794686317444,3578.139882278442,2850.141217803955,4471.1447432518
Xenium,60,1537.4481548309325,3578.139882278442,2193.794686317444,4471.1447432518
Xenium,61,881.1016233444213,4471.1447432518,1537.4481548309325,5364.149604225158
Xenium,62,552.9283576011658,4917.647173738479,881.1016233444213,5364.149604225158
Xenium,63,224.75509185791012,4917.647173738479,552.9283576011658,5364.149604225158
Xenium,64,552.9283576011658,4471.1447432518,881.1016233444213,4917.647173738479
Xenium,65,224.75509185791012,4471.1447432518,552.9283576011658,4917.647173738479
Xenium,66,881.1016233444213,3578.139882278442,1537.4481548309325,4471.1447432518
Xenium,67,224.75509185791012,3578.139882278442,881.1016233444213,4471.1447432518
Xenium,68,4819.180812263488,2685.135021305084,5475.52734375,3578.139882278442
Xenium,69,4162.834280776978,2685.135021305084,4819.180812263488,3578.139882278442
Xenium,70,4819.180812263488,1792.130160331726,5475.52734375,2685.135021305084
Xenium,71,4162.834280776978,1792.130160331726,4819.180812263488,2685.135021305084
Xenium,72,3506.487749290466,2685.135021305084,4162.834280776978,3578.139882278442
Xenium,73,3178.3144835472103,3131.637451791763,3506.487749290466,3578.139882278442
Xenium,74,2850.141217803955,3131.637451791763,3178.3144835472103,3578.139882278442
Xenium,75,3178.3144835472103,2685.135021305084,3506.487749290466,3131.637451791763
Xenium,76,2850.141217803955,2685.135021305084,3178.3144835472103,3131.637451791763
Xenium,77,3506.487749290466,1792.130160331726,4162.834280776978,2685.135021305084
Xenium,78,3178.3144835472103,2238.6325908184053,3506.487749290466,2685.135021305084
Xenium,79,2850.141217803955,2238.6325908184053,3178.3144835472103,2685.135021305084
Xenium,80,3178.3144835472103,1792.130160331726,3506.487749290466,2238.6325908184053
Xenium,81,2850.141217803955,1792.130160331726,3178.3144835472103,2238.6325908184053
Xenium,82,4819.180812263488,899.1252993583679,5475.52734375,1792.130160331726
Xenium,83,4491.0075465202335,1345.627729845047,4819.180812263488,1792.130160331726
Xenium,84,4162.834280776978,1345.627729845047,4491.0075465202335,1792.130160331726
Xenium,85,4491.0075465202335,899.1252993583679,4819.180812263488,1345.627729845047
Xenium,86,4162.834280776978,899.1252993583679,4491.0075465202335,1345.627729845047
Xenium,87,5147.354078006744,452.6228688716888,5475.52734375,899.1252993583679
Xenium,88,4819.180812263488,452.6228688716888,5147.354078006744,899.1252993583679
Xenium,89,5147.354078006744,6.120438385009765,5475.52734375,452.6228688716888
Xenium,90,4819.180812263488,6.120438385009765,5147.354078006744,452.6228688716888
Xenium,91,4491.0075465202335,452.6228688716888,4819.180812263488,899.1252993583679
Xenium,92,4162.834280776978,452.6228688716888,4491.0075465202335,899.1252993583679
Xenium,93,4491.0075465202335,6.120438385009765,4819.180812263488,452.6228688716888
Xenium,94,4162.834280776978,6.120438385009765,4491.0075465202335,452.6228688716888
Xenium,95,3506.487749290466,899.1252993583679,4162.834280776978,1792.130160331726
Xenium,96,3178.3144835472103,1345.627729845047,3506.487749290466,1792.130160331726
Xenium,97,2850.141217803955,1345.627729845047,3178.3144835472103,1792.130160331726
Xenium,98,3178.3144835472103,899.1252993583679,3506.487749290466,1345.627729845047
Xenium,99,2850.141217803955,899.1252993583679,3178.3144835472103,1345.627729845047
Xenium,100,3834.661015033722,452.6228688716888,4162.834280776978,899.1252993583679
Xenium,101,3506.487749290466,452.6228688716888,3834.661015033722,899.1252993583679
Xenium,102,3834.661015033722,6.120438385009765,4162.834280776978,452.6228688716888
Xenium,103,3506.487749290466,6.120438385009765,3834.661015033722,452.6228688716888
Xenium,104,3178.3144835472103,452.6228688716888,3506.487749290466,899.1252993583679
Xenium,105,2850.141217803955,452.6228688716888,3178.3144835472103,899.1252993583679
Xenium,106,3178.3144835472103,6.120438385009765,3506.487749290466,452.6228688716888
Xenium,107,2850.141217803955,6.120438385009765,3178.3144835472103,452.6228688716888
Xenium,108,2193.794686317444,2685.135021305084,2850.141217803955,3578.139882278442
Xenium,109,1865.621420574188,3131.637451791763,2193.794686317444,3578.139882278442
Xenium,110,1537.4481548309325,3131.637451791763,1865.621420574188,3578.139882278442
Xenium,111,1865.621420574188,2685.135021305084,2193.794686317444,3131.637451791763
Xenium,112,1537.4481548309325,2685.135021305084,1865.621420574188,3131.637451791763
Xenium,113,2521.9679520606996,2238.6325908184053,2850.141217803955,2685.135021305084
Xenium,114,2193.794686317444,2238.6325908184053,2521.9679520606996,2685.135021305084
Xenium,115,2521.9679520606996,1792.130160331726,2850.141217803955,2238.6325908184053
Xenium,116,2193.794686317444,1792.130160331726,2521.9679520606996,2238.6325908184053
Xenium,117,1865.621420574188,2238.6325908184053,2193.794686317444,2685.135021305084
Xenium,118,1537.4481548309325,2238.6325908184053,1865.621420574188,2685.135021305084
Xenium,119,1865.621420574188,1792.130160331726,2193.794686317444,2238.6325908184053
Xenium,120,1537.4481548309325,1792.130160331726,1865.621420574188,2238.6325908184053
Xenium,121,1209.274889087677,3131.637451791763,1537.4481548309325,3578.139882278442
Xenium,122,881.1016233444213,3131.637451791763,1209.274889087677,3578.139882278442
Xenium,123,1209.274889087677,2685.135021305084,1537.4481548309325,3131.637451791763
Xenium,124,881.1016233444213,2685.135021305084,1209.274889087677,3131.637451791763
Xenium,125,224.75509185791012,2685.135021305084,881.1016233444213,3578.139882278442
Xenium,126,1209.274889087677,2238.6325908184053,1537.4481548309325,2685.135021305084
Xenium,127,881.1016233444213,2238.6325908184053,1209.274889087677,2685.135021305084
Xenium,128,1209.274889087677,1792.130160331726,1537.4481548309325,2238.6325908184053
Xenium,129,881.1016233444213,1792.130160331726,1209.274889087677,2238.6325908184053
Xenium,130,552.9283576011658,2238.6325908184053,881.1016233444213,2685.135021305084
Xenium,131,224.75509185791012,2238.6325908184053,552.9283576011658,2685.135021305084
Xenium,132,552.9283576011658,1792.130160331726,881.1016233444213,2238.6325908184053
Xenium,133,224.75509185791012,1792.130160331726,552.9283576011658,2238.6325908184053
Xenium,134,2521.9679520606996,1345.627729845047,2850.141217803955,1792.130160331726
Xenium,135,2193.794686317444,1345.627729845047,2521.9679520606996,1792.130160331726
Xenium,136,2521.9679520606996,899.1252993583679,2850.141217803955,1345.627729845047
Xenium,137,2193.794686317444,899.1252993583679,2521.9679520606996,1345.627729845047
Xenium,138,1865.621420574188,1345.627729845047,2193.794686317444,1792.130160331726
Xenium,139,1537.4481548309325,1345.627729845047,1865.621420574188,1792.130160331726
Xenium,140,1865.621420574188,899.1252993583679,2193.794686317444,1345.627729845047
Xenium,141,1537.4481548309325,899.1252993583679,1865.621420574188,1345.627729845047
Xenium,142,2521.9679520606996,452.6228688716888,2850.141217803955,899.1252993583679
Xenium,143,2193.794686317444,452.6228688716888,2521.9679520606996,899.1252993583679
Xenium,144,2521.9679520606996,6.120438385009765,2850.141217803955,452.6228688716888
Xenium,145,2193.794686317444,6.120438385009765,2521.9679520606996,452.6228688716888
Xenium,146,1865.621420574188,452.6228688716888,2193.794686317444,899.1252993583679
Xenium,147,1537.4481548309325,452.6228688716888,1865.621420574188,899.1252993583679
Xenium,148,1865.621420574188,6.120438385009765,2193.794686317444,452.6228688716888
Xenium,149,1537.4481548309325,6.120438385009765,1865.621420574188,452.6228688716888
Xenium,150,1209.274889087677,1345.627729845047,1537.4481548309325,1792.130160331726
Xenium,151,881.1016233444213,1345.627729845047,1209.274889087677,1792.130160331726
Xenium,152,1209.274889087677,899.1252993583679,1537.4481548309325,1345.627729845047
Xenium,153,881.1016233444213,899.1252993583679,1209.274889087677,1345.627729845047
Xenium,154,552.9283576011658,1345.627729845047,881.1016233444213,1792.130160331726
Xenium,155,224.75509185791012,1345.627729845047,552.9283576011658,1792.130160331726
Xenium,156,552.9283576011658,899.1252993583679,881.1016233444213,1345.627729845047
Xenium,157,224.75509185791012,899.1252993583679,552.9283576011658,1345.627729845047
Xenium,158,1209.274889087677,452.6228688716888,1537.4481548309325,899.1252993583679
Xenium,159,881.1016233444213,452.6228688716888,1209.274889087677,899.1252993583679
Xenium,160,1209.274889087677,6.120438385009765,1537.4481548309325,452.6228688716888
Xenium,161,881.1016233444213,6.120438385009765,1209.274889087677,452.6228688716888
Xenium,162,552.9283576011658,452.6228688716888,881.1016233444213,899.1252993583679
Xenium,163,224.75509185791012,452.6228688716888,552.9283576011658,899.1252993583679
Xenium,164,552.9283576011658,6.120438385009765,881.1016233444213,452.6228688716888
Xenium,165,224.75509185791012,6.120438385009765,552.9283576011658,452.6228688716888
Visium,0,4819.180812263488,6257.154465198517,5475.52734375,7150.159326171874
Visium,1,4491.0075465202335,6703.656895685195,4819.180812263488,7150.159326171874
Visium,2,4491.0075465202335,6257.154465198517,4819.180812263488,6703.656895685195
Visium,3,4162.834280776978,6257.154465198517,4491.0075465202335,6703.656895685195
Visium,4,4819.180812263488,5364.149604225158,5475.52734375,6257.154465198517
Visium,5,4491.0075465202335,5810.652034711838,4819.180812263488,6257.154465198517
Visium,6,4162.834280776978,5810.652034711838,4491.0075465202335,6257.154465198517
Visium,7,4491.0075465202335,5364.149604225158,4819.180812263488,5810.652034711838
Visium,8,4162.834280776978,5364.149604225158,4491.0075465202335,5810.652034711838
Visium,9,3834.661015033722,6703.656895685195,4162.834280776978,7150.159326171874
Visium,10,3834.661015033722,6257.154465198517,4162.834280776978,6703.656895685195
Visium,11,3506.487749290466,6257.154465198517,3834.661015033722,6703.656895685195
Visium,12,3178.3144835472103,6703.656895685195,3506.487749290466,7150.159326171874
Visium,13,2850.141217803955,6703.656895685195,3178.3144835472103,7150.159326171874
Visium,14,3178.3144835472103,6257.154465198517,3506.487749290466,6703.656895685195
Visium,15,2850.141217803955,6257.154465198517,3178.3144835472103,6703.656895685195
Visium,16,3834.661015033722,5810.652034711838,4162.834280776978,6257.154465198517
Visium,17,3506.487749290466,5810.652034711838,3834.661015033722,6257.154465198517
Visium,18,3834.661015033722,5364.149604225158,4162.834280776978,5810.652034711838
Visium,19,3506.487749290466,5364.149604225158,3834.661015033722,5810.652034711838
Visium,20,3178.3144835472103,5810.652034711838,3506.487749290466,6257.154465198517
Visium,21,2850.141217803955,5810.652034711838,3178.3144835472103,6257.154465198517
Visium,22,3178.3144835472103,5364.149604225158,3506.487749290466,5810.652034711838
Visium,23,2850.141217803955,5364.149604225158,3178.3144835472103,5810.652034711838
Visium,24,4819.180812263488,4471.1447432518,5475.52734375,5364.149604225158
Visium,25,4162.834280776978,4471.1447432518,4819.180812263488,5364.149604225158
Visium,26,4819.180812263488,3578.139882278442,5475.52734375,4471.1447432518
Visium,27,4162.834280776978,3578.139882278442,4819.180812263488,4471.1447432518
Visium,28,3834.661015033722,4917.647173738479,4162.834280776978,5364.149604225158
Visium,29,3506.487749290466,4917.647173738479,3834.661015033722,5364.149604225158
Visium,30,3834.661015033722,4471.1447432518,4162.834280776978,4917.647173738479
Visium,31,3506.487749290466,4471.1447432518,3834.661015033722,4917.647173738479
Visium,32,3178.3144835472103,4917.647173738479,3506.487749290466,5364.149604225158
Visium,33,2850.141217803955,4917.647173738479,3178.3144835472103,5364.149604225158
Visium,34,3178.3144835472103,4471.1447432518,3506.487749290466,4917.647173738479
Visium,35,2850.141217803955,4471.1447432518,3178.3144835472103,4917.647173738479
Visium,36,3834.661015033722,4024.642312765121,4162.834280776978,4471.1447432518
Visium,37,3506.487749290466,4024.642312765121,3834.661015033722,4471.1447432518
Visium,38,3834.661015033722,3578.139882278442,4162.834280776978,4024.642312765121
Visium,39,3506.487749290466,3578.139882278442,3834.661015033722,4024.642312765121
Visium,40,3178.3144835472103,4024.642312765121,3506.487749290466,4471.1447432518
Visium,41,2850.141217803955,4024.642312765121,3178.3144835472103,4471.1447432518
Visium,42,3178.3144835472103,3578.139882278442,3506.487749290466,4024.642312765121
Visium,43,2850.141217803955,3578.139882278442,3178.3144835472103,4024.642312765121
Visium,44,2521.9679520606996,6703.656895685195,2850.141217803955,7150.159326171874
Visium,45,2193.794686317444,6703.656895685195,2521.9679520606996,7150.159326171874
Visium,46,2521.9679520606996,6257.154465198517,2850.141217803955,6703.656895685195
Visium,47,2193.794686317444,6257.154465198517,2521.9679520606996,6703.656895685195
Visium,48,1537.4481548309325,6257.154465198517,2193.794686317444,7150.159326171874
Visium,49,2193.794686317444,5364.149604225158,2850.141217803955,6257.154465198517
Visium,50,1537.4481548309325,5364.149604225158,2193.794686317444,6257.154465198517
Visium,51,881.1016233444213,6257.154465198517,1537.4481548309325,7150.159326171874
Visium,52,224.75509185791012,6257.154465198517,881.1016233444213,7150.159326171874
Visium,53,881.1016233444213,5364.149604225158,1537.4481548309325,6257.154465198517
Visium,54,224.75509185791012,5364.149604225158,881.1016233444213,6257.154465198517
Visium,55,2193.794686317444,4471.1447432518,2850.141217803955,5364.149604225158
Visium,56,1537.4481548309325,4471.1447432518,2193.794686317444,5364.149604225158
Visium,57,2193.794686317444,3578.139882278442,2850.141217803955,4471.1447432518
Visium,58,1537.4481548309325,3578.139882278442,2193.794686317444,4471.1447432518
Visium,59,881.1016233444213,4471.1447432518,1537.4481548309325,5364.149604225158
Visium,60,552.9283576011658,4917.647173738479,881.1016233444213,5364.149604225158
Visium,61,552.9283576011658,4471.1447432518,881.1016233444213,4917.647173738479
Visium,62,881.1016233444213,3578.139882278442,1537.4481548309325,4471.1447432518
Visium,63,224.75509185791012,3578.139882278442,881.1016233444213,4471.1447432518
Visium,64,4819.180812263488,2685.135021305084,5475.52734375,3578.139882278442
Visium,65,4162.834280776978,2685.135021305084,4819.180812263488,3578.139882278442
Visium,66,4819.180812263488,1792.130160331726,5475.52734375,2685.135021305084
Visium,67,4162.834280776978,1792.130160331726,4819.180812263488,2685.135021305084
Visium,68,3506.487749290466,2685.135021305084,4162.834280776978,3578.139882278442
Visium,69,3178.3144835472103,3131.637451791763,3506.487749290466,3578.139882278442
Visium,70,2850.141217803955,3131.637451791763,3178.3144835472103,3578.139882278442
Visium,71,3178.3144835472103,2685.135021305084,3506.487749290466,3131.637451791763
Visium,72,2850.141217803955,2685.135021305084,3178.3144835472103,3131.637451791763
Visium,73,3506.487749290466,1792.130160331726,4162.834280776978,2685.135021305084
Visium,74,3178.3144835472103,2238.6325908184053,3506.487749290466,2685.135021305084
Visium,75,2850.141217803955,2238.6325908184053,3178.3144835472103,2685.135021305084
Visium,76,3178.3144835472103,1792.130160331726,3506.487749290466,2238.6325908184053
Visium,77,2850.141217803955,1792.130160331726,3178.3144835472103,2238.6325908184053
Visium,78,4819.180812263488,899.1252993583679,5475.52734375,1792.130160331726
Visium,79,4491.0075465202335,1345.627729845047,4819.180812263488,1792.130160331726
Visium,80,4162.834280776978,1345.627729845047,4491.0075465202335,1792.130160331726
Visium,81,4491.0075465202335,899.1252993583679,4819.180812263488,1345.627729845047
Visium,82,4162.834280776978,899.1252993583679,4491.0075465202335,1345.627729845047
Visium,83,5147.354078006744,452.6228688716888,5475.52734375,899.1252993583679
Visium,84,4819.180812263488,452.6228688716888,5147.354078006744,899.1252993583679
Visium,85,5147.354078006744,6.120438385009765,5475.52734375,452.6228688716888
Visium,86,4819.180812263488,6.120438385009765,5147.354078006744,452.6228688716888
Visium,87,4491.0075465202335,452.6228688716888,4819.180812263488,899.1252993583679
Visium,88,4162.834280776978,452.6228688716888,4491.0075465202335,899.1252993583679
Visium,89,4491.0075465202335,6.120438385009765,4819.180812263488,452.6228688716888
Visium,90,4162.834280776978,6.120438385009765,4491.0075465202335,452.6228688716888
Visium,91,3506.487749290466,899.1252993583679,4162.834280776978,1792.130160331726
Visium,92,3178.3144835472103,1345.627729845047,3506.487749290466,1792.130160331726
Visium,93,2850.141217803955,1345.627729845047,3178.3144835472103,1792.130160331726
Visium,94,3178.3144835472103,899.1252993583679,3506.487749290466,1345.627729845047
Visium,95,2850.141217803955,899.1252993583679,3178.3144835472103,1345.627729845047
Visium,96,3834.661015033722,452.6228688716888,4162.834280776978,899.1252993583679
Visium,97,3506.487749290466,452.6228688716888,3834.661015033722,899.1252993583679
Visium,98,3834.661015033722,6.120438385009765,4162.834280776978,452.6228688716888
Visium,99,3506.487749290466,6.120438385009765,3834.661015033722,452.6228688716888
Visium,100,3178.3144835472103,452.6228688716888,3506.487749290466,899.1252993583679
Visium,101,2850.141217803955,452.6228688716888,3178.3144835472103,899.1252993583679
Visium,102,3178.3144835472103,6.120438385009765,3506.487749290466,452.6228688716888
Visium,103,2850.141217803955,6.120438385009765,3178.3144835472103,452.6228688716888
Visium,104,2193.794686317444,2685.135021305084,2850.141217803955,3578.139882278442
Visium,105,1865.621420574188,3131.637451791763,2193.794686317444,3578.139882278442
Visium,106,1537.4481548309325,3131.637451791763,1865.621420574188,3578.139882278442
Visium,107,1865.621420574188,2685.135021305084,2193.794686317444,3131.637451791763
Visium,108,1537.4481548309325,2685.135021305084,1865.621420574188,3131.637451791763
Visium,109,2521.9679520606996,2238.6325908184053,2850.141217803955,2685.135021305084
Visium,110,2193.794686317444,2238.6325908184053,2521.9679520606996,2685.135021305084
Visium,111,2521.9679520606996,1792.130160331726,2850.141217803955,2238.6325908184053
Visium,112,2193.794686317444,1792.130160331726,2521.9679520606996,2238.6325908184053
Visium,113,1865.621420574188,2238.6325908184053,2193.794686317444,2685.135021305084
Visium,114,1537.4481548309325,2238.6325908184053,1865.621420574188,2685.135021305084
Visium,115,1865.621420574188,1792.130160331726,2193.794686317444,2238.6325908184053
Visium,116,1537.4481548309325,1792.130160331726,1865.621420574188,2238.6325908184053
Visium,117,1209.274889087677,3131.637451791763,1537.4481548309325,3578.139882278442
Visium,118,881.1016233444213,3131.637451791763,1209.274889087677,3578.139882278442
Visium,119,1209.274889087677,2685.135021305084,1537.4481548309325,3131.637451791763
Visium,120,881.1016233444213,2685.135021305084,1209.274889087677,3131.637451791763
Visium,121,224.75509185791012,2685.135021305084,881.1016233444213,3578.139882278442
Visium,122,1209.274889087677,2238.6325908184053,1537.4481548309325,2685.135021305084
Visium,123,881.1016233444213,2238.6325908184053,1209.274889087677,2685.135021305084
Visium,124,1209.274889087677,1792.130160331726,1537.4481548309325,2238.6325908184053
Visium,125,881.1016233444213,1792.130160331726,1209.274889087677,2238.6325908184053
Visium,126,552.9283576011658,2238.6325908184053,881.1016233444213,2685.135021305084
Visium,127,552.9283576011658,1792.130160331726,881.1016233444213,2238.6325908184053
Visium,128,224.75509185791012,1792.130160331726,552.9283576011658,2238.6325908184053
Visium,129,2521.9679520606996,1345.627729845047,2850.141217803955,1792.130160331726
Visium,130,2193.794686317444,1345.627729845047,2521.9679520606996,1792.130160331726
Visium,131,2521.9679520606996,899.1252993583679,2850.141217803955,1345.627729845047
Visium,132,2193.794686317444,899.1252993583679,2521.9679520606996,1345.627729845047
Visium,133,1865.621420574188,1345.627729845047,2193.794686317444,1792.130160331726
Visium,134,1537.4481548309325,1345.627729845047,1865.621420574188,1792.130160331726
Visium,135,1865.621420574188,899.1252993583679,2193.794686317444,1345.627729845047
Visium,136,1537.4481548309325,899.1252993583679,1865.621420574188,1345.627729845047
Visium,137,2521.9679520606996,452.6228688716888,2850.141217803955,899.1252993583679
Visium,138,2193.794686317444,452.6228688716888,2521.9679520606996,899.1252993583679
Visium,139,2521.9679520606996,6.120438385009765,2850.141217803955,452.6228688716888
Visium,140,1865.621420574188,452.6228688716888,2193.794686317444,899.1252993583679
Visium,141,1537.4481548309325,452.6228688716888,1865.621420574188,899.1252993583679
Visium,142,1865.621420574188,6.120438385009765,2193.794686317444,452.6228688716888
Visium,143,1537.4481548309325,6.120438385009765,1865.621420574188,452.6228688716888
Visium,144,1209.274889087677,1345.627729845047,1537.4481548309325,1792.130160331726
Visium,145,881.1016233444213,1345.627729845047,1209.274889087677,1792.130160331726
Visium,146,1209.274889087677,899.1252993583679,1537.4481548309325,1345.627729845047
Visium,147,881.1016233444213,899.1252993583679,1209.274889087677,1345.627729845047
Visium,148,552.9283576011658,1345.627729845047,881.1016233444213,1792.130160331726
Visium,149,224.75509185791012,1345.627729845047,552.9283576011658,1792.130160331726
Visium,150,552.9283576011658,899.1252993583679,881.1016233444213,1345.627729845047
Visium,151,224.75509185791012,899.1252993583679,552.9283576011658,1345.627729845047
Visium,152,1209.274889087677,452.6228688716888,1537.4481548309325,899.1252993583679
Visium,153,881.1016233444213,452.6228688716888,1209.274889087677,899.1252993583679
Visium,154,1209.274889087677,6.120438385009765,1537.4481548309325,452.6228688716888
Visium,155,552.9283576011658,452.6228688716888,881.1016233444213,899.1252993583679
Visium,156,224.75509185791012,452.6228688716888,552.9283576011658,899.1252993583679
