Case,Tile,Iter,Query_Length,hit_top_1,hit_top_5,hit_top_10,hit_top_20,overlap_5,overlap_10,overlap_20,overlap_50,overlap_100,rank,dist_gap,spindle_time_ms,bf_time_ms,retrieved,Dataset
Contiguous Random,0,0,6,1,1,1,1,1.0,1.0,0.7,0.28,0.14,1,-3.387247366197499e-06,0.0,16.168594360351562,15,kidney_nondiseased
Contiguous Random,0,1,11,1,1,1,1,1.0,1.0,0.65,0.26,0.15,1,9.669765733688607e-07,0.0,31.188011169433594,15,kidney_nondiseased
Contiguous Random,0,2,17,1,1,1,1,0.4,0.2,0.2,0.1,0.06,1,1.3578569073580127e-06,7.808208465576172,33.77079963684082,15,kidney_nondiseased
Contiguous Random,0,3,9,0,0,0,0,0.0,0.1,0.2,0.14,0.11,8,2.8964675717274346,1.8186569213867188,21.22211456298828,15,kidney_nondiseased
Contiguous Random,0,4,9,1,1,1,1,0.8,0.7,0.7,0.3,0.15,1,4.2548370361439325e-06,0.0,14.039754867553711,15,kidney_nondiseased
Contiguous Random,1,0,16,0,0,0,0,0.2,0.2,0.2,0.2,0.1,3,2.04693834965229,0.0,35.16435623168945,15,kidney_nondiseased
Contiguous Random,1,1,13,1,1,1,1,0.8,0.6,0.6,0.3,0.15,1,-1.7268928525354665e-07,0.0,30.083417892456055,15,kidney_nondiseased
Contiguous Random,1,2,16,0,0,0,0,0.2,0.2,0.2,0.2,0.1,3,2.04693834965229,0.0,31.82506561279297,15,kidney_nondiseased
Contiguous Random,1,3,17,1,1,1,1,0.4,0.6,0.5,0.3,0.15,1,4.155734655036936e-06,0.0,32.99379348754883,15,kidney_nondiseased
Contiguous Random,1,4,13,1,1,1,1,0.8,0.7,0.5,0.3,0.15,1,-2.870488852578512e-06,0.0,31.339406967163086,15,kidney_nondiseased
Contiguous Random,2,0,4,0,0,0,0,0.4,0.5,0.45,0.3,0.15,4,0.008392286529541014,0.0,16.171932220458984,15,kidney_nondiseased
Contiguous Random,2,1,8,0,0,0,0,0.4,0.3,0.4,0.3,0.15,4,0.019453513395799447,15.624761581420898,15.667438507080078,15,kidney_nondiseased
Contiguous Random,2,2,9,0,0,0,0,0.6,0.4,0.5,0.3,0.15,3,0.005010950826009114,0.0,16.4642333984375,15,kidney_nondiseased
Contiguous Random,2,3,4,0,0,0,0,0.4,0.5,0.45,0.3,0.15,4,0.008392286529541014,0.0,15.667915344238281,15,kidney_nondiseased
Contiguous Random,2,4,17,1,1,1,1,1.0,1.0,0.75,0.3,0.15,1,2.8199766672898363e-06,0.0,32.39250183105469,15,kidney_nondiseased
Contiguous Random,3,0,13,0,0,0,0,0.0,0.1,0.1,0.08,0.09,6,0.16574466708173485,17.423629760742188,15.538454055786133,15,kidney_nondiseased
Contiguous Random,3,1,5,1,1,1,1,0.0,0.0,0.0,0.12,0.08,1,0.0,0.0,17.353534698486328,15,kidney_nondiseased
Contiguous Random,3,2,15,0,0,0,0,0.2,0.2,0.1,0.04,0.06,3,0.039431734426815135,18.500089645385742,14.409065246582031,15,kidney_nondiseased
Contiguous Random,3,3,4,1,1,1,1,0.0,0.3,0.4,0.28,0.14,1,0.0,0.0,13.038158416748047,15,kidney_nondiseased
Contiguous Random,3,4,15,0,0,0,0,0.2,0.2,0.1,0.04,0.06,3,0.039431734426815135,0.0,31.827688217163086,15,kidney_nondiseased
Contiguous Random,4,0,7,1,1,1,1,0.0,0.3,0.35,0.3,0.15,1,0.0,1.7015933990478516,25.236129760742188,15,kidney_nondiseased
Contiguous Random,4,1,10,0,0,0,0,0.6,0.3,0.2,0.2,0.13,3,0.16856055425071761,0.0,18.084287643432617,15,kidney_nondiseased
Contiguous Random,4,2,9,1,1,1,1,0.0,0.1,0.3,0.3,0.15,1,0.0,0.0,20.614147186279297,15,kidney_nondiseased
Contiguous Random,4,3,9,1,1,1,1,0.6,0.9,0.45,0.18,0.09,1,0.0,0.0,15.6707763671875,15,kidney_nondiseased
Contiguous Random,4,4,15,1,1,1,1,0.2,0.1,0.2,0.26,0.14,1,-2.288752285967491e-06,0.0,34.4393253326416,15,kidney_nondiseased
Contiguous Random,5,0,16,0,0,0,0,0.0,0.1,0.1,0.14,0.09,7,2.17405587816,3.000974655151367,35.562992095947266,15,kidney_nondiseased
Contiguous Random,5,1,4,1,1,1,1,0.0,0.0,0.1,0.18,0.1,1,0.0,1.5311241149902344,16.42298698425293,15,kidney_nondiseased
Contiguous Random,5,2,6,1,1,1,1,1.0,0.9,0.7,0.3,0.15,1,3.7635271330702103e-06,0.0,16.954898834228516,15,kidney_nondiseased
Contiguous Random,5,3,4,0,0,0,0,0.4,0.4,0.3,0.28,0.15,2,0.00344,0.0,15.669822692871094,15,kidney_nondiseased
Contiguous Random,5,4,5,1,1,1,1,0.0,0.2,0.3,0.22,0.12,1,0.0,0.0,16.407251358032227,15,kidney_nondiseased
Contiguous Random,6,0,11,1,1,1,1,0.4,0.4,0.3,0.14,0.07,1,-1.8135385869298606e-06,0.0,32.071590423583984,15,kidney_nondiseased
Contiguous Random,6,1,10,1,1,1,1,0.6,0.5,0.35,0.16,0.08,1,-2.066255290248363e-06,0.0,29.209136962890625,15,kidney_nondiseased
Contiguous Random,6,2,13,1,1,1,1,0.4,0.4,0.35,0.16,0.08,1,5.859862167046509e-07,13.538360595703125,18.34845542907715,15,kidney_nondiseased
Contiguous Random,6,3,10,1,1,1,1,0.4,0.4,0.2,0.16,0.08,1,0.0,12.015581130981445,15.660524368286133,15,kidney_nondiseased
Contiguous Random,6,4,7,1,1,1,1,1.0,1.0,0.75,0.3,0.15,1,-4.049438937214593e-06,0.0,20.093917846679688,15,kidney_nondiseased
Contiguous Random,7,0,5,1,1,1,1,0.0,0.1,0.3,0.12,0.06,1,0.0,0.0,16.104459762573242,15,kidney_nondiseased
Contiguous Random,7,1,10,1,1,1,1,0.0,0.1,0.3,0.24,0.13,1,0.0,0.0,31.16750717163086,15,kidney_nondiseased
Contiguous Random,7,2,8,1,1,1,1,0.4,0.6,0.4,0.22,0.11,1,0.0,3.999948501586914,26.869535446166992,15,kidney_nondiseased
Contiguous Random,7,3,11,1,1,1,1,0.4,0.4,0.4,0.22,0.11,1,0.0,0.0,21.14391326904297,15,kidney_nondiseased
Contiguous Random,7,4,14,1,1,1,1,0.4,0.2,0.15,0.08,0.08,1,0.0,15.539169311523438,16.695499420166016,15,kidney_nondiseased
Contiguous Random,8,0,4,1,1,1,1,0.4,0.7,0.5,0.24,0.12,1,0.0,15.734195709228516,15.718698501586914,15,kidney_nondiseased
Contiguous Random,8,1,10,1,1,1,1,1.0,1.0,0.75,0.3,0.15,1,1.6154608118777551e-06,0.0,15.629053115844727,15,kidney_nondiseased
Contiguous Random,8,2,4,1,1,1,1,0.4,0.7,0.5,0.24,0.12,1,0.0,0.0,16.28255844116211,15,kidney_nondiseased
Contiguous Random,8,3,8,1,1,1,1,0.4,0.3,0.3,0.3,0.15,1,1.9998086704395637e-06,15.668153762817383,10.411262512207031,15,kidney_nondiseased
Contiguous Random,8,4,16,1,1,1,1,1.0,1.0,0.75,0.3,0.15,1,-1.4825057983447465e-06,0.0,16.438961029052734,15,kidney_nondiseased
Contiguous Random,9,0,16,1,1,1,1,0.6,0.5,0.35,0.28,0.14,1,3.6683654784930297e-06,0.0,33.20884704589844,15,kidney_nondiseased
Contiguous Random,9,1,8,1,1,1,1,0.2,0.5,0.35,0.14,0.07,1,0.0,9.740352630615234,16.510486602783203,15,kidney_nondiseased
Contiguous Random,9,2,5,1,1,1,1,1.0,1.0,0.75,0.3,0.15,1,1.3948914098227405e-06,15.779495239257812,4.825830459594727,15,kidney_nondiseased
Contiguous Random,9,3,11,1,1,1,1,0.4,0.2,0.2,0.14,0.11,1,2.3127159247543494e-06,2.000093460083008,21.944761276245117,15,kidney_nondiseased
Contiguous Random,9,4,10,1,1,1,1,1.0,1.0,0.6,0.28,0.14,1,4.007849457088319e-06,0.0,13.915538787841797,15,kidney_nondiseased
Contiguous Random,10,0,6,1,1,1,1,0.0,0.4,0.45,0.2,0.12,1,0.0,0.0,17.62843132019043,15,kidney_nondiseased
Contiguous Random,10,1,12,1,1,1,1,1.0,0.9,0.6,0.24,0.15,1,3.4026042241563914e-06,10.040998458862305,29.745101928710938,15,kidney_nondiseased
Contiguous Random,10,2,7,1,1,1,1,0.4,0.2,0.3,0.3,0.15,1,8.375237338805429e-07,12.540102005004883,9.552717208862305,15,kidney_nondiseased
Contiguous Random,10,3,12,1,1,1,1,1.0,0.9,0.6,0.24,0.15,1,3.4026042241563914e-06,12.253522872924805,15.671253204345703,15,kidney_nondiseased
Contiguous Random,10,4,16,1,1,1,1,1.0,0.8,0.55,0.26,0.14,1,1.0813903807971315e-06,0.0,19.664525985717773,15,kidney_nondiseased
Contiguous Random,11,0,5,1,1,1,1,0.0,0.0,0.2,0.26,0.13,1,0.0,0.0,29.209613800048828,15,kidney_nondiseased
Contiguous Random,11,1,17,0,0,0,0,0.0,0.1,0.05,0.14,0.07,7,2.0391521391794414,0.0,32.2415828704834,15,kidney_nondiseased
Contiguous Random,11,2,10,1,1,1,1,0.0,0.1,0.3,0.14,0.09,1,0.0,0.0,31.464099884033203,15,kidney_nondiseased
Contiguous Random,11,3,11,1,1,1,1,0.0,0.1,0.3,0.12,0.1,1,0.0,2.999544143676758,26.122093200683594,15,kidney_nondiseased
Contiguous Random,11,4,17,0,0,0,0,0.0,0.1,0.05,0.14,0.07,7,2.0391521391794414,0.0,29.683351516723633,15,kidney_nondiseased
Contiguous Random,12,0,13,0,0,0,0,0.8,0.6,0.35,0.22,0.12,2,5.3762193853224005e-05,0.0,28.391122817993164,15,kidney_nondiseased
Contiguous Random,12,1,13,0,0,0,0,0.8,0.6,0.35,0.22,0.12,2,5.3762193853224005e-05,0.0,31.852006912231445,15,kidney_nondiseased
Contiguous Random,12,2,15,1,1,1,1,0.6,0.8,0.55,0.28,0.15,1,-3.075562587717684e-06,0.0,31.288862228393555,15,kidney_nondiseased
Contiguous Random,12,3,10,1,1,1,1,0.8,0.7,0.6,0.3,0.15,1,-2.861471086745837e-07,0.0,21.08907699584961,15,kidney_nondiseased
Contiguous Random,12,4,5,1,1,1,1,1.0,0.8,0.45,0.22,0.13,1,-4.57930535075618e-06,15.669107437133789,10.561466217041016,15,kidney_nondiseased
Contiguous Random,13,0,4,1,1,1,1,0.8,0.9,0.75,0.3,0.15,1,-2.361755370827723e-06,0.0,14.038562774658203,15,kidney_nondiseased
Contiguous Random,13,1,6,1,1,1,1,0.2,0.2,0.25,0.2,0.12,1,0.0,0.0,25.984764099121094,15,kidney_nondiseased
Contiguous Random,13,2,11,1,1,1,1,1.0,0.8,0.5,0.24,0.15,1,-4.2886608042636e-08,0.0,21.878957748413086,15,kidney_nondiseased
Contiguous Random,13,3,15,1,1,1,1,1.0,0.8,0.45,0.26,0.13,1,1.1013674954263308e-06,3.90625,32.54270553588867,15,kidney_nondiseased
Contiguous Random,13,4,5,1,1,1,1,1.0,0.7,0.5,0.3,0.15,1,9.870699373693004e-07,0.0,16.991615295410156,15,kidney_nondiseased
Contiguous Random,14,0,17,1,1,1,1,1.0,0.9,0.75,0.3,0.15,1,4.228944496365017e-06,2.508878707885742,38.323163986206055,15,kidney_nondiseased
Contiguous Random,14,1,7,1,1,1,1,0.6,0.4,0.45,0.3,0.15,1,-5.546497756393765e-07,0.0,22.29595184326172,15,kidney_nondiseased
Contiguous Random,14,2,13,1,1,1,1,1.0,0.9,0.6,0.26,0.14,1,-2.9867935128491396e-06,3.1092166900634766,27.4813175201416,15,kidney_nondiseased
Contiguous Random,14,3,12,1,1,1,1,0.6,0.3,0.3,0.3,0.15,1,-1.2720636654028894e-06,0.0,15.283346176147461,15,kidney_nondiseased
Contiguous Random,14,4,10,1,1,1,1,0.6,0.7,0.75,0.3,0.15,1,-2.6597460605348733e-06,0.0,32.33170509338379,15,kidney_nondiseased
Contiguous Random,15,0,15,1,1,1,1,1.0,1.0,0.65,0.26,0.13,1,0.0,0.0,33.45680236816406,15,kidney_nondiseased
Contiguous Random,15,1,7,1,1,1,1,0.0,0.1,0.1,0.12,0.06,1,0.0,0.0,15.6707763671875,15,kidney_nondiseased
Contiguous Random,15,2,16,1,1,1,1,1.0,1.0,0.75,0.3,0.15,1,0.0,3.718852996826172,36.9265079498291,15,kidney_nondiseased
Contiguous Random,15,3,5,1,1,1,1,0.0,0.2,0.4,0.18,0.09,1,0.0,0.0,16.59536361694336,15,kidney_nondiseased
Contiguous Random,15,4,14,1,1,1,1,1.0,1.0,0.6,0.26,0.13,1,0.0,15.668153762817383,13.938426971435547,15,kidney_nondiseased
Contiguous Random,16,0,12,1,1,1,1,1.0,1.0,0.75,0.3,0.15,1,-4.4013687274316315e-06,0.0,31.929969787597656,15,kidney_nondiseased
Contiguous Random,16,1,7,1,1,1,1,0.6,0.3,0.4,0.3,0.15,1,-5.342143122588627e-07,0.0,15.634775161743164,15,kidney_nondiseased
Contiguous Random,16,2,9,1,1,1,1,0.0,0.1,0.3,0.3,0.15,1,0.0,0.0,17.970800399780273,15,kidney_nondiseased
Contiguous Random,16,3,7,1,1,1,1,0.0,0.0,0.0,0.0,0.0,1,0.0,0.0,29.711008071899414,15,kidney_nondiseased
Contiguous Random,16,4,6,1,1,1,1,0.0,0.5,0.5,0.2,0.11,1,0.0,0.0,16.4034366607666,15,kidney_nondiseased
Contiguous Random,17,0,7,1,1,1,1,1.0,1.0,0.7,0.28,0.14,1,-2.757009379156239e-06,0.3376007080078125,32.05990791320801,15,kidney_nondiseased
Contiguous Random,17,1,13,1,1,1,1,1.0,0.8,0.45,0.3,0.15,1,8.474081738540917e-07,0.0,15.66767692565918,15,kidney_nondiseased
Contiguous Random,17,2,16,0,0,0,0,0.2,0.3,0.35,0.2,0.11,5,0.6553285953521728,8.359193801879883,35.71629524230957,15,kidney_nondiseased
Contiguous Random,17,3,6,1,1,1,1,1.0,1.0,0.75,0.3,0.15,1,3.689233250170343e-06,16.884565353393555,4.65703010559082,15,kidney_nondiseased
Contiguous Random,17,4,11,1,1,1,1,1.0,0.8,0.5,0.28,0.15,1,-8.268824314150436e-07,3.0107498168945312,21.626949310302734,15,kidney_nondiseased
Contiguous Random,18,0,16,1,1,1,1,0.8,0.6,0.6,0.24,0.15,1,1.8495941160878715e-06,0.0,48.059701919555664,15,kidney_nondiseased
Contiguous Random,18,1,14,1,1,1,1,1.0,0.7,0.35,0.2,0.13,1,4.2212531900509553e-08,0.0,32.326698303222656,15,kidney_nondiseased
Contiguous Random,18,2,17,1,1,1,1,0.4,0.3,0.15,0.08,0.1,1,2.202190551248151e-06,0.0,31.215429306030273,15,kidney_nondiseased
Contiguous Random,18,3,6,1,1,1,1,0.0,0.0,0.0,0.1,0.06,1,0.0,0.0,18.238067626953125,15,kidney_nondiseased
Contiguous Random,18,4,5,1,1,1,1,0.0,0.2,0.35,0.2,0.1,1,0.0,0.0,13.53764533996582,15,kidney_nondiseased
Contiguous Random,19,0,11,1,1,1,1,0.4,0.3,0.2,0.24,0.13,1,4.642924376074831e-06,0.0,24.411439895629883,15,kidney_nondiseased
Contiguous Random,19,1,8,1,1,1,1,1.0,0.6,0.7,0.3,0.15,1,4.545033584511804e-06,0.0,34.0113639831543,15,kidney_nondiseased
Contiguous Random,19,2,13,1,1,1,1,1.0,1.0,0.7,0.3,0.15,1,1.2727711842797085e-07,0.0,15.559196472167969,15,kidney_nondiseased
Contiguous Random,19,3,9,1,1,1,1,0.6,0.6,0.4,0.16,0.1,1,-1.982523599952657e-06,0.0,32.37557411193848,15,kidney_nondiseased
Contiguous Random,19,4,5,1,1,1,1,1.0,1.0,0.75,0.3,0.15,1,3.7803067330730716e-06,0.0,13.538599014282227,15,kidney_nondiseased
Contiguous Random,20,0,11,1,1,1,1,0.8,0.7,0.65,0.3,0.15,1,-3.912950909018206e-06,0.0,25.013446807861328,15,kidney_nondiseased
Contiguous Random,20,1,4,1,1,1,1,0.0,0.0,0.05,0.14,0.07,1,0.0,0.0,25.159597396850586,15,kidney_nondiseased
Contiguous Random,20,2,9,0,0,0,0,0.8,0.7,0.5,0.3,0.15,2,0.011742739257812499,0.0,22.275686264038086,15,kidney_nondiseased
Contiguous Random,20,3,5,0,0,0,0,0.0,0.2,0.15,0.22,0.15,5,0.016112429513982042,0.0,15.660524368286133,15,kidney_nondiseased
Contiguous Random,20,4,17,1,1,1,1,0.2,0.2,0.25,0.14,0.07,1,4.573440613157842e-06,0.0,31.91685676574707,15,kidney_nondiseased
Contiguous Random,21,0,13,1,1,1,1,0.4,0.4,0.3,0.14,0.12,1,0.0,0.0,24.454832077026367,15,kidney_nondiseased
Contiguous Random,21,1,12,1,1,1,1,0.4,0.2,0.15,0.06,0.03,1,0.0,0.0,32.175302505493164,15,kidney_nondiseased
Contiguous Random,21,2,11,1,1,1,1,0.4,0.4,0.4,0.22,0.11,1,0.0,14.04118537902832,17.430543899536133,15,kidney_nondiseased
Contiguous Random,21,3,12,1,1,1,1,0.0,0.0,0.15,0.12,0.07,1,0.0,0.0,18.2650089263916,15,kidney_nondiseased
Contiguous Random,21,4,4,1,1,1,1,0.0,0.5,0.45,0.3,0.15,1,0.0,15.674829483032227,13.559818267822266,15,kidney_nondiseased
Contiguous Random,22,0,16,1,1,1,1,0.6,0.3,0.4,0.28,0.14,1,-2.0330190658446323e-06,10.02645492553711,30.709266662597656,15,kidney_nondiseased
Contiguous Random,22,1,9,1,1,1,1,0.4,0.2,0.2,0.2,0.11,1,-1.8734250466032748e-06,0.0,21.885395050048828,15,kidney_nondiseased
Contiguous Random,22,2,12,1,1,1,1,1.0,0.7,0.35,0.14,0.11,1,3.2384389740507113e-06,12.536764144897461,15.628576278686523,15,kidney_nondiseased
Contiguous Random,22,3,4,1,1,1,1,0.4,0.3,0.4,0.28,0.15,1,8.798980712888468e-07,15.653133392333984,3.9484500885009766,15,kidney_nondiseased
Contiguous Random,22,4,5,1,1,1,1,1.0,0.9,0.75,0.3,0.15,1,0.0,0.0,15.633344650268555,15,kidney_nondiseased
Contiguous Random,23,0,17,1,1,1,1,0.8,0.9,0.75,0.3,0.15,1,-5.20251311975084e-07,0.0,48.71106147766113,15,kidney_nondiseased
Contiguous Random,23,1,15,1,1,1,1,0.6,0.6,0.55,0.24,0.12,1,1.8084309337518516e-06,2.76947021484375,29.705524444580078,15,kidney_nondiseased
Contiguous Random,23,2,12,1,1,1,1,1.0,0.8,0.75,0.3,0.15,1,-1.67170889159296e-06,15.55323600769043,13.680696487426758,15,kidney_nondiseased
Contiguous Random,23,3,6,1,1,1,1,0.0,0.0,0.15,0.18,0.09,1,0.0,0.0,15.66767692565918,15,kidney_nondiseased
Contiguous Random,23,4,7,0,0,0,0,0.2,0.3,0.25,0.3,0.15,3,0.00256,0.0,18.25237274169922,15,kidney_nondiseased
Contiguous Random,24,0,11,1,1,1,1,1.0,0.7,0.5,0.28,0.15,1,-1.9449167396601297e-06,0.0,34.334421157836914,15,kidney_nondiseased
Contiguous Random,24,1,12,1,1,1,1,1.0,0.5,0.55,0.24,0.15,1,8.888548612695502e-07,15.655040740966797,13.518571853637695,15,kidney_nondiseased
Contiguous Random,24,2,6,0,0,0,0,0.2,0.3,0.25,0.3,0.15,2,0.00323,0.0,16.847610473632812,15,kidney_nondiseased
Contiguous Random,24,3,9,1,1,1,1,0.8,0.7,0.7,0.3,0.15,1,1.3736168543582172e-06,0.0,15.01607894897461,15,kidney_nondiseased
Contiguous Random,24,4,10,1,1,1,1,1.0,0.5,0.35,0.16,0.12,1,-4.744239656684357e-06,0.0,32.079219818115234,15,kidney_nondiseased
Contiguous Random,25,0,16,1,1,1,1,0.8,0.8,0.55,0.22,0.11,1,-4.3670654292782274e-07,0.0,32.011985778808594,15,kidney_nondiseased
Contiguous Random,25,1,14,1,1,1,1,1.0,0.7,0.55,0.24,0.12,1,-8.961921151851016e-07,0.0,31.269550323486328,15,kidney_nondiseased
Contiguous Random,25,2,16,1,1,1,1,0.8,0.8,0.55,0.22,0.11,1,-4.3670654292782274e-07,0.0,31.94570541381836,15,kidney_nondiseased
Contiguous Random,25,3,5,1,1,1,1,1.0,0.7,0.35,0.2,0.14,1,-4.40883755833954e-06,14.020442962646484,15.626668930053711,15,kidney_nondiseased
Contiguous Random,25,4,5,0,0,0,0,0.0,0.1,0.15,0.14,0.07,9,0.07538809019739175,0.0,18.05734634399414,15,kidney_nondiseased
Contiguous Random,26,0,14,1,1,1,1,1.0,0.8,0.55,0.22,0.15,1,-1.7297822925144146e-06,0.0,22.710323333740234,15,kidney_nondiseased
Contiguous Random,26,1,8,1,1,1,1,0.6,0.5,0.35,0.24,0.15,1,1.5359772381762227e-06,0.0,31.83770179748535,15,kidney_nondiseased
Contiguous Random,26,2,15,1,1,1,1,1.0,0.8,0.5,0.2,0.15,1,-4.169374541618254e-06,0.0,31.274080276489258,15,kidney_nondiseased
Contiguous Random,26,3,13,1,1,1,1,0.6,0.3,0.35,0.26,0.15,1,-9.26163276293579e-07,15.653848648071289,16.10541343688965,15,kidney_nondiseased
Contiguous Random,26,4,9,1,1,1,1,0.6,0.6,0.45,0.3,0.15,1,-2.5744628904256217e-06,0.0,15.61427116394043,15,kidney_nondiseased
Contiguous Random,27,0,13,1,1,1,1,1.0,0.6,0.55,0.3,0.15,1,-2.4043455162658933e-06,0.0,33.128976821899414,15,kidney_nondiseased
Contiguous Random,27,1,9,1,1,1,1,0.8,0.6,0.4,0.24,0.13,1,3.2935825983668177e-06,0.0,14.503955841064453,15,kidney_nondiseased
Contiguous Random,27,2,14,1,1,1,1,0.8,0.9,0.6,0.28,0.14,1,-3.858898323549909e-06,11.556625366210938,31.29291534423828,15,kidney_nondiseased
Contiguous Random,27,3,6,1,1,1,1,0.4,0.4,0.35,0.3,0.15,1,6.627518721498415e-07,14.042854309082031,6.425619125366211,15,kidney_nondiseased
Contiguous Random,27,4,15,0,0,0,0,0.4,0.2,0.25,0.16,0.08,3,2.137081858437284,5.075693130493164,24.37734603881836,15,kidney_nondiseased
Contiguous Random,28,0,8,1,1,1,1,0.8,0.8,0.45,0.22,0.12,1,-3.109923767730116e-06,0.0,24.711132049560547,15,kidney_nondiseased
Contiguous Random,28,1,10,1,1,1,1,1.0,0.8,0.65,0.3,0.15,1,-3.6404396698830332e-06,0.0,22.971153259277344,15,kidney_nondiseased
Contiguous Random,28,2,17,1,1,1,1,1.0,0.8,0.6,0.24,0.13,1,3.476215340914024e-06,0.0,32.448530197143555,15,kidney_nondiseased
Contiguous Random,28,3,14,1,1,1,1,1.0,0.6,0.5,0.28,0.14,1,-3.2606480138142047e-06,0.0,15.038013458251953,15,kidney_nondiseased
Contiguous Random,28,4,14,1,1,1,1,1.0,0.6,0.6,0.26,0.15,1,-4.3484536509375005e-06,15.549421310424805,16.618967056274414,15,kidney_nondiseased
Contiguous Random,29,0,12,0,0,0,0,0.4,0.7,0.4,0.18,0.09,2,0.00382446722811864,0.0,32.003164291381836,15,kidney_nondiseased
Contiguous Random,29,1,4,1,1,1,1,1.0,0.9,0.75,0.3,0.15,1,4.632949829101729e-06,13.530492782592773,17.93694496154785,15,kidney_nondiseased
Contiguous Random,29,2,8,0,0,0,0,0.4,0.4,0.5,0.3,0.15,4,0.047185170744799824,0.0,17.984867095947266,15,kidney_nondiseased
Contiguous Random,29,3,7,0,0,0,0,0.2,0.3,0.2,0.16,0.09,4,0.05284025246289793,0.0,14.038324356079102,15,kidney_nondiseased
Contiguous Random,29,4,16,1,1,1,1,1.0,0.7,0.45,0.3,0.15,1,4.335422515877596e-06,0.0,33.995628356933594,15,kidney_nondiseased
Contiguous Random,30,0,7,1,1,1,1,0.0,0.0,0.15,0.1,0.06,1,0.0,0.0,16.592979431152344,15,kidney_nondiseased
Contiguous Random,30,1,6,1,1,1,1,0.0,0.1,0.25,0.12,0.07,1,0.0,0.0,17.322301864624023,15,kidney_nondiseased
Contiguous Random,30,2,5,1,1,1,1,0.0,0.2,0.3,0.22,0.12,1,0.0,0.0,23.08177947998047,15,kidney_nondiseased
Contiguous Random,30,3,17,1,1,1,1,0.4,0.3,0.4,0.16,0.15,1,0.0,15.671730041503906,22.528409957885742,15,kidney_nondiseased
Contiguous Random,30,4,12,1,1,1,1,0.4,0.4,0.4,0.16,0.12,1,0.0,0.0,18.282651901245117,15,kidney_nondiseased
Contiguous Random,31,0,17,0,0,0,0,0.0,0.0,0.05,0.12,0.07,14,3.025992577154311,15.684843063354492,32.26065635681152,15,kidney_nondiseased
Contiguous Random,31,1,14,1,1,1,1,0.6,0.6,0.45,0.2,0.11,1,3.292527548059282e-06,6.629467010498047,25.14362335205078,15,kidney_nondiseased
Contiguous Random,31,2,16,0,0,0,0,0.0,0.1,0.15,0.12,0.09,7,2.202986375256181,0.0,15.18559455871582,15,kidney_nondiseased
Contiguous Random,31,3,13,1,1,1,1,0.6,0.5,0.45,0.2,0.11,1,-4.954470134477945e-06,0.0,32.07898139953613,15,kidney_nondiseased
Contiguous Random,31,4,6,1,1,1,1,0.8,1.0,0.75,0.3,0.15,1,2.921834310329937e-06,15.673637390136719,15.038013458251953,15,kidney_nondiseased
Contiguous Random,32,0,6,1,1,1,1,1.0,1.0,0.75,0.3,0.15,1,0.0,0.0,14.04261589050293,15,kidney_nondiseased
Contiguous Random,32,1,16,1,1,1,1,0.4,0.2,0.3,0.14,0.15,1,0.0,0.0,32.29403495788574,15,kidney_nondiseased
Contiguous Random,32,2,15,1,1,1,1,0.4,0.2,0.25,0.1,0.14,1,0.0,0.0,31.493425369262695,15,kidney_nondiseased
Contiguous Random,32,3,4,1,1,1,1,0.0,0.2,0.35,0.26,0.13,1,0.0,0.0,18.13673973083496,15,kidney_nondiseased
Contiguous Random,32,4,9,1,1,1,1,0.0,0.1,0.3,0.12,0.11,1,0.0,0.0,29.61874008178711,15,kidney_nondiseased
Contiguous Random,33,0,11,1,1,1,1,0.6,0.8,0.7,0.3,0.15,1,0.0,0.0,31.126022338867188,15,kidney_nondiseased
Contiguous Random,33,1,8,1,1,1,1,0.2,0.4,0.45,0.3,0.15,1,0.0,0.0,18.364667892456055,15,kidney_nondiseased
Contiguous Random,33,2,7,1,1,1,1,0.2,0.4,0.45,0.3,0.15,1,0.0,0.0,28.727293014526367,15,kidney_nondiseased
Contiguous Random,33,3,7,1,1,1,1,0.0,0.1,0.4,0.26,0.13,1,0.0,0.0,18.274545669555664,15,kidney_nondiseased
Contiguous Random,33,4,16,1,1,1,1,1.0,0.8,0.7,0.3,0.15,1,-1.2548065186912538e-06,0.0,29.433727264404297,15,kidney_nondiseased
Contiguous Random,34,0,17,0,0,0,0,0.6,0.4,0.2,0.12,0.12,3,0.8875966904742052,0.0,33.06007385253906,15,kidney_nondiseased
Contiguous Random,34,1,9,1,1,1,1,1.0,0.5,0.25,0.1,0.14,1,-4.644645055135871e-06,0.0,24.58643913269043,15,kidney_nondiseased
Contiguous Random,34,2,11,1,1,1,1,1.0,0.6,0.4,0.28,0.14,1,-1.4857131898082798e-06,0.0,25.204181671142578,15,kidney_nondiseased
Contiguous Random,34,3,8,1,1,1,1,1.0,0.8,0.55,0.28,0.15,1,3.5108570427058727e-06,0.0,22.687435150146484,15,kidney_nondiseased
Contiguous Random,34,4,12,1,1,1,1,1.0,0.9,0.5,0.2,0.15,1,2.417940093035753e-06,0.0,27.706384658813477,15,kidney_nondiseased
Contiguous Random,35,0,10,1,1,1,1,0.0,0.2,0.4,0.16,0.09,1,0.0,9.250879287719727,21.28887176513672,15,kidney_nondiseased
Contiguous Random,35,1,17,1,1,1,1,0.4,0.3,0.4,0.16,0.15,1,0.0,15.688180923461914,15.037059783935547,15,kidney_nondiseased
Contiguous Random,35,2,16,1,1,1,1,0.4,0.2,0.3,0.14,0.15,1,0.0,15.059709548950195,16.55435562133789,15,kidney_nondiseased
Contiguous Random,35,3,17,1,1,1,1,0.4,0.3,0.4,0.16,0.15,1,0.0,3.676891326904297,28.712749481201172,15,kidney_nondiseased
Contiguous Random,35,4,4,1,1,1,1,0.0,0.3,0.25,0.18,0.09,1,0.0,0.0,15.535354614257812,15,kidney_nondiseased
Contiguous Random,36,0,11,0,0,0,0,0.0,0.2,0.25,0.2,0.1,6,0.03521,0.0,25.832414627075195,15,kidney_nondiseased
Contiguous Random,36,1,9,0,0,0,0,0.0,0.1,0.25,0.22,0.11,7,0.03892,0.0,23.700952529907227,15,kidney_nondiseased
Contiguous Random,36,2,5,1,1,1,1,1.0,1.0,0.75,0.3,0.15,1,0.0,15.665769577026367,8.370399475097656,15,kidney_nondiseased
Contiguous Random,36,3,17,0,0,0,0,0.2,0.2,0.25,0.1,0.05,4,0.02832,7.455110549926758,26.160717010498047,15,kidney_nondiseased
Contiguous Random,36,4,8,1,1,1,1,0.0,0.0,0.15,0.1,0.05,1,0.0,0.0,14.034748077392578,15,kidney_nondiseased
Contiguous Random,37,0,16,0,0,0,0,0.0,0.0,0.05,0.08,0.04,18,0.9260154663085935,15.677690505981445,25.484800338745117,15,kidney_nondiseased
Contiguous Random,37,1,8,1,1,1,1,0.8,0.9,0.7,0.3,0.15,1,-4.162197671221668e-06,0.0,17.960786819458008,15,kidney_nondiseased
Contiguous Random,37,2,12,1,1,1,1,1.0,0.8,0.45,0.28,0.15,1,0.0,15.680074691772461,14.03665542602539,15,kidney_nondiseased
Contiguous Random,37,3,17,0,0,0,0,0.0,0.1,0.1,0.1,0.05,6,0.8638395024484558,0.0,31.545639038085938,15,kidney_nondiseased
Contiguous Random,37,4,5,1,1,1,1,0.6,0.4,0.3,0.3,0.15,1,0.0,0.0,15.669822692871094,15,kidney_nondiseased
Contiguous Random,38,0,17,0,0,0,0,0.2,0.2,0.2,0.08,0.04,3,0.03149299554491858,0.0,32.69338607788086,15,kidney_nondiseased
Contiguous Random,38,1,9,1,1,1,1,0.0,0.0,0.05,0.08,0.05,1,0.0,0.0,25.50959587097168,15,kidney_nondiseased
Contiguous Random,38,2,10,1,1,1,1,0.0,0.1,0.3,0.14,0.09,1,0.0,8.542299270629883,15.671014785766602,15,kidney_nondiseased
Contiguous Random,38,3,10,1,1,1,1,1.0,1.0,0.75,0.3,0.15,1,7.0482399040436294e-09,15.66767692565918,7.900476455688477,15,kidney_nondiseased
Contiguous Random,38,4,7,1,1,1,1,0.0,0.3,0.35,0.3,0.15,1,0.0,0.0,15.626192092895508,15,kidney_nondiseased
Contiguous Random,39,0,5,1,1,1,1,0.4,0.3,0.3,0.24,0.15,1,0.0,2.0842552185058594,29.570341110229492,15,kidney_nondiseased
Contiguous Random,39,1,7,1,1,1,1,0.0,0.0,0.1,0.12,0.06,1,0.0,0.0,16.169309616088867,15,kidney_nondiseased
Contiguous Random,39,2,9,1,1,1,1,0.4,0.3,0.3,0.3,0.15,1,0.0,0.0,16.229867935180664,15,kidney_nondiseased
Contiguous Random,39,3,17,0,0,0,0,0.0,0.2,0.15,0.06,0.03,7,0.07566873257558217,0.0,31.920194625854492,15,kidney_nondiseased
Contiguous Random,39,4,16,0,0,0,0,0.0,0.1,0.3,0.12,0.06,8,0.07799719665527344,11.041879653930664,29.74867820739746,15,kidney_nondiseased
Non-Contiguous Random,0,0,11,1,1,1,1,1.0,0.9,0.5,0.22,0.13,1,8.366570014295416e-07,3.711700439453125,30.556440353393555,15,kidney_nondiseased
Non-Contiguous Random,0,1,11,1,1,1,1,0.6,0.5,0.5,0.2,0.15,1,-4.7718702473886765e-06,0.0,13.740301132202148,15,kidney_nondiseased
Non-Contiguous Random,0,2,13,1,1,1,1,0.6,0.3,0.35,0.18,0.12,1,-4.191007382914336e-06,0.0,34.5306396484375,15,kidney_nondiseased
Non-Contiguous Random,0,3,9,1,1,1,1,0.8,0.5,0.65,0.3,0.15,1,3.871561685908631e-06,0.0,13.53907585144043,15,kidney_nondiseased
Non-Contiguous Random,0,4,14,1,1,1,1,0.4,0.4,0.4,0.2,0.13,1,1.670652809426798e-06,0.0,33.80179405212402,15,kidney_nondiseased
Non-Contiguous Random,1,0,8,1,1,1,1,1.0,0.9,0.75,0.3,0.15,1,2.0521957740660124e-06,0.0,31.844139099121094,15,kidney_nondiseased
Non-Contiguous Random,1,1,8,1,1,1,1,1.0,1.0,0.75,0.3,0.15,1,-2.526181892281709e-06,15.62809944152832,15.666007995605469,15,kidney_nondiseased
Non-Contiguous Random,1,2,6,1,1,1,1,0.0,0.0,0.15,0.12,0.06,1,0.0,0.0,16.315937042236328,15,kidney_nondiseased
Non-Contiguous Random,1,3,11,0,0,0,0,0.0,0.1,0.15,0.22,0.11,9,2.5832675249001773,15.628576278686523,15.667438507080078,15,kidney_nondiseased
Non-Contiguous Random,1,4,16,1,1,1,1,1.0,1.0,0.65,0.28,0.14,1,-1.6503477096585506e-06,0.0,18.012285232543945,15,kidney_nondiseased
Non-Contiguous Random,2,0,12,1,1,1,1,0.6,0.5,0.45,0.28,0.15,1,2.098555196283769e-08,3.995180130004883,30.030250549316406,15,kidney_nondiseased
Non-Contiguous Random,2,1,9,1,1,1,1,0.6,0.5,0.5,0.3,0.15,1,2.2692521413347766e-07,6.548404693603516,16.24274253845215,15,kidney_nondiseased
Non-Contiguous Random,2,2,15,1,1,1,1,0.4,0.5,0.45,0.24,0.12,1,2.2321009680581483e-06,0.0,25.533676147460938,15,kidney_nondiseased
Non-Contiguous Random,2,3,16,1,1,1,1,0.8,0.7,0.6,0.26,0.13,1,1.0475158696010567e-07,1.5861988067626953,32.04655647277832,15,kidney_nondiseased
Non-Contiguous Random,2,4,12,1,1,1,1,0.8,0.8,0.75,0.3,0.15,1,1.2965376310347665e-06,0.0,14.039039611816406,15,kidney_nondiseased
Non-Contiguous Random,3,0,8,0,0,0,0,0.4,0.5,0.5,0.3,0.15,2,0.01087512485323261,0.0,15.645980834960938,15,kidney_nondiseased
Non-Contiguous Random,3,1,6,1,1,1,1,0.2,0.2,0.15,0.22,0.13,1,0.0,8.863449096679688,23.430824279785156,15,kidney_nondiseased
Non-Contiguous Random,3,2,5,1,1,1,1,0.4,0.3,0.25,0.26,0.15,1,1.308805411118219e-06,0.0,15.753746032714844,15,kidney_nondiseased
Non-Contiguous Random,3,3,8,1,1,1,1,0.6,0.7,0.6,0.3,0.15,1,-4.9239146483123775e-06,9.542226791381836,15.673398971557617,15,kidney_nondiseased
Non-Contiguous Random,3,4,11,1,1,1,1,0.6,0.3,0.35,0.18,0.09,1,0.0,15.039443969726562,7.471561431884766,15,kidney_nondiseased
Non-Contiguous Random,4,0,8,1,1,1,1,1.0,1.0,0.7,0.28,0.14,1,4.47491849174704e-06,13.546943664550781,12.607812881469727,15,kidney_nondiseased
Non-Contiguous Random,4,1,9,0,0,0,0,0.4,0.5,0.45,0.3,0.15,2,0.0021004995727539064,3.572225570678711,21.40951156616211,15,kidney_nondiseased
Non-Contiguous Random,4,2,13,1,1,1,1,1.0,0.8,0.75,0.3,0.15,1,2.189331480998563e-06,14.043807983398438,12.183666229248047,15,kidney_nondiseased
Non-Contiguous Random,4,3,12,1,1,1,1,1.0,0.9,0.75,0.3,0.15,1,-3.1929588965688704e-06,0.0,23.400545120239258,15,kidney_nondiseased
Non-Contiguous Random,4,4,10,0,0,0,0,0.2,0.5,0.45,0.3,0.15,4,0.02972565958811197,0.0,24.052143096923828,15,kidney_nondiseased
Non-Contiguous Random,5,0,8,1,1,1,1,1.0,1.0,0.75,0.3,0.15,1,0.0,0.0,26.186227798461914,15,kidney_nondiseased
Non-Contiguous Random,5,1,14,1,1,1,1,1.0,0.8,0.5,0.3,0.15,1,3.103010824748176e-07,0.0,31.94713592529297,15,kidney_nondiseased
Non-Contiguous Random,5,2,13,1,1,1,1,1.0,0.9,0.75,0.3,0.15,1,4.363198982323957e-06,15.648126602172852,15.667438507080078,15,kidney_nondiseased
Non-Contiguous Random,5,3,9,1,1,1,1,1.0,0.9,0.75,0.3,0.15,1,3.85655721028659e-06,0.0,16.475439071655273,15,kidney_nondiseased
Non-Contiguous Random,5,4,12,1,1,1,1,1.0,1.0,0.75,0.3,0.15,1,0.0,0.0,31.28981590270996,15,kidney_nondiseased
Non-Contiguous Random,6,0,11,1,1,1,1,1.0,0.9,0.75,0.3,0.15,1,-1.8135385869298606e-06,0.0,31.132221221923828,15,kidney_nondiseased
Non-Contiguous Random,6,1,6,1,1,1,1,0.0,0.0,0.1,0.2,0.1,1,0.0,0.0,18.03755760192871,15,kidney_nondiseased
Non-Contiguous Random,6,2,11,1,1,1,1,1.0,1.0,0.7,0.28,0.14,1,-1.8135385869298606e-06,2.4497509002685547,31.11410140991211,15,kidney_nondiseased
Non-Contiguous Random,6,3,12,1,1,1,1,0.0,0.2,0.25,0.1,0.08,1,0.0,0.0,17.568349838256836,15,kidney_nondiseased
Non-Contiguous Random,6,4,8,1,1,1,1,0.8,0.7,0.55,0.3,0.15,1,-2.874755918299242e-06,0.0,29.92558479309082,15,kidney_nondiseased
Non-Contiguous Random,7,0,9,1,1,1,1,0.2,0.2,0.25,0.12,0.06,1,0.0,6.042718887329102,31.29100799560547,15,kidney_nondiseased
Non-Contiguous Random,7,1,11,1,1,1,1,0.4,0.2,0.1,0.04,0.05,1,0.0,15.048027038574219,10.689020156860352,15,kidney_nondiseased
Non-Contiguous Random,7,2,6,1,1,1,1,0.0,0.3,0.3,0.16,0.11,1,0.0,0.0,15.66934585571289,15,kidney_nondiseased
Non-Contiguous Random,7,3,12,1,1,1,1,0.4,0.2,0.1,0.04,0.02,1,0.0,14.050006866455078,18.08023452758789,15,kidney_nondiseased
Non-Contiguous Random,7,4,9,1,1,1,1,0.4,0.2,0.1,0.04,0.02,1,0.0,0.0,15.666723251342773,15,kidney_nondiseased
Non-Contiguous Random,8,0,5,1,1,1,1,1.0,0.9,0.75,0.3,0.15,1,-1.0973301979499625e-06,0.0,31.292438507080078,15,kidney_nondiseased
Non-Contiguous Random,8,1,17,1,1,1,1,1.0,0.9,0.65,0.26,0.15,1,9.328935826613538e-08,15.683889389038086,16.45517349243164,15,kidney_nondiseased
Non-Contiguous Random,8,2,9,1,1,1,1,1.0,1.0,0.55,0.3,0.15,1,-4.529380798340421e-06,0.0,24.547338485717773,15,kidney_nondiseased
Non-Contiguous Random,8,3,9,1,1,1,1,1.0,1.0,0.65,0.3,0.15,1,3.0361159642534885e-06,3.9904117584228516,24.576902389526367,15,kidney_nondiseased
Non-Contiguous Random,8,4,9,1,1,1,1,0.4,0.4,0.3,0.12,0.06,1,0.0,5.545616149902344,15.960454940795898,15,kidney_nondiseased
Non-Contiguous Random,9,0,5,0,0,0,0,0.4,0.4,0.45,0.3,0.15,2,0.026759767563069276,4.418849945068359,31.003952026367188,15,kidney_nondiseased
Non-Contiguous Random,9,1,16,1,1,1,1,1.0,0.8,0.6,0.24,0.15,1,4.4334411608559776e-07,14.061212539672852,13.658285140991211,15,kidney_nondiseased
Non-Contiguous Random,9,2,7,1,1,1,1,1.0,1.0,0.7,0.3,0.15,1,3.223067641666688e-07,8.547544479370117,15.671014785766602,15,kidney_nondiseased
Non-Contiguous Random,9,3,15,1,1,1,1,1.0,1.0,0.7,0.3,0.15,1,4.213452482915159e-06,0.0,23.354768753051758,15,kidney_nondiseased
Non-Contiguous Random,9,4,14,1,1,1,1,0.6,0.5,0.45,0.24,0.14,1,-1.113772166050353e-06,0.0,34.15346145629883,15,kidney_nondiseased
Non-Contiguous Random,10,0,12,1,1,1,1,0.6,0.7,0.65,0.3,0.15,1,0.0,0.0,32.11045265197754,15,kidney_nondiseased
Non-Contiguous Random,10,1,13,1,1,1,1,1.0,1.0,0.65,0.28,0.14,1,-3.4190264654454516e-06,15.63882827758789,15.666007995605469,15,kidney_nondiseased
Non-Contiguous Random,10,2,8,1,1,1,1,1.0,1.0,0.75,0.3,0.15,1,0.0,0.0,17.992496490478516,15,kidney_nondiseased
Non-Contiguous Random,10,3,10,1,1,1,1,0.4,0.3,0.4,0.3,0.15,1,4.622834270939791e-06,18.407821655273438,14.0380859375,15,kidney_nondiseased
Non-Contiguous Random,10,4,9,1,1,1,1,1.0,1.0,0.65,0.26,0.15,1,-2.144305408000903e-06,2.079486846923828,20.15519142150879,15,kidney_nondiseased
Non-Contiguous Random,11,0,10,0,0,0,0,0.4,0.4,0.25,0.3,0.15,2,0.0018566026499005112,0.0,32.58347511291504,15,kidney_nondiseased
Non-Contiguous Random,11,1,13,1,1,1,1,0.8,0.6,0.7,0.3,0.15,1,0.0,0.0,31.78882598876953,15,kidney_nondiseased
Non-Contiguous Random,11,2,8,0,0,0,0,0.4,0.5,0.4,0.3,0.15,2,0.00832,0.0,17.270803451538086,15,kidney_nondiseased
Non-Contiguous Random,11,3,14,1,1,1,1,0.8,0.7,0.7,0.3,0.15,1,-2.7887770461670902e-06,0.0,32.2420597076416,15,kidney_nondiseased
Non-Contiguous Random,11,4,15,1,1,1,1,0.8,0.7,0.55,0.3,0.15,1,3.0820799683806133e-06,0.0,30.076980590820312,15,kidney_nondiseased
Non-Contiguous Random,12,0,6,1,1,1,1,1.0,0.9,0.75,0.3,0.15,1,-2.549605458007642e-06,15.652894973754883,13.18979263305664,15,kidney_nondiseased
Non-Contiguous Random,12,1,8,1,1,1,1,1.0,0.9,0.75,0.3,0.15,1,2.30007209855998e-06,0.0,20.956039428710938,15,kidney_nondiseased
Non-Contiguous Random,12,2,8,1,1,1,1,1.0,1.0,0.75,0.3,0.15,1,-3.7955493374201843e-06,14.044046401977539,12.440681457519531,15,kidney_nondiseased
Non-Contiguous Random,12,3,10,1,1,1,1,0.8,0.6,0.6,0.3,0.15,1,-2.861471086745837e-07,8.052349090576172,15.670299530029297,15,kidney_nondiseased
Non-Contiguous Random,12,4,11,1,1,1,1,1.0,1.0,0.7,0.3,0.15,1,1.8726785695477588e-06,3.9937496185302734,23.456811904907227,15,kidney_nondiseased
Non-Contiguous Random,13,0,15,1,1,1,1,1.0,1.0,0.6,0.3,0.15,1,1.1013674954263308e-06,0.0,28.118371963500977,15,kidney_nondiseased
Non-Contiguous Random,13,1,11,1,1,1,1,0.8,0.7,0.65,0.28,0.14,1,-6.901771907319443e-07,2.2270679473876953,32.00888633728027,15,kidney_nondiseased
Non-Contiguous Random,13,2,8,1,1,1,1,1.0,1.0,0.7,0.3,0.15,1,5.722486520753911e-08,0.0,13.53764533996582,15,kidney_nondiseased
Non-Contiguous Random,13,3,8,1,1,1,1,0.2,0.4,0.55,0.24,0.14,1,0.0,7.54547119140625,24.20639991760254,15,kidney_nondiseased
Non-Contiguous Random,13,4,11,1,1,1,1,1.0,0.7,0.55,0.3,0.15,1,-2.5367286058397553e-06,0.0,16.481876373291016,15,kidney_nondiseased
Non-Contiguous Random,14,0,10,1,1,1,1,1.0,0.8,0.75,0.3,0.15,1,6.014254431817995e-07,0.0,25.985240936279297,15,kidney_nondiseased
Non-Contiguous Random,14,1,13,1,1,1,1,0.8,0.9,0.75,0.3,0.15,1,-3.25782640401423e-06,0.0,32.3338508605957,15,kidney_nondiseased
Non-Contiguous Random,14,2,12,1,1,1,1,1.0,0.9,0.45,0.24,0.15,1,4.54818098288845e-06,15.64168930053711,15.246868133544922,15,kidney_nondiseased
Non-Contiguous Random,14,3,5,0,0,0,0,0.2,0.3,0.35,0.3,0.15,2,0.00715,0.0,17.943620681762695,15,kidney_nondiseased
Non-Contiguous Random,14,4,14,1,1,1,1,1.0,0.9,0.55,0.24,0.14,1,-1.923265284364817e-06,15.566825866699219,15.749216079711914,15,kidney_nondiseased
Non-Contiguous Random,15,0,7,1,1,1,1,0.0,0.0,0.15,0.18,0.09,1,0.0,0.0,32.10186958312988,15,kidney_nondiseased
Non-Contiguous Random,15,1,15,1,1,1,1,0.8,0.9,0.7,0.28,0.14,1,0.0,0.0,34.67512130737305,15,kidney_nondiseased
Non-Contiguous Random,15,2,14,1,1,1,1,0.4,0.2,0.3,0.12,0.15,1,0.0,0.0,30.620574951171875,15,kidney_nondiseased
Non-Contiguous Random,15,3,9,1,1,1,1,0.4,0.4,0.55,0.3,0.15,1,0.0,0.0,16.327857971191406,15,kidney_nondiseased
Non-Contiguous Random,15,4,13,1,1,1,1,1.0,1.0,0.75,0.3,0.15,1,0.0,11.556863784790039,29.88409996032715,15,kidney_nondiseased
Non-Contiguous Random,16,0,13,1,1,1,1,0.2,0.1,0.05,0.02,0.01,1,0.0,10.936260223388672,37.13560104370117,15,kidney_nondiseased
Non-Contiguous Random,16,1,13,1,1,1,1,0.8,0.8,0.7,0.3,0.15,1,-1.9767182447248677e-06,0.0,17.194509506225586,15,kidney_nondiseased
Non-Contiguous Random,16,2,13,1,1,1,1,0.8,0.9,0.75,0.3,0.15,1,-1.9767182447248677e-06,0.0,32.41395950317383,15,kidney_nondiseased
Non-Contiguous Random,16,3,4,1,1,1,1,0.0,0.0,0.0,0.1,0.05,1,0.0,2.035856246948242,22.495508193969727,15,kidney_nondiseased
Non-Contiguous Random,16,4,17,1,1,1,1,1.0,1.0,0.7,0.3,0.15,1,3.2259673114071186e-07,0.0,27.874469757080078,15,kidney_nondiseased
Non-Contiguous Random,17,0,14,1,1,1,1,1.0,1.0,0.7,0.3,0.15,1,-1.983433861152406e-06,0.0,31.797170639038086,15,kidney_nondiseased
Non-Contiguous Random,17,1,16,1,1,1,1,0.8,0.7,0.5,0.3,0.15,1,-9.727478023080494e-08,0.0,32.061100006103516,15,kidney_nondiseased
Non-Contiguous Random,17,2,16,1,1,1,1,1.0,1.0,0.65,0.3,0.15,1,-3.4288787840175416e-06,0.0,31.269073486328125,15,kidney_nondiseased
Non-Contiguous Random,17,3,6,1,1,1,1,1.0,1.0,0.75,0.3,0.15,1,3.689233250170343e-06,0.0,16.360759735107422,15,kidney_nondiseased
Non-Contiguous Random,17,4,12,1,1,1,1,1.0,1.0,0.75,0.3,0.15,1,-3.3342430354466046e-06,0.0,31.267642974853516,15,kidney_nondiseased
Non-Contiguous Random,18,0,9,1,1,1,1,1.0,0.8,0.65,0.3,0.15,1,-1.6483561195990148e-06,0.0,31.59022331237793,15,kidney_nondiseased
Non-Contiguous Random,18,1,17,1,1,1,1,1.0,0.7,0.55,0.26,0.15,1,2.202190551248151e-06,0.0,31.930923461914062,15,kidney_nondiseased
Non-Contiguous Random,18,2,4,1,1,1,1,0.8,0.7,0.5,0.3,0.15,1,1.1167907714845424e-06,0.0,19.702911376953125,15,kidney_nondiseased
Non-Contiguous Random,18,3,13,1,1,1,1,0.6,0.4,0.4,0.22,0.11,1,-2.3876122784219356e-06,2.9969215393066406,27.96196937561035,15,kidney_nondiseased
Non-Contiguous Random,18,4,16,1,1,1,1,0.6,0.6,0.35,0.26,0.15,1,1.1962127683950996e-06,0.0,23.88739585876465,15,kidney_nondiseased
Non-Contiguous Random,19,0,9,1,1,1,1,1.0,0.8,0.5,0.3,0.15,1,2.593183517453357e-06,11.87586784362793,18.52726936340332,15,kidney_nondiseased
Non-Contiguous Random,19,1,14,1,1,1,1,1.0,0.9,0.5,0.26,0.15,1,-5.905062359090607e-07,0.0,15.737295150756836,15,kidney_nondiseased
Non-Contiguous Random,19,2,16,1,1,1,1,1.0,0.8,0.75,0.3,0.15,1,-1.3313293445449403e-07,0.0,33.6301326751709,15,kidney_nondiseased
Non-Contiguous Random,19,3,17,1,1,1,1,1.0,1.0,0.65,0.3,0.15,1,-1.1116895812790517e-06,7.399082183837891,38.75732421875,15,kidney_nondiseased
Non-Contiguous Random,19,4,13,1,1,1,1,0.4,0.4,0.25,0.18,0.11,1,4.4932854006418665e-06,0.0,15.663623809814453,15,kidney_nondiseased
Non-Contiguous Random,20,0,9,1,1,1,1,1.0,1.0,0.75,0.3,0.15,1,1.0762023925784195e-06,0.0,28.962135314941406,15,kidney_nondiseased
Non-Contiguous Random,20,1,11,1,1,1,1,1.0,0.9,0.75,0.3,0.15,1,-4.27356846713009e-06,0.0,33.61630439758301,15,kidney_nondiseased
Non-Contiguous Random,20,2,12,1,1,1,1,0.8,0.5,0.5,0.26,0.13,1,4.850995351909221e-06,3.999948501586914,26.454925537109375,15,kidney_nondiseased
Non-Contiguous Random,20,3,11,0,0,0,0,0.4,0.5,0.4,0.3,0.15,3,0.01062608704909098,0.0,21.60930633544922,15,kidney_nondiseased
Non-Contiguous Random,20,4,14,1,1,1,1,1.0,0.9,0.75,0.3,0.15,1,3.852107199400767e-06,6.054401397705078,29.717445373535156,15,kidney_nondiseased
Non-Contiguous Random,21,0,8,1,1,1,1,0.0,0.2,0.35,0.16,0.08,1,0.0,5.043268203735352,29.7088623046875,15,kidney_nondiseased
Non-Contiguous Random,21,1,10,1,1,1,1,0.2,0.4,0.4,0.16,0.08,1,0.0,13.539552688598633,13.413429260253906,15,kidney_nondiseased
Non-Contiguous Random,21,2,9,1,1,1,1,0.0,0.0,0.15,0.12,0.07,1,0.0,7.541656494140625,15.671014785766602,15,kidney_nondiseased
Non-Contiguous Random,21,3,14,1,1,1,1,0.4,0.7,0.5,0.24,0.15,1,0.0,0.0,24.478673934936523,15,kidney_nondiseased
Non-Contiguous Random,21,4,9,1,1,1,1,0.4,0.2,0.25,0.1,0.08,1,0.0,0.0,25.668859481811523,15,kidney_nondiseased
Non-Contiguous Random,22,0,6,0,0,0,0,0.2,0.3,0.25,0.2,0.15,4,0.00555,4.566669464111328,31.612157821655273,15,kidney_nondiseased
Non-Contiguous Random,22,1,14,1,1,1,1,1.0,0.6,0.3,0.18,0.09,1,-9.362615025322943e-07,14.039993286132812,12.620687484741211,15,kidney_nondiseased
Non-Contiguous Random,22,2,6,1,1,1,1,0.4,0.4,0.2,0.22,0.15,1,2.7950244217808846e-06,0.0,18.297195434570312,15,kidney_nondiseased
Non-Contiguous Random,22,3,15,1,1,1,1,1.0,0.9,0.5,0.2,0.1,1,-4.933087422540495e-06,3.999471664428711,29.657840728759766,15,kidney_nondiseased
Non-Contiguous Random,22,4,7,0,0,0,0,0.2,0.2,0.15,0.18,0.15,2,0.00514,3.5431385040283203,17.9898738861084,15,kidney_nondiseased
Non-Contiguous Random,23,0,8,0,0,0,0,0.2,0.3,0.25,0.3,0.15,2,1.9883170892792158e-05,0.0,36.136627197265625,15,kidney_nondiseased
Non-Contiguous Random,23,1,10,0,0,0,0,0.0,0.4,0.4,0.3,0.15,3,0.00214,15.677213668823242,11.35110855102539,15,kidney_nondiseased
Non-Contiguous Random,23,2,13,0,0,0,0,0.8,0.6,0.5,0.28,0.14,2,0.0019644630034782035,0.0,23.150205612182617,15,kidney_nondiseased
Non-Contiguous Random,23,3,8,1,1,1,1,0.0,0.1,0.35,0.28,0.15,1,0.0,0.0,24.617910385131836,15,kidney_nondiseased
Non-Contiguous Random,23,4,9,1,1,1,1,0.0,0.0,0.15,0.12,0.07,1,0.0,9.547948837280273,15.667915344238281,15,kidney_nondiseased
Non-Contiguous Random,24,0,13,1,1,1,1,1.0,0.9,0.55,0.28,0.15,1,-1.95683451220674e-07,0.0,36.34142875671387,15,kidney_nondiseased
Non-Contiguous Random,24,1,17,1,1,1,1,1.0,0.8,0.65,0.28,0.15,1,-8.739925432266205e-07,0.0,26.92699432373047,15,kidney_nondiseased
Non-Contiguous Random,24,2,7,0,0,0,0,0.2,0.2,0.2,0.28,0.15,2,0.00299,0.0,33.454179763793945,15,kidney_nondiseased
Non-Contiguous Random,24,3,9,1,1,1,1,0.8,1.0,0.75,0.3,0.15,1,1.2745690345771638e-06,0.0,14.039039611816406,15,kidney_nondiseased
Non-Contiguous Random,24,4,13,1,1,1,1,1.0,1.0,0.75,0.3,0.15,1,-1.95683451220674e-07,13.44442367553711,28.344392776489258,15,kidney_nondiseased
Non-Contiguous Random,25,0,6,1,1,1,1,1.0,1.0,0.75,0.3,0.15,1,3.4302044923137202e-06,0.0,31.989574432373047,15,kidney_nondiseased
Non-Contiguous Random,25,1,9,1,1,1,1,0.8,0.6,0.55,0.26,0.13,1,2.6817083358804394e-07,0.0,15.666723251342773,15,kidney_nondiseased
Non-Contiguous Random,25,2,6,0,0,0,0,0.6,0.5,0.5,0.3,0.15,2,0.008095115657353987,10.68568229675293,21.918296813964844,15,kidney_nondiseased
Non-Contiguous Random,25,3,13,1,1,1,1,1.0,0.7,0.45,0.18,0.12,1,-9.651641850426385e-07,0.0,15.038013458251953,15,kidney_nondiseased
Non-Contiguous Random,25,4,11,1,1,1,1,0.8,0.5,0.4,0.3,0.15,1,5.194340725669933e-07,0.0,33.712148666381836,15,kidney_nondiseased
Non-Contiguous Random,26,0,11,1,1,1,1,1.0,1.0,0.65,0.3,0.15,1,-1.5861943873929363e-06,0.0,32.5932502746582,15,kidney_nondiseased
Non-Contiguous Random,26,1,17,1,1,1,1,1.0,0.8,0.65,0.26,0.15,1,-4.095182299934663e-06,0.0,36.7734432220459,15,kidney_nondiseased
Non-Contiguous Random,26,2,15,1,1,1,1,1.0,0.7,0.5,0.28,0.14,1,-2.253587230605092e-06,0.0,26.449203491210938,15,kidney_nondiseased
Non-Contiguous Random,26,3,13,1,1,1,1,1.0,0.9,0.55,0.3,0.15,1,-1.319771676389081e-06,0.0,34.41596031188965,15,kidney_nondiseased
Non-Contiguous Random,26,4,6,1,1,1,1,1.0,1.0,0.5,0.26,0.14,1,-6.924291167387242e-07,1.9986629486083984,25.142431259155273,15,kidney_nondiseased
Non-Contiguous Random,27,0,12,0,0,0,0,0.0,0.0,0.05,0.1,0.05,15,0.19048,0.0,32.62639045715332,15,kidney_nondiseased
Non-Contiguous Random,27,1,6,1,1,1,1,0.2,0.1,0.05,0.16,0.08,1,0.0,0.0,17.578840255737305,15,kidney_nondiseased
Non-Contiguous Random,27,2,16,1,1,1,1,0.8,0.9,0.65,0.26,0.13,1,-2.2105407714856362e-06,0.0,27.680635452270508,15,kidney_nondiseased
Non-Contiguous Random,27,3,13,1,1,1,1,1.0,0.9,0.65,0.3,0.15,1,-2.4043455162658933e-06,0.0,32.10854530334473,15,kidney_nondiseased
Non-Contiguous Random,27,4,5,1,1,1,1,0.0,0.1,0.1,0.1,0.12,1,0.0,0.0,15.668869018554688,15,kidney_nondiseased
Non-Contiguous Random,28,0,8,0,0,0,0,0.4,0.3,0.25,0.24,0.15,3,0.00794,0.0,30.031919479370117,15,kidney_nondiseased
Non-Contiguous Random,28,1,9,1,1,1,1,0.8,0.9,0.7,0.3,0.15,1,-4.0672747294023814e-06,11.046886444091797,20.41935920715332,15,kidney_nondiseased
Non-Contiguous Random,28,2,7,1,1,1,1,1.0,1.0,0.55,0.24,0.15,1,3.7870238796533506e-06,0.0,16.061067581176758,15,kidney_nondiseased
Non-Contiguous Random,28,3,13,1,1,1,1,1.0,0.7,0.5,0.22,0.11,1,1.1335606233953133e-06,10.26606559753418,22.665739059448242,15,kidney_nondiseased
Non-Contiguous Random,28,4,15,1,1,1,1,1.0,0.9,0.5,0.28,0.14,1,-1.8648368524942782e-06,15.688896179199219,14.657258987426758,15,kidney_nondiseased
Non-Contiguous Random,29,0,9,1,1,1,1,1.0,1.0,0.75,0.3,0.15,1,0.0,0.0,15.150785446166992,15,kidney_nondiseased
Non-Contiguous Random,29,1,7,1,1,1,1,1.0,1.0,0.75,0.3,0.15,1,2.5246289793445786e-07,3.001689910888672,33.33735466003418,15,kidney_nondiseased
Non-Contiguous Random,29,2,15,1,1,1,1,0.8,0.6,0.35,0.3,0.15,1,2.1069032613563188e-06,15.686511993408203,11.037826538085938,15,kidney_nondiseased
Non-Contiguous Random,29,3,11,1,1,1,1,1.0,1.0,0.75,0.3,0.15,1,-4.089344779051318e-06,0.0,16.75701141357422,15,kidney_nondiseased
Non-Contiguous Random,29,4,11,1,1,1,1,1.0,1.0,0.75,0.3,0.15,1,0.0,0.0,30.751705169677734,15,kidney_nondiseased
Non-Contiguous Random,30,0,10,1,1,1,1,0.4,0.2,0.15,0.06,0.07,1,0.0,9.846687316894531,21.750211715698242,15,kidney_nondiseased
Non-Contiguous Random,30,1,5,1,1,1,1,0.0,0.0,0.0,0.04,0.05,1,0.0,0.0,15.524864196777344,15,kidney_nondiseased
Non-Contiguous Random,30,2,4,1,1,1,1,0.2,0.1,0.05,0.26,0.13,1,0.0,7.522106170654297,15.652656555175781,15,kidney_nondiseased
Non-Contiguous Random,30,3,8,1,1,1,1,0.2,0.2,0.2,0.08,0.04,1,0.0,0.0,9.007453918457031,15,kidney_nondiseased
Non-Contiguous Random,30,4,12,1,1,1,1,0.0,0.5,0.4,0.16,0.09,1,0.0,7.525920867919922,33.75506401062012,15,kidney_nondiseased
Non-Contiguous Random,31,0,17,1,1,1,1,0.8,0.8,0.4,0.24,0.12,1,2.5771543106963e-06,0.0,32.23252296447754,15,kidney_nondiseased
Non-Contiguous Random,31,1,14,0,0,0,0,0.6,0.3,0.25,0.2,0.1,3,0.012241604255518911,0.0,29.27398681640625,15,kidney_nondiseased
Non-Contiguous Random,31,2,8,1,1,1,1,1.0,1.0,0.75,0.3,0.15,1,1.1958525899381615e-06,11.426687240600586,20.702362060546875,15,kidney_nondiseased
Non-Contiguous Random,31,3,9,1,1,1,1,1.0,1.0,0.6,0.28,0.15,1,3.911369244258972e-06,0.0,17.72284507751465,15,kidney_nondiseased
Non-Contiguous Random,31,4,14,1,1,1,1,1.0,0.8,0.6,0.3,0.15,1,1.8202762074757614e-06,0.0,30.658483505249023,15,kidney_nondiseased
Non-Contiguous Random,32,0,12,1,1,1,1,0.4,0.2,0.1,0.04,0.02,1,0.0,0.0,32.69314765930176,15,kidney_nondiseased
Non-Contiguous Random,32,1,10,1,1,1,1,0.0,0.3,0.5,0.24,0.12,1,0.0,0.0,15.039682388305664,15,kidney_nondiseased
Non-Contiguous Random,32,2,15,1,1,1,1,0.4,0.2,0.3,0.12,0.14,1,0.0,0.0,31.83269500732422,15,kidney_nondiseased
Non-Contiguous Random,32,3,7,1,1,1,1,0.2,0.3,0.3,0.22,0.12,1,0.0,15.615463256835938,15.677690505981445,15,kidney_nondiseased
Non-Contiguous Random,32,4,7,1,1,1,1,0.0,0.1,0.35,0.16,0.09,1,0.0,0.0,16.5255069732666,15,kidney_nondiseased
Non-Contiguous Random,33,0,7,1,1,1,1,0.2,0.2,0.25,0.3,0.15,1,0.0,0.0,20.9200382232666,15,kidney_nondiseased
Non-Contiguous Random,33,1,7,0,0,0,0,0.6,0.6,0.55,0.3,0.15,3,0.012919250624899127,0.0,26.5657901763916,15,kidney_nondiseased
Non-Contiguous Random,33,2,15,0,0,0,0,0.4,0.6,0.5,0.3,0.15,2,0.03673695758026607,8.905410766601562,23.15664291381836,15,kidney_nondiseased
Non-Contiguous Random,33,3,9,1,1,1,1,0.6,0.6,0.4,0.24,0.15,1,3.7759659687677805e-06,0.0,15.667915344238281,15,kidney_nondiseased
Non-Contiguous Random,33,4,9,1,1,1,1,0.4,0.4,0.35,0.28,0.15,1,3.7765868504836125e-06,0.0,32.27090835571289,15,kidney_nondiseased
Non-Contiguous Random,34,0,9,1,1,1,1,1.0,1.0,0.7,0.28,0.14,1,-1.498581568407098e-06,0.0,16.90196990966797,15,kidney_nondiseased
Non-Contiguous Random,34,1,13,1,1,1,1,1.0,1.0,0.6,0.26,0.13,1,3.0109837454439514e-06,6.031513214111328,31.370162963867188,15,kidney_nondiseased
Non-Contiguous Random,34,2,15,1,1,1,1,0.4,0.7,0.55,0.26,0.14,1,-4.268665731999022e-07,0.0,26.124238967895508,15,kidney_nondiseased
Non-Contiguous Random,34,3,11,1,1,1,1,1.0,1.0,0.75,0.3,0.15,1,-4.6114832077392975e-06,8.392572402954102,23.464441299438477,15,kidney_nondiseased
Non-Contiguous Random,34,4,9,1,1,1,1,0.6,0.5,0.55,0.3,0.15,1,0.0,0.0,17.59195327758789,15,kidney_nondiseased
Non-Contiguous Random,35,0,9,1,1,1,1,0.0,0.1,0.15,0.18,0.11,1,0.0,0.0,33.00595283508301,15,kidney_nondiseased
Non-Contiguous Random,35,1,12,1,1,1,1,0.4,0.2,0.35,0.14,0.07,1,0.0,12.902259826660156,16.571760177612305,15,kidney_nondiseased
Non-Contiguous Random,35,2,14,1,1,1,1,0.4,0.6,0.5,0.2,0.14,1,0.0,9.134292602539062,20.050525665283203,15,kidney_nondiseased
Non-Contiguous Random,35,3,16,1,1,1,1,0.4,0.2,0.3,0.12,0.14,1,0.0,0.0,19.10996437072754,15,kidney_nondiseased
Non-Contiguous Random,35,4,12,1,1,1,1,0.4,0.7,0.5,0.22,0.14,1,0.0,8.037567138671875,30.75098991394043,15,kidney_nondiseased
Non-Contiguous Random,36,0,4,0,0,0,0,0.0,0.1,0.15,0.16,0.15,7,0.02419,15.648603439331055,15.650749206542969,15,kidney_nondiseased
Non-Contiguous Random,36,1,5,1,1,1,1,0.0,0.1,0.15,0.2,0.13,1,0.0,0.0,16.710996627807617,15,kidney_nondiseased
Non-Contiguous Random,36,2,9,1,1,1,1,0.0,0.1,0.15,0.18,0.09,1,0.0,0.0,19.415855407714844,15,kidney_nondiseased
Non-Contiguous Random,36,3,9,1,1,1,1,0.0,0.4,0.25,0.2,0.14,1,0.0,0.5300045013427734,28.374671936035156,15,kidney_nondiseased
Non-Contiguous Random,36,4,17,1,1,1,1,1.0,1.0,0.65,0.28,0.14,1,0.0,0.0,30.72071075439453,15,kidney_nondiseased
Non-Contiguous Random,37,0,5,0,0,0,0,0.2,0.1,0.15,0.18,0.15,3,0.00343,0.0,31.269550323486328,15,kidney_nondiseased
Non-Contiguous Random,37,1,8,1,1,1,1,0.0,0.0,0.2,0.1,0.05,1,0.0,0.0,16.68524742126465,15,kidney_nondiseased
Non-Contiguous Random,37,2,10,1,1,1,1,0.8,0.5,0.6,0.26,0.15,1,-2.1663158725343523e-06,15.649080276489258,15.009403228759766,15,kidney_nondiseased
Non-Contiguous Random,37,3,7,0,0,0,0,0.0,0.1,0.25,0.28,0.15,5,0.01172,0.0,16.63351058959961,15,kidney_nondiseased
Non-Contiguous Random,37,4,7,1,1,1,1,0.2,0.2,0.25,0.24,0.15,1,0.0,15.64931869506836,15.50912857055664,15,kidney_nondiseased
Non-Contiguous Random,38,0,16,0,0,0,0,0.8,0.9,0.75,0.3,0.15,2,0.011318928222656247,0.0,36.10992431640625,15,kidney_nondiseased
Non-Contiguous Random,38,1,9,1,1,1,1,0.2,0.5,0.4,0.18,0.13,1,0.0,15.04826545715332,12.178897857666016,15,kidney_nondiseased
Non-Contiguous Random,38,2,14,1,1,1,1,0.6,0.8,0.75,0.3,0.15,1,-7.787194650646714e-07,0.0,22.20439910888672,15,kidney_nondiseased
Non-Contiguous Random,38,3,5,1,1,1,1,0.0,0.0,0.0,0.18,0.1,1,0.0,0.0,25.618791580200195,15,kidney_nondiseased
Non-Contiguous Random,38,4,15,1,1,1,1,1.0,1.0,0.75,0.3,0.15,1,-6.879866611521693e-07,7.405996322631836,24.288177490234375,15,kidney_nondiseased
Non-Contiguous Random,39,0,5,1,1,1,1,0.0,0.0,0.2,0.18,0.09,1,0.0,0.0,16.526460647583008,15,kidney_nondiseased
Non-Contiguous Random,39,1,8,1,1,1,1,0.4,0.2,0.1,0.04,0.03,1,0.0,15.010833740234375,15.326976776123047,15,kidney_nondiseased
Non-Contiguous Random,39,2,15,1,1,1,1,0.6,0.5,0.4,0.2,0.1,1,3.3304978802120577e-06,4.527568817138672,27.122974395751953,15,kidney_nondiseased
Non-Contiguous Random,39,3,16,1,1,1,1,1.0,0.9,0.65,0.26,0.13,1,-2.8033447265624067e-06,15.64335823059082,15.641212463378906,15,kidney_nondiseased
Non-Contiguous Random,39,4,14,1,1,1,1,0.6,0.4,0.4,0.2,0.1,1,2.6698551014560715e-06,0.0,16.859054565429688,15,kidney_nondiseased
