library,size,n_sets,enriched_frac
MSigDB_Hallmark_2020,15,1000,0.016
MSigDB_Hallmark_2020,16,1000,0.007
MSigDB_Hallmark_2020,17,1000,0.01
MSigDB_Hallmark_2020,19,1000,0.024
MSigDB_Hallmark_2020,20,1000,0.014
MSigDB_Hallmark_2020,21,1000,0.012
MSigDB_Hallmark_2020,27,1000,0.021
MSigDB_Hallmark_2020,28,1000,0.015
MSigDB_Hallmark_2020,31,1000,0.018
MSigDB_Hallmark_2020,35,1000,0.016
MSigDB_Hallmark_2020,41,1000,0.023
GO_Biological_Process_2023,15,1000,0.013
GO_Biological_Process_2023,16,1000,0.022
GO_Biological_Process_2023,17,1000,0.006
GO_Biological_Process_2023,19,1000,0.01
GO_Biological_Process_2023,20,1000,0.017
GO_Biological_Process_2023,21,1000,0.012
GO_Biological_Process_2023,27,1000,0.008
GO_Biological_Process_2023,28,1000,0.01
GO_Biological_Process_2023,31,1000,0.011
GO_Biological_Process_2023,35,1000,0.016
GO_Biological_Process_2023,41,1000,0.011
