Dataset,query_idx,stage1_c10_ms,rerank_c10_ms,stage1_c20_ms,rerank_c20_ms,stage1_c50_ms,rerank_c50_ms,stage1_c100_ms,rerank_c100_ms,stage1_c200_ms,rerank_c200_ms,stage1_c400_ms,rerank_c400_ms,stage1_c1000_ms,rerank_c1000_ms,n_candidates_max,stage2_only_ms,stage2_only_top1_is_gt
xenium_human_lymph_node_5k,0,770.979912020266,1.3664779253304005,554.73129497841,2.2175167687237263,571.8064117245376,2.977322321385145,583.123688120395,3.7091970443725586,592.0385541394353,5.080786067992449,604.0115053765476,7.875613868236542,630.2148918621242,16.340820118784904,1000,10815.002491697669,1.0
xenium_human_lymph_node_5k,1,549.2299040779471,1.4105797745287418,558.022128418088,1.698085106909275,566.4255637675524,2.1477052941918373,578.601289074868,2.8110980056226254,591.8970569036901,4.7389790415763855,604.7696452587843,7.529647089540958,636.4300670102239,15.598716214299202,1000,10847.27946529165,1.0
xenium_human_lymph_node_5k,2,542.4280748702586,1.1557741090655327,553.3869336359203,1.4347899705171585,563.3728238753974,1.8452289514243603,571.6043361462653,2.897880971431732,579.588663764298,4.331710748374462,597.6274209097028,7.126729004085064,627.1735397167504,15.910792630165815,1000,10805.853798985481,1.0
xenium_human_lymph_node_5k,3,555.2640459500253,1.4704610221087933,560.371024068445,1.463951077312231,580.4871050640941,2.129055093973875,580.3105123341084,2.810689155012369,585.614254232496,4.164007026702166,607.6887361705303,7.27106211706996,646.496718749404,15.937183983623981,1000,10815.629177726805,1.0
xenium_human_lymph_node_5k,4,546.867314260453,1.9841920584440231,556.4828650094569,2.0268121734261513,567.2836620360613,2.7022166177630424,600.8055252023041,4.1137756779789925,590.3280461207032,5.397683009505272,595.0211538001895,8.15609097480774,618.838784750551,16.093946993350983,1000,10786.72792762518,1.0
xenium_human_lymph_node_5k,5,538.888277951628,1.4371401630342007,541.138035710901,1.68881518766284,550.0303530134261,2.1593146957457066,560.8862107619643,2.8800610452890396,570.6922668032348,4.255369305610657,591.3099800236523,7.701660972088575,626.665442250669,16.031106002628803,1000,10742.516675963998,1.0
xenium_human_lymph_node_5k,6,567.1613439917564,1.4586509205400944,567.7311159670353,1.740537118166685,580.2269680425525,2.4384320713579655,586.6665737703443,3.1223148107528687,594.2990453913808,4.534926265478134,603.8154549896717,7.530308328568935,627.3774607107043,15.715089626610279,1000,10775.247614365071,1.0
xenium_human_lymph_node_5k,7,557.3633601889014,1.4560902491211891,563.2029427215457,1.7602168954908848,573.1173809617758,2.49539315700531,579.5980878174305,3.7057679146528244,591.154552064836,5.17120910808444,603.3557187765837,7.8426250256598,630.4423478432,16.107048839330673,1000,10772.30480639264,1.0
xenium_human_lymph_node_5k,8,528.2995910383761,1.72523595392704,530.5412579327822,2.0331130363047123,551.7855249345303,2.703126985579729,567.2199702821672,3.455562051385641,576.2572297826409,5.379673093557358,591.0087507218122,8.181281853467226,616.0326679237187,16.13101875409484,1000,10795.056181028485,1.0
xenium_human_lymph_node_5k,9,510.56553702801466,1.1763651855289936,522.8955782949924,1.1574150994420052,547.4827662110329,2.127464860677719,558.7638029828668,3.0963760800659657,569.5063597522676,4.535975866019726,585.8397441916168,7.593910209834576,621.8766733072698,16.015707049518824,1000,10804.802106693387,1.0
xenium_human_lymph_node_5k,10,488.93724102526903,1.1862749233841896,517.5940552726388,1.1512436904013157,544.8598703369498,2.115775365382433,555.1635380834341,2.7919989079236984,572.049914393574,4.469544161111116,585.299463942647,7.253703195601702,632.2934152558446,16.28114329650998,1000,,
xenium_human_lymph_node_5k,11,561.0800539143384,1.4356402680277824,571.0089043714106,1.6224952414631844,584.194412920624,2.1340050734579563,590.1444377377629,2.88523081690073,595.4363401979208,4.242079798132181,604.5476626604795,7.583179976791143,638.6314011178911,16.481007914990187,1000,,
xenium_human_lymph_node_5k,12,550.47543393448,1.9332109950482845,557.6003538444638,2.034262754023075,570.8201839588583,2.7188467793166637,584.7526080906391,3.431181889027357,595.785069745034,4.82763210311532,612.4933129176497,7.873615715652704,639.1561259515584,16.092319041490555,1000,,
xenium_human_lymph_node_5k,13,568.5006161220372,1.4757108874619007,576.14057790488,1.4550909399986267,595.1870898716152,2.127754967659712,613.868695218116,3.1569069251418114,618.520743213594,4.570466000586748,629.9143941141665,7.33610475435853,646.2540891952813,16.033608000725508,1000,,
xenium_human_lymph_node_5k,14,543.0283122695982,1.7123459838330746,556.3475037924945,1.7603272572159767,569.6520749479532,2.192756161093712,582.1484690532088,3.1673270277678967,585.2742148563266,4.815681837499142,595.7086561247706,7.839685305953026,614.5888236351311,16.18411112576723,1000,,
xenium_human_lymph_node_5k,15,607.3927730321884,1.460121013224125,621.1729738861322,1.738026738166809,970.5114541575313,2.169185783714056,632.0393239147961,3.131575882434845,641.2852113135159,4.55705588683486,649.8085707426071,7.665351964533329,667.8009908646345,16.554048750549555,1000,,
xenium_human_lymph_node_5k,16,557.474504224956,1.4554401859641075,563.6968347243965,1.7232061363756657,582.4723918922246,2.14208522811532,585.0441358052194,3.085354808717966,593.9947748556733,4.807170946151018,603.535387199372,7.597801275551319,640.9668582491577,16.176271717995405,1000,,
xenium_human_lymph_node_5k,17,538.1978889927268,1.4585009776055813,551.4525887556374,1.4774608425796032,559.7420339472592,2.1233041770756245,567.001897841692,2.793208695948124,583.2855920307338,4.464293830096722,596.6000142507255,7.566298823803663,646.827484946698,15.845934860408306,1000,,
xenium_human_lymph_node_5k,18,539.6085022948682,1.4667208306491375,547.8085246868432,1.4403010718524456,557.5349102728069,1.890429761260748,565.7350947149098,2.5593936443328857,587.0329351164401,4.1922093369066715,600.6485424004495,7.515797857195139,633.4124454297125,15.497297048568726,1000,,
xenium_human_lymph_node_5k,19,561.4220048300922,1.4300900511443615,572.1788918599486,1.7321058548986912,578.7804420106113,2.1539549343287945,582.9648412764072,3.132366109639406,590.104911942035,4.546415992081165,599.756226874888,7.737304084002972,633.1901531666517,15.912496019154787,1000,,
xenium_human_lymph_node_5k,20,572.1924449317157,1.4586709439754486,575.9368748404086,1.7470670863986015,581.5436230041087,2.186825964599848,583.0800370313227,2.8166002593934536,592.3614227212965,4.2335293255746365,602.9102858155966,7.29785393923521,635.007374919951,15.649720095098019,1000,,
xenium_human_lymph_node_5k,21,557.7075621113181,1.1649951338768005,567.9684090428054,1.697666011750698,579.6104650944471,2.1085748448967934,590.3840642422438,3.1026056967675686,598.9651260897517,4.497424699366093,602.8912281617522,7.327144965529442,629.9280100502074,16.178212128579617,1000,,
xenium_human_lymph_node_5k,22,570.0791059061885,1.6856761649250984,574.3529461324215,1.7302371561527252,582.2027628310025,2.190347295254469,585.0071120075881,3.195346798747778,593.5886641964316,4.685359075665474,610.2410960011184,7.754544261842966,636.2830279394984,16.154752112925053,1000,,
xenium_human_lymph_node_5k,23,536.5115790627897,1.4742910861968994,540.4429631307721,1.4606807380914688,557.6594369485974,2.4609719403088093,569.1492198966444,3.2285479828715324,585.4369038715959,5.185120273381472,604.5985398814082,7.959509268403053,634.5171541906893,16.5381389670074,1000,,
xenium_human_lymph_node_5k,24,551.3649662025273,1.436430960893631,562.723295763135,1.5034009702503681,568.6840331181884,2.130995038896799,578.3422281965613,2.779948990792036,583.7894319556653,4.76286094635725,597.2074470482767,7.555419113487005,630.2210157737136,15.662521123886108,1000,,
xenium_human_lymph_node_5k,25,527.2609889507294,1.4614411629736423,542.3035072162747,1.4748410321772099,553.3531312830746,1.8476988188922405,566.3540670648217,2.8063692152500153,577.6423048228025,4.390262998640537,590.7093230634928,7.50287901610136,638.0271329544485,15.881406143307686,1000,,
xenium_human_lymph_node_5k,26,553.0836870893836,1.4641610905528069,561.6355589590967,1.4678114093840122,570.7299611531198,2.1371361799538136,582.2341749444604,2.835910301655531,598.4413279220462,4.478104878216982,603.8758838549256,7.691522594541311,635.6934066861868,15.98396897315979,1000,,
xenium_human_lymph_node_5k,27,535.0992591120303,1.4380896463990211,544.9957400560379,1.4272499829530716,561.4442466758192,1.857689581811428,571.6504431329668,3.4031816758215427,579.3973677791655,4.817191977053881,598.9055312238634,7.650312036275864,634.7835510969162,15.905106905847788,1000,,
xenium_human_lymph_node_5k,28,555.6347258388996,1.6988259740173817,562.9565622657537,2.0176530815660954,571.8446099199355,2.4450919590890408,578.5761829465628,3.430512733757496,586.8751290254295,4.884904250502586,608.1638098694384,8.04860983043909,626.5596398152411,16.65991311892867,1000,,
xenium_human_lymph_node_5k,29,548.2862740755081,1.7113666981458664,559.4279989600182,1.7338171601295471,570.2480487525463,2.4355011992156506,578.3781921491027,3.4159421920776367,597.1746202558279,4.762650933116674,604.0555057115853,7.810646202415228,632.5704790651798,15.609280206263065,1000,,
xenium_human_lymph_node_5k,30,478.54267898947,1.1610747314989567,509.65012796223164,1.1869249865412712,555.4117881692946,2.10752384737134,557.1197927929461,2.821158617734909,568.1539280340075,4.50962595641613,582.329398021102,7.540510036051273,624.3167566135526,15.969177708029747,1000,,
xenium_human_lymph_node_5k,31,553.587419912219,1.4232597313821316,548.936131875962,1.702365931123495,559.6226090565324,2.1222149953246117,565.6853183172643,2.8109801933169365,581.2260466627777,4.173708148300648,599.3007300421596,7.628272287547588,641.9182918034494,15.933637041598558,1000,,
xenium_human_lymph_node_5k,32,556.5891470760107,1.4244201593101025,561.6505439393222,1.7124461010098457,577.790156006813,2.1241349168121815,584.2237519100308,2.8111888095736504,593.6601529829204,4.222569055855274,600.3326550126076,7.6117911376059055,629.6133953146636,15.60585992410779,1000,,
xenium_human_lymph_node_5k,33,553.8665410131216,1.1795349419116974,561.1235052347183,1.5031322836875916,576.8840201199055,2.114224247634411,577.1651151590049,2.905091270804405,592.0447511598468,4.232259001582861,597.7873029187322,7.290475070476532,630.5169672705233,15.65948175266385,1000,,
xenium_human_lymph_node_5k,34,572.108109947294,1.7014658078551292,573.3250458724797,1.727056223899126,581.8165661767125,2.183015923947096,589.3119960092008,3.117975778877735,594.5713971741498,4.5467559248209,599.231016356498,7.358556147664785,625.0397129915655,15.353824943304062,1000,,
xenium_human_lymph_node_5k,35,543.0348268710077,1.4631208032369614,549.4273127987981,1.4747721143066883,558.8820627890527,1.9200509414076805,566.1946092732251,2.6314263232052326,572.548144031316,4.3738828971982,598.2420188374817,7.161770947277546,637.3330666683614,15.95138804987073,1000,,
xenium_human_lymph_node_5k,36,552.9031781479716,1.4046900905668736,570.5481232143939,1.5044617466628551,570.9760920144618,1.9220211543142796,576.6263618133962,2.666126936674118,586.3281982019544,4.0030451491475105,601.4704187400639,7.417596876621246,646.9528530724347,16.18232298642397,1000,,
xenium_human_lymph_node_5k,37,544.7333180345595,1.420699991285801,551.5057416632771,1.72819709405303,571.111666969955,2.122454810887575,574.0447300486267,2.809759695082903,585.88559133932,4.50156582519412,607.1154312230647,7.646482903510332,637.7991926856339,16.145112924277782,1000,,
xenium_human_lymph_node_5k,38,558.4428901784122,1.712155994027853,563.958547078073,2.015952952206135,573.9450389519334,2.4318117648363113,583.0110819078982,3.176097758114338,586.6455999203026,4.847941920161247,598.1436632573605,8.11025220900774,627.3846346884966,16.54017111286521,1000,,
xenium_human_lymph_node_5k,39,558.523764833808,1.437431201338768,567.6800180226564,1.435771118849516,573.4239909797907,1.9066901877522469,581.3827798701823,2.8714314103126526,582.0528250187635,4.24866983667016,597.8985298424959,7.333355024456978,631.4463918097317,15.573800075799227,1000,,
xenium_human_lymph_node_5k,40,573.4835239127278,1.7284369096159935,579.8502089455724,1.8120878376066685,583.7241020053625,2.2201668471097946,595.748218242079,2.9336917214095592,599.8502550646663,4.637038800865412,609.3466859310865,7.404978387057781,630.9804948978126,15.611981973052025,1000,,
xenium_human_lymph_node_5k,41,555.9300337918103,1.4357906766235828,575.0639503821731,1.770797185599804,569.8143593035638,2.13140482082963,582.041509449482,2.899030689150095,591.4984396658838,4.2221201583743095,606.8522068671882,7.538939826190472,637.0529970154166,15.839116182178259,1000,,
xenium_human_lymph_node_5k,42,545.7550510764122,1.1974358931183815,561.708218883723,1.1553936637938023,578.4226437099278,2.1208850666880608,590.2415560558438,2.8022699989378452,604.6491819433868,4.255679901689291,606.8345280364156,7.257923949509859,627.4391761980951,15.514818951487541,1000,,
xenium_human_lymph_node_5k,43,559.0798160992563,1.7319973558187485,560.7253210619092,1.749897375702858,574.5581253431737,2.1369149908423424,581.9234219379723,3.1441268511116505,583.567027002573,4.773000720888376,601.9178261049092,7.584541104733944,638.0351628176868,15.872976742684841,1000,,
xenium_human_lymph_node_5k,44,557.6007957570255,1.4556008391082287,562.9742010496557,1.734086312353611,569.2488136701286,2.183215692639351,572.0686139538884,2.8995322063565254,583.8820859789848,4.853443242609501,602.7706670574844,7.7560339123010635,636.1978268250823,15.733123756945133,1000,,
xenium_human_lymph_node_5k,45,566.0980488173664,1.467101275920868,570.9654721431434,2.0419335924088955,583.530499599874,2.4794628843665123,589.004616253078,3.241459373384714,607.1938727982342,4.871353041380644,609.1734250076115,7.743745110929012,633.6399652063847,15.75639471411705,1000,,
xenium_human_lymph_node_5k,46,545.4705129377544,1.1705849319696426,564.1637910157442,1.4678309671580791,577.875442802906,2.127295359969139,578.8458529859781,2.8025396168231964,590.1084919460118,4.170718137174845,601.7767102457583,7.204852998256683,640.9675031900406,16.010009683668613,1000,,
xenium_human_lymph_node_5k,47,556.0669507831335,1.4784722588956356,551.5441843308508,1.4879419468343258,560.2562087588012,2.2672582417726517,570.633321069181,2.920181956142187,586.4087361842394,4.41239308565855,617.4055649898946,7.551081012934446,661.5561828948557,16.07969170436263,1000,,
xenium_human_lymph_node_5k,48,533.3651509135962,1.6610752791166306,538.479208946228,1.6995961777865887,544.6625100448728,2.1239547058939934,555.9616009704769,3.2992311753332615,569.7647240012884,5.007365718483925,588.8585210777819,8.084691595286131,619.5524130016565,16.614933032542467,1000,,
xenium_human_lymph_node_5k,49,539.429010823369,1.3986388221383095,546.2534073740244,1.4324197545647621,556.8366106599569,1.8762997351586819,563.1937570869923,2.8318800032138824,577.5374108925462,4.304710775613785,599.5458899997175,7.629991974681616,624.6984149329364,15.952209010720253,1000,,
xenium_human_lymph_node_5k,50,540.4313253238797,1.6534551978111267,545.6848759204149,1.7120870761573315,554.7877210192382,2.0930240862071514,559.2596661299467,2.779108937829733,571.6561991721392,4.175558686256409,575.9580200538039,6.814435124397278,617.4142020754516,15.727074351161718,1000,,
xenium_human_lymph_node_5k,51,524.7225831262767,1.1242437176406384,536.0034131444991,1.3892198912799358,539.686240721494,1.8082479946315289,549.0118088200688,2.501312643289566,558.3033571019769,4.202838987112045,574.608844704926,7.009939290583134,618.3138936758041,15.496509149670601,1000,,
xenium_human_lymph_node_5k,52,545.1910491101444,1.2143058702349663,547.9125566780567,1.1592949740588665,550.9910127148032,1.9116210751235485,561.7445819079876,2.850850112736225,572.5331716239452,4.620179068297148,582.599766086787,7.432467769831419,613.755498547107,16.04311214759946,1000,,
xenium_human_lymph_node_5k,53,514.4196166656911,1.1253240518271923,536.8769350461662,1.3644890859723091,550.0590559095144,1.7944579012691975,558.1882181577384,2.5136033073067665,572.0087829977274,4.212509840726852,586.3588680513203,7.288805209100246,615.1620708405972,15.789875760674477,1000,,
xenium_human_lymph_node_5k,54,571.6517958790064,1.412040088325739,575.3341149538755,1.6968762502074242,580.9638951905072,2.6658563874661922,586.0263528302312,3.3909319899976254,592.7904071286321,4.7356002032756805,598.5405202955008,7.480049040168524,625.0380235724151,15.485908836126328,1000,,
xenium_human_lymph_node_5k,55,542.5795996561646,1.3672788627445698,550.0629991292953,1.6703060828149319,561.4679120481014,2.0364439114928246,570.0360350310802,2.709898166358471,581.021067686379,4.707099869847298,592.3817809671164,7.374006789177656,618.191251065582,15.425478108227253,1000,,
xenium_human_lymph_node_5k,56,553.5854860208929,1.4235698617994785,561.0906961373985,1.4301608316600323,566.2549771368504,2.3908610455691814,574.7350668534636,3.348730970174074,579.3823357671499,4.727039951831102,599.2025379091501,7.697614375501871,620.5163518898189,16.03842107579112,1000,,
xenium_human_lymph_node_5k,57,549.8689888045192,1.6717161051928997,554.6042900532484,1.684464979916811,559.9614642560482,2.3936708457767963,565.7673780806363,3.1447773799300194,577.0720089785755,4.70161996781826,591.2792021408677,7.54139106720686,618.2737369090319,15.59548219665885,1000,,
xenium_human_lymph_node_5k,58,543.83739316836,1.424840185791254,546.8985680490732,1.416349783539772,551.5112560242414,2.0776139572262764,562.5994629226625,3.0109239742159843,573.1030772440135,4.382743034511805,588.4902747347951,7.39321717992425,623.5277708619833,15.641662757843733,1000,,
xenium_human_lymph_node_5k,59,558.4825659170747,1.1474937200546265,561.6407943889499,1.4162003062665462,567.7920351736248,1.8124277703464031,574.0142981521785,2.4736830964684486,591.4314580149949,4.363693296909332,604.095159098506,7.398577872663736,632.1311849169433,16.05223072692752,1000,,
xenium_human_lymph_node_5k,60,516.8115510605276,1.3928888365626335,525.6809997372329,1.700245775282383,542.523498646915,2.6510870084166527,556.5714277327061,3.4037819132208824,565.8642258495092,5.011986009776592,580.0017369911075,7.779035717248917,613.7425261549652,16.1774349398911,1000,,
xenium_human_lymph_node_5k,61,552.0848240703344,1.1941660195589066,557.3433958925307,1.4143912121653557,568.5982960276306,2.0646839402616024,576.9343641586602,2.817050088196993,585.1850099861622,4.4520553201437,596.9527810811996,7.2448537684977055,626.2838658876717,15.82837663590908,1000,,
xenium_human_lymph_node_5k,62,522.1448480151594,1.3930900022387505,531.0444580391049,1.7001363448798656,544.0780450589955,2.3735910654067993,556.3882482238114,3.3631320111453533,573.2881682924926,4.742731340229511,588.3815698325634,7.359127048403025,621.2614709511399,16.903449781239033,1000,,
xenium_human_lymph_node_5k,63,537.1741196140647,1.6696760430932045,539.5893519744277,1.6968860290944576,548.9987027831376,2.0965849980711937,555.4666202515364,2.7617989107966423,567.4149659462273,4.122548270970583,583.0944897606969,7.167052943259478,623.864158987999,15.79401595517993,1000,,
xenium_human_lymph_node_5k,64,503.4417030401528,1.1738250032067299,523.2343249954283,1.1093239299952984,544.4041471928358,1.7761383205652237,555.791508872062,3.0259941704571247,567.1719517558813,4.463056102395058,573.2228113338351,7.178512867540121,612.9869483411312,15.513590071350336,1000,,
xenium_human_lymph_node_5k,65,531.6268252208829,1.3662688434123993,543.0948599241674,1.6315840184688568,560.60995394364,2.072583884000778,568.2630869559944,2.782559022307396,581.1136900447309,4.1444082744419575,600.5738559179008,7.277634926140308,644.1590851172805,16.11685287207365,1000,,
xenium_human_lymph_node_5k,66,532.3819126933813,1.5015117824077606,539.1560280695558,1.4053001068532467,545.7574389874935,1.7909379675984383,559.9457919597626,2.7002282440662384,569.546025712043,4.10084705799818,592.9920859634876,7.4307783506810665,628.1273351050913,16.096963081508875,1000,,
xenium_human_lymph_node_5k,67,544.2549888975918,1.3927598483860493,547.9552666656673,1.4182296581566334,553.8711627013981,2.0726840011775494,564.9208393879235,2.7814488857984543,569.7232219390571,4.286251030862331,584.1235290281475,7.09728104993701,619.0140531398356,15.590151771903038,1000,,
xenium_human_lymph_node_5k,68,524.9760188162327,1.4172010123729706,535.0018832832575,1.4207297936081886,546.8206750229001,2.6482869870960712,558.3022502250969,3.387541975826025,567.7157412283123,5.004486069083214,579.8084991984069,7.739655207842588,608.2985168322921,16.076302155852318,1000,,
xenium_human_lymph_node_5k,69,541.6864869184792,1.4142501167953014,546.5373913757503,1.4191609807312489,561.6802242584527,2.074324060231447,567.4981470219791,3.045954741537571,577.6968752034009,4.413953982293606,594.8469522409141,7.42894783616066,621.8998590484262,15.483549796044827,1000,,
xenium_human_lymph_node_5k,70,532.9668126069009,1.415459904819727,537.6163120381534,1.42613984644413,550.0076059252024,1.8178578466176987,556.8782831542194,2.7457987889647484,569.1297338344157,4.3696630746126175,589.4568678922951,7.452588994055986,623.0317251756787,16.068533062934875,1000,,
xenium_human_lymph_node_5k,71,529.4483890756965,1.1461940594017506,535.0974001921713,1.421819906681776,539.2299280501902,1.843038946390152,549.156819935888,2.865070942789316,560.5676039122045,4.271121229976416,576.2783088721335,7.079241331666708,623.358644079417,15.682564117014408,1000,,
xenium_human_lymph_node_5k,72,567.0501329004765,1.6629858873784542,568.3459108695388,1.7121769487857819,572.862537112087,2.143995836377144,580.2922761067748,2.829010132700205,587.0411000214517,4.52389707788825,596.2704578414559,7.643302902579308,619.0696428529918,15.57453302666545,1000,,
xenium_human_lymph_node_5k,73,528.788547962904,1.4162496663630009,535.152374766767,1.4246408827602863,541.5954617783427,1.8455693498253822,550.8862501010299,2.5860448367893696,563.1484230980277,4.225450102239847,580.3865902125835,7.062550634145737,616.1794341169298,15.71724470704794,1000,,
xenium_human_lymph_node_5k,74,525.7443645969033,1.4011100865900517,532.5821512378752,1.4108000323176384,540.0805016979575,1.8616500310599804,541.7024670168757,2.835730090737343,551.430843770504,4.240159876644611,567.2037811018527,6.954047828912735,607.9532313160598,15.54828230291605,1000,,
xenium_human_lymph_node_5k,75,536.3492430187762,1.1205943301320076,545.2333432622254,1.6549848951399326,553.462668787688,2.0648138597607613,558.9235853403807,2.7760490775108337,572.6355779916048,4.078327212482691,583.8178568519652,7.493850309401751,614.6797458641231,15.606373082846403,1000,,
xenium_human_lymph_node_5k,76,547.4983020685613,1.4096102677285671,553.2319447956979,1.4304411597549915,564.5180670544505,2.1526459604501724,571.2775308638811,2.8592105954885483,580.9333273209631,4.292171914130449,597.5781623274088,7.040909957140684,620.583183132112,15.526110772043467,1000,,
xenium_human_lymph_node_5k,77,561.8315204046667,1.436281017959118,565.8024251461029,1.4248802326619625,574.0759521722794,2.369791269302368,580.615472048521,3.0967160128057003,589.1623850911856,4.635489080101252,605.270687956363,7.4024079367518425,623.1667506508529,15.65756369382143,1000,,
xenium_human_lymph_node_5k,78,562.1735998429358,1.6813557595014572,568.8454117625952,1.9516409374773502,574.7079281136394,2.6615061797201633,584.2731911689043,3.3361511304974556,596.9256130047143,4.681869875639677,604.581636376679,7.346946280449629,629.1724611073732,15.339666977524757,1000,,
xenium_human_lymph_node_5k,79,592.4701080657542,1.4272411353886127,594.4180390797555,1.4279014430940151,596.3040897622705,2.1092151291668415,604.3202811852098,2.7884203009307384,610.5115939863026,4.150488879531622,624.647615943104,7.072731386870146,642.9796870797873,15.57869277894497,1000,,
xenium_human_lymph_node_5k,80,575.9942382574081,1.427921000868082,573.0684660375118,1.43533106893301,582.2574817575514,2.1184352226555347,585.5822232551873,3.05776484310627,592.4345501698554,4.461835138499737,603.3225222490728,7.260734681040049,631.0723158530891,15.849657822400331,1000,,
xenium_human_lymph_node_5k,81,552.0546180196106,1.4254897832870483,560.2896241471171,1.3930993154644966,566.1599203012884,2.340329810976982,573.1212790124118,2.992772962898016,587.223120033741,4.651499912142754,599.7503479011357,7.509421091526747,623.1606090441346,15.309556853026152,1000,,
xenium_human_lymph_node_5k,82,535.9568358398974,1.414869911968708,540.1439759880304,1.4162599109113216,545.2381451614201,2.0521837286651134,554.8669500276446,2.7080378495156765,570.1932390220463,4.6140276826918125,584.4061328098178,7.350776810199022,621.9259737990797,15.72222588583827,1000,,
xenium_human_lymph_node_5k,83,546.4036511257291,1.3826899230480194,556.4032248221338,1.411370001733303,572.1939317882061,2.0421030931174755,573.7337763421237,2.997314091771841,582.9190616495907,4.672240000218153,594.1256317310035,7.427517790347338,617.1662239357829,15.287355985492468,1000,,
xenium_human_lymph_node_5k,84,556.6324009560049,1.9750017672777176,561.5352462045848,2.219848334789276,571.8044759705663,2.6992782950401306,576.5455467626452,3.3530411310493946,585.6889332644641,4.651159979403019,598.4207750298083,7.234254851937294,623.2317760586739,15.857389196753502,1000,,
xenium_human_lymph_node_5k,85,550.6591647863388,1.407429575920105,551.826539915055,1.4280397444963455,558.5147538222373,1.8404191359877586,562.8054947592318,2.514153253287077,581.7511896602809,4.224380943924189,598.3899659477174,7.037560921162367,633.759411983192,16.000501811504364,1000,,
xenium_human_lymph_node_5k,86,524.587850086391,1.1417842470109463,532.857736106962,1.3995897024869919,547.0185289159417,2.0826240070164204,552.4908560328186,2.78739957138896,563.5801637545228,4.200839903205633,578.6249958910048,7.014680188149214,617.5861191004515,15.54168201982975,1000,,
xenium_human_lymph_node_5k,87,509.9803991615772,1.401660032570362,518.5330021195114,1.3997904025018215,533.9426519349217,1.781337894499302,543.9335149712861,2.7319183573126793,554.5559520833194,4.588207695633173,573.7487920559943,7.4333189986646175,614.0028731897473,15.408028848469257,1000,,
xenium_human_lymph_node_5k,88,546.239126008004,1.6376348212361336,551.8904263153672,1.6954760067164898,560.4666299186647,2.0936550572514534,568.9876223914325,3.0743558891117573,575.652064755559,4.738771356642246,589.1592442058027,7.454640232026577,621.8904536217451,15.534091740846634,1000,,
xenium_human_lymph_node_5k,89,547.7072377689183,1.4217197895050049,550.4791778512299,1.6887360252439976,558.1995528191328,2.3807906545698643,563.7832921929657,3.403813112527132,580.7964759878814,5.059107672423124,593.1032001972198,7.878149393945932,611.334758810699,15.926000196486712,1000,,
xenium_human_lymph_node_5k,90,540.738461073488,1.4116503298282623,552.4411909282207,1.6824360936880112,578.7513540126383,2.097395248711109,568.716948851943,2.7519087307155132,578.3746358938515,4.120738245546818,590.4604750685394,6.914427969604731,630.5902129970491,15.52778109908104,1000,,
xenium_human_lymph_node_5k,91,579.1241633705795,1.426521223038435,561.1231778748333,1.4194301329553127,577.5262489914894,2.0727342925965786,584.0904698707163,3.018604125827551,587.4680220149457,4.666620399802923,607.6316540129483,7.703494280576706,636.8699888698757,15.59904357418418,1000,,
xenium_human_lymph_node_5k,92,545.8695637062192,1.6883262433111668,548.4605790115893,1.9565420225262642,559.679748956114,2.6974771171808243,572.4534229375422,3.629308193922043,576.9330188632011,4.994446877390146,599.8247289098799,7.562512066215277,625.4245862364769,15.846118796616793,1000,,
xenium_human_lymph_node_5k,93,535.533073823899,1.3812500983476639,548.7444060854614,1.7368467524647713,556.6649157553911,2.0919148810207844,556.0594541020691,3.0380645766854286,572.5458860397339,4.377433098852634,583.4515388123691,7.254315074533224,619.9707109481096,15.860688872635365,1000,,
xenium_human_lymph_node_5k,94,561.2304951064289,1.4018299989402294,568.7833670526743,1.4192708767950535,576.0977142490447,2.090855035930872,579.7364511527121,2.8038104064762592,595.1129700988531,4.2022401466965675,607.1160780265927,6.870426703244448,645.5214489251375,15.80330915749073,1000,,
xenium_human_lymph_node_5k,95,544.4170860573649,1.403269823640585,555.7746198028326,1.675496343523264,564.4881157204509,2.077035140246153,574.3802380748093,2.801839727908373,576.225867960602,4.106798209249973,591.5467059239745,7.24316481500864,649.0688268095255,15.59557393193245,1000,,
xenium_human_lymph_node_5k,96,527.7003413066268,1.1273836717009544,548.8877040334046,1.375808846205473,560.1610550656915,1.8277689814567566,563.8718851841986,2.789658959954977,573.8402977585793,4.455784801393747,593.2923448272049,7.728896103799343,615.7143251039088,15.58042410761118,1000,,
xenium_human_lymph_node_5k,97,568.5131051577628,1.4232113026082516,564.4161580130458,1.7276867292821407,571.2658641859889,2.098423894494772,578.4991690889001,3.0359853990375996,585.7644551433623,4.380513913929462,593.4365000575781,7.466820068657398,621.9045892357826,15.521963126957417,1000,,
xenium_human_lymph_node_5k,98,514.0729616396129,1.3866596855223179,523.5336041077971,1.3734190724790096,541.702903341502,2.059614285826683,552.0217739976943,2.7745203115046024,560.4563746601343,4.131027963012457,576.2503729201853,6.860817316919565,610.4029440321028,15.503581147640944,1000,,
xenium_human_lymph_node_5k,99,532.66810066998,1.412339974194765,538.5110559873283,1.426400151103735,549.555093050003,1.7896476201713085,556.6257941536605,2.746609039604664,569.5226900279522,4.3116421438753605,583.6108522489667,7.071030791848898,620.7204759120941,15.493392013013363,1000,,
