niche,position,gene_idx,gene
0,0,312,CRHBP
0,1,308,AHSP
0,2,309,UCP1
0,3,310,PDCD1
0,4,311,MPO
0,5,307,MUC6
0,6,303,GZMK
0,7,292,LEP
0,8,294,SCGB2A1
0,9,264,PIGR
0,10,306,TCF15
0,11,305,CYP1A1
0,12,302,CSF3
0,13,216,OPRPN
0,14,120,KRT6B
0,15,127,ADIPOQ
0,16,299,MYBPC1
0,17,304,APOBEC3A
0,18,97,MMP12
0,19,298,CXCL5
0,20,278,TCL1A
0,21,293,CD79B
0,22,274,CLEC9A
0,23,251,GNLY
0,24,295,NCAM1
0,25,112,KRT5
0,26,192,KRT16
0,27,297,SSTR2
0,28,279,CD19
0,29,161,MS4A1
0,30,187,BANK1
0,31,296,CCL20
0,32,282,CLCA2
0,33,301,SLC4A1
0,34,277,PGR
0,35,267,C5orf46
0,36,290,CLDN5
0,37,218,CTSG
0,38,157,CPA3
0,39,175,KIT
0,40,239,S100A8
0,41,213,MMP1
0,42,225,EDN1
0,43,122,KRT23
0,44,184,FCER1A
0,45,190,CD1C
0,46,114,MYH11
0,47,291,CLIC6
0,48,275,LIF
0,49,285,PLD4
0,50,300,NDUFA4L2
0,51,283,CD274
0,52,231,CCL8
0,53,286,CD80
0,54,276,DNAAF1
0,55,284,CLECL1
0,56,69,KRT14
0,57,265,SPIB
0,58,280,PDCD1LG2
0,59,31,ADH1B
0,60,217,GZMB
0,61,245,LILRA4
0,62,269,FOXP3
0,63,189,CTLA4
0,64,250,TIGIT
0,65,234,AQP3
0,66,197,CCR7
0,67,237,LTB
0,68,271,AKR1C3
0,69,272,FOXC2
0,70,219,C15orf48
0,71,191,MEDAG
0,72,195,TAC1
0,73,136,AGR3
0,74,268,ELF5
0,75,266,KLRF1
0,76,260,TNFRSF17
0,77,248,DERL3
0,78,232,CD79A
0,79,215,CD27
0,80,186,RAB30
0,81,133,ERN1
0,82,98,MZB1
0,83,59,ITM2C
0,84,95,SLAMF7
0,85,253,CEACAM8
0,86,289,CTH
0,87,252,TIMP4
0,88,182,SELL
0,89,135,SERPINB9
0,90,236,CX3CR1
0,91,233,FAM49A
0,92,240,IL2RA
0,93,193,TPSAB1
0,94,138,SMAP2
0,95,168,LPXN
0,96,183,CD83
0,97,170,MAP3K8
0,98,121,GPR183
0,99,273,LY86
0,100,158,CXCL16
0,101,241,TYROBP
0,102,45,ZEB2
0,103,137,GLIPR1
0,104,162,MNDA
0,105,211,ITGAM
0,106,180,CD86
0,107,84,MRC1
0,108,131,C1QA
0,109,34,PDK4
0,110,155,FCGR3A
0,111,89,CD14
0,112,126,IGSF6
0,113,80,AIF1
0,114,163,HAVCR2
0,115,82,CD163
0,116,73,APOC1
0,117,62,CD4
0,118,104,C1QC
0,119,39,FCER1G
0,120,44,CD68
0,121,141,ITGAX
0,122,22,LYZ
0,123,65,FGL2
0,124,254,APOBEC3B
0,125,261,NKG7
0,126,214,TCF7
0,127,262,PRF1
0,128,209,SLAMF1
0,129,235,KLRC1
0,130,128,KLRB1
0,131,41,CXCR4
0,132,85,S100A4
0,133,202,CD247
0,134,203,CD8B
0,135,210,KLRD1
0,136,145,GZMA
0,137,77,CD8A
0,138,103,CCL5
0,139,200,CD3D
0,140,169,CD69
0,141,142,IL2RG
0,142,134,CYTIP
0,143,198,CD3G
0,144,58,PTPRC
0,145,52,IL7R
0,146,74,TRAC
0,147,81,CD3E
0,148,258,TCEAL7
0,149,35,SFRP1
0,150,177,ALDH1A3
0,151,228,ANKRD29
0,152,224,PDE4A
0,153,247,CDC42EP1
0,154,230,AKR1C1
0,155,171,PIM1
0,156,113,CCPG1
0,157,129,LPL
0,158,174,ADGRE5
0,159,288,SOX18
0,160,153,HOXD8
0,161,281,SNAI1
0,162,123,PRDM1
0,163,205,ANGPT2
0,164,223,AVPR1A
0,165,207,CAVIN2
0,166,92,LDHB
0,167,117,ZEB1
0,168,160,PPARG
0,169,244,SOX17
0,170,33,MYLK
0,171,173,EDNRB
0,172,256,EGFL7
0,173,212,HOXD9
0,174,196,ESM1
0,175,226,IL3RA
0,176,111,TCF4
0,177,199,NOSTRIN
0,178,152,BTNL9
0,179,179,MMRN2
0,180,60,CAV1
0,181,30,AQP1
0,182,140,KDR
0,183,150,RAMP2
0,184,46,VWF
0,185,116,CLEC14A
0,186,49,PECAM1
0,187,71,CD93
0,188,47,PTGDS
0,189,146,BACE2
0,190,86,SVIL
0,191,242,PCOLCE
0,192,144,DPT
0,193,88,PTN
0,194,164,FBLIM1
0,195,18,SFRP4
0,196,154,EGFR
0,197,90,CRISPLD2
0,198,139,GJB2
0,199,159,LRRC15
0,200,61,IGF1
0,201,51,RUNX1
0,202,19,ACTA2
0,203,12,CXCL12
0,204,43,PDGFRB
0,205,48,FBLN1
0,206,13,CCDC80
0,207,20,MMP2
0,208,54,PDGFRA
0,209,1,LUM
0,210,2,POSTN
0,211,287,REXO4
0,212,249,DUSP2
0,213,66,KRT15
0,214,16,SERPINA3
0,215,259,LAG3
0,216,206,FSTL3
0,217,229,LGALSL
0,218,185,PELI1
0,219,255,RORC
0,220,257,C2orf42
0,221,243,DAPK3
0,222,270,HPX
0,223,246,OXTR
0,224,99,FAM107B
0,225,263,NPM3
0,226,238,RAPGEF3
0,227,156,DUSP5
0,228,201,TIFA
0,229,222,THAP2
0,230,181,DNTTIP1
0,231,148,ESR1
0,232,221,TUBB2B
0,233,188,ANKRD28
0,234,151,TRIB1
0,235,204,EIF4EBP1
0,236,194,SLC25A37
0,237,220,STC1
0,238,11,CEACAM6
0,239,101,WARS
0,240,227,DMKN
0,241,105,DSC2
0,242,176,HOOK2
0,243,110,TRAPPC3
0,244,167,KARS
0,245,57,BASP1
0,246,143,JUP
0,247,208,C6orf132
0,248,178,PTRHD1
0,249,172,OCIAD2
0,250,132,TUBA4A
0,251,79,PCLAF
0,252,147,RTKN2
0,253,165,MKI67
0,254,67,TOP2A
0,255,100,CENPF
0,256,166,SDC4
0,257,102,SEC24A
0,258,115,CLDN4
0,259,149,HDC
0,260,87,VOPP1
0,261,130,SRPK1
0,262,50,TENT5C
0,263,76,SEC11C
0,264,124,RHOH
0,265,119,SQLE
0,266,38,ACTG2
0,267,108,KLF5
0,268,118,TFAP2A
0,269,107,HMGA1
0,270,64,ADAM9
0,271,68,SMS
0,272,125,SLC5A6
0,273,93,QARS
0,274,55,FLNB
0,275,109,ZNF562
0,276,78,LARS
0,277,83,TMEM147
0,278,32,S100A14
0,279,21,TCIM
0,280,91,SH3YL1
0,281,75,USP53
0,282,96,ELF3
0,283,29,DST
0,284,106,TRAF4
0,285,56,ENAH
0,286,72,LYPD3
0,287,28,MDM2
0,288,40,SERHL2
0,289,26,TOMM7
0,290,36,TPD52
0,291,63,CCDC6
0,292,94,AR
0,293,53,DSP
0,294,42,ABCC11
0,295,70,MYO5B
0,296,23,POLR2J3
0,297,37,NARS
0,298,7,TACSTD2
0,299,25,CTTN
0,300,27,CDH1
0,301,4,SCD
0,302,24,CD9
0,303,10,ANKRD30A
0,304,17,MLPH
0,305,8,CCND1
0,306,14,KRT8
0,307,15,FASN
0,308,5,GATA3
0,309,0,ERBB2
0,310,6,EPCAM
0,311,3,KRT7
0,312,9,FOXA1
1,0,312,CRHBP
1,1,308,AHSP
1,2,311,MPO
1,3,294,SCGB2A1
1,4,309,UCP1
1,5,306,TCF15
1,6,310,PDCD1
1,7,307,MUC6
1,8,292,LEP
1,9,301,SLC4A1
1,10,304,APOBEC3A
1,11,299,MYBPC1
1,12,264,PIGR
1,13,305,CYP1A1
1,14,300,NDUFA4L2
1,15,302,CSF3
1,16,298,CXCL5
1,17,282,CLCA2
1,18,253,CEACAM8
1,19,276,DNAAF1
1,20,270,HPX
1,21,267,C5orf46
1,22,296,CCL20
1,23,303,GZMK
1,24,127,ADIPOQ
1,25,239,S100A8
1,26,196,ESM1
1,27,297,SSTR2
1,28,97,MMP12
1,29,192,KRT16
1,30,246,OXTR
1,31,213,MMP1
1,32,295,NCAM1
1,33,220,STC1
1,34,216,OPRPN
1,35,268,ELF5
1,36,274,CLEC9A
1,37,227,DMKN
1,38,272,FOXC2
1,39,208,C6orf132
1,40,291,CLIC6
1,41,287,REXO4
1,42,289,CTH
1,43,255,RORC
1,44,277,PGR
1,45,149,HDC
1,46,275,LIF
1,47,193,TPSAB1
1,48,175,KIT
1,49,157,CPA3
1,50,218,CTSG
1,51,136,AGR3
1,52,122,KRT23
1,53,265,SPIB
1,54,278,TCL1A
1,55,285,PLD4
1,56,217,GZMB
1,57,226,IL3RA
1,58,245,LILRA4
1,59,219,C15orf48
1,60,252,TIMP4
1,61,293,CD79B
1,62,284,CLECL1
1,63,237,LTB
1,64,182,SELL
1,65,279,CD19
1,66,161,MS4A1
1,67,187,BANK1
1,68,286,CD80
1,69,283,CD274
1,70,183,CD83
1,71,197,CCR7
1,72,195,TAC1
1,73,96,ELF3
1,74,263,NPM3
1,75,120,KRT6B
1,76,69,KRT14
1,77,112,KRT5
1,78,259,LAG3
1,79,254,APOBEC3B
1,80,147,RTKN2
1,81,250,TIGIT
1,82,189,CTLA4
1,83,269,FOXP3
1,84,174,ADGRE5
1,85,251,GNLY
1,86,266,KLRF1
1,87,249,DUSP2
1,88,145,GZMA
1,89,203,CD8B
1,90,77,CD8A
1,91,103,CCL5
1,92,262,PRF1
1,93,261,NKG7
1,94,210,KLRD1
1,95,235,KLRC1
1,96,99,FAM107B
1,97,121,GPR183
1,98,209,SLAMF1
1,99,85,S100A4
1,100,214,TCF7
1,101,142,IL2RG
1,102,128,KLRB1
1,103,41,CXCR4
1,104,134,CYTIP
1,105,169,CD69
1,106,202,CD247
1,107,198,CD3G
1,108,200,CD3D
1,109,58,PTPRC
1,110,52,IL7R
1,111,74,TRAC
1,112,81,CD3E
1,113,124,RHOH
1,114,168,LPXN
1,115,231,CCL8
1,116,243,DAPK3
1,117,223,AVPR1A
1,118,281,SNAI1
1,119,229,LGALSL
1,120,290,CLDN5
1,121,101,WARS
1,122,288,SOX18
1,123,146,BACE2
1,124,160,PPARG
1,125,225,EDN1
1,126,205,ANGPT2
1,127,244,SOX17
1,128,228,ANKRD29
1,129,152,BTNL9
1,130,153,HOXD8
1,131,238,RAPGEF3
1,132,55,FLNB
1,133,207,CAVIN2
1,134,256,EGFL7
1,135,60,CAV1
1,136,212,HOXD9
1,137,140,KDR
1,138,199,NOSTRIN
1,139,150,RAMP2
1,140,179,MMRN2
1,141,49,PECAM1
1,142,30,AQP1
1,143,46,VWF
1,144,71,CD93
1,145,116,CLEC14A
1,146,221,TUBB2B
1,147,139,GJB2
1,148,79,PCLAF
1,149,165,MKI67
1,150,67,TOP2A
1,151,100,CENPF
1,152,185,PELI1
1,153,135,SERPINB9
1,154,240,IL2RA
1,155,280,PDCD1LG2
1,156,109,ZNF562
1,157,233,FAM49A
1,158,73,APOC1
1,159,273,LY86
1,160,105,DSC2
1,161,236,CX3CR1
1,162,184,FCER1A
1,163,190,CD1C
1,164,170,MAP3K8
1,165,137,GLIPR1
1,166,45,ZEB2
1,167,158,CXCL16
1,168,241,TYROBP
1,169,138,SMAP2
1,170,180,CD86
1,171,155,FCGR3A
1,172,211,ITGAM
1,173,162,MNDA
1,174,141,ITGAX
1,175,22,LYZ
1,176,65,FGL2
1,177,126,IGSF6
1,178,163,HAVCR2
1,179,34,PDK4
1,180,80,AIF1
1,181,62,CD4
1,182,131,C1QA
1,183,39,FCER1G
1,184,84,MRC1
1,185,82,CD163
1,186,89,CD14
1,187,44,CD68
1,188,104,C1QC
1,189,271,AKR1C3
1,190,204,EIF4EBP1
1,191,222,THAP2
1,192,172,OCIAD2
1,193,118,TFAP2A
1,194,194,SLC25A37
1,195,70,MYO5B
1,196,148,ESR1
1,197,115,CLDN4
1,198,178,PTRHD1
1,199,171,PIM1
1,200,181,DNTTIP1
1,201,107,HMGA1
1,202,224,PDE4A
1,203,247,CDC42EP1
1,204,130,SRPK1
1,205,40,SERHL2
1,206,42,ABCC11
1,207,176,HOOK2
1,208,108,KLF5
1,209,92,LDHB
1,210,132,TUBA4A
1,211,119,SQLE
1,212,177,ALDH1A3
1,213,66,KRT15
1,214,167,KARS
1,215,129,LPL
1,216,230,AKR1C1
1,217,106,TRAF4
1,218,125,SLC5A6
1,219,143,JUP
1,220,72,LYPD3
1,221,258,TCEAL7
1,222,94,AR
1,223,166,SDC4
1,224,91,SH3YL1
1,225,110,TRAPPC3
1,226,75,USP53
1,227,78,LARS
1,228,68,SMS
1,229,83,TMEM147
1,230,93,QARS
1,231,88,PTN
1,232,17,MLPH
1,233,15,FASN
1,234,53,DSP
1,235,16,SERPINA3
1,236,14,KRT8
1,237,24,CD9
1,238,32,S100A14
1,239,27,CDH1
1,240,6,EPCAM
1,241,7,TACSTD2
1,242,5,GATA3
1,243,11,CEACAM6
1,244,9,FOXA1
1,245,3,KRT7
1,246,4,SCD
1,247,8,CCND1
1,248,0,ERBB2
1,249,10,ANKRD30A
1,250,242,PCOLCE
1,251,173,EDNRB
1,252,206,FSTL3
1,253,111,TCF4
1,254,117,ZEB1
1,255,191,MEDAG
1,256,31,ADH1B
1,257,28,MDM2
1,258,21,TCIM
1,259,23,POLR2J3
1,260,159,LRRC15
1,261,64,ADAM9
1,262,86,SVIL
1,263,26,TOMM7
1,264,144,DPT
1,265,35,SFRP1
1,266,154,EGFR
1,267,25,CTTN
1,268,57,BASP1
1,269,47,PTGDS
1,270,51,RUNX1
1,271,18,SFRP4
1,272,61,IGF1
1,273,90,CRISPLD2
1,274,43,PDGFRB
1,275,48,FBLN1
1,276,13,CCDC80
1,277,20,MMP2
1,278,1,LUM
1,279,2,POSTN
1,280,12,CXCL12
1,281,54,PDGFRA
1,282,164,FBLIM1
1,283,38,ACTG2
1,284,114,MYH11
1,285,56,ENAH
1,286,29,DST
1,287,19,ACTA2
1,288,33,MYLK
1,289,37,NARS
1,290,63,CCDC6
1,291,257,C2orf42
1,292,234,AQP3
1,293,188,ANKRD28
1,294,87,VOPP1
1,295,201,TIFA
1,296,156,DUSP5
1,297,151,TRIB1
1,298,113,CCPG1
1,299,215,CD27
1,300,186,RAB30
1,301,102,SEC24A
1,302,260,TNFRSF17
1,303,248,DERL3
1,304,133,ERN1
1,305,123,PRDM1
1,306,232,CD79A
1,307,36,TPD52
1,308,76,SEC11C
1,309,59,ITM2C
1,310,95,SLAMF7
1,311,50,TENT5C
1,312,98,MZB1
2,0,312,CRHBP
2,1,311,MPO
2,2,308,AHSP
2,3,309,UCP1
2,4,292,LEP
2,5,307,MUC6
2,6,310,PDCD1
2,7,305,CYP1A1
2,8,303,GZMK
2,9,306,TCF15
2,10,278,TCL1A
2,11,127,ADIPOQ
2,12,302,CSF3
2,13,304,APOBEC3A
2,14,301,SLC4A1
2,15,299,MYBPC1
2,16,300,NDUFA4L2
2,17,298,CXCL5
2,18,295,NCAM1
2,19,290,CLDN5
2,20,296,CCL20
2,21,245,LILRA4
2,22,297,SSTR2
2,23,294,SCGB2A1
2,24,264,PIGR
2,25,293,CD79B
2,26,216,OPRPN
2,27,97,MMP12
2,28,265,SPIB
2,29,279,CD19
2,30,161,MS4A1
2,31,187,BANK1
2,32,276,DNAAF1
2,33,213,MMP1
2,34,274,CLEC9A
2,35,231,CCL8
2,36,239,S100A8
2,37,251,GNLY
2,38,266,KLRF1
2,39,275,LIF
2,40,218,CTSG
2,41,175,KIT
2,42,157,CPA3
2,43,193,TPSAB1
2,44,291,CLIC6
2,45,268,ELF5
2,46,282,CLCA2
2,47,249,DUSP2
2,48,252,TIMP4
2,49,240,IL2RA
2,50,283,CD274
2,51,289,CTH
2,52,287,REXO4
2,53,230,AKR1C1
2,54,271,AKR1C3
2,55,129,LPL
2,56,223,AVPR1A
2,57,185,PELI1
2,58,281,SNAI1
2,59,220,STC1
2,60,205,ANGPT2
2,61,225,EDN1
2,62,288,SOX18
2,63,228,ANKRD29
2,64,153,HOXD8
2,65,196,ESM1
2,66,207,CAVIN2
2,67,238,RAPGEF3
2,68,160,PPARG
2,69,173,EDNRB
2,70,244,SOX17
2,71,60,CAV1
2,72,256,EGFL7
2,73,199,NOSTRIN
2,74,226,IL3RA
2,75,212,HOXD9
2,76,140,KDR
2,77,152,BTNL9
2,78,179,MMRN2
2,79,30,AQP1
2,80,49,PECAM1
2,81,71,CD93
2,82,46,VWF
2,83,116,CLEC14A
2,84,150,RAMP2
2,85,234,AQP3
2,86,201,TIFA
2,87,186,RAB30
2,88,215,CD27
2,89,248,DERL3
2,90,260,TNFRSF17
2,91,232,CD79A
2,92,123,PRDM1
2,93,133,ERN1
2,94,50,TENT5C
2,95,59,ITM2C
2,96,95,SLAMF7
2,97,76,SEC11C
2,98,98,MZB1
2,99,277,PGR
2,100,195,TAC1
2,101,191,MEDAG
2,102,258,TCEAL7
2,103,224,PDE4A
2,104,171,PIM1
2,105,206,FSTL3
2,106,164,FBLIM1
2,107,113,CCPG1
2,108,92,LDHB
2,109,31,ADH1B
2,110,139,GJB2
2,111,51,RUNX1
2,112,86,SVIL
2,113,242,PCOLCE
2,114,57,BASP1
2,115,45,ZEB2
2,116,144,DPT
2,117,111,TCF4
2,118,117,ZEB1
2,119,47,PTGDS
2,120,159,LRRC15
2,121,61,IGF1
2,122,18,SFRP4
2,123,48,FBLN1
2,124,12,CXCL12
2,125,90,CRISPLD2
2,126,54,PDGFRA
2,127,43,PDGFRB
2,128,20,MMP2
2,129,13,CCDC80
2,130,1,LUM
2,131,2,POSTN
2,132,257,C2orf42
2,133,263,NPM3
2,134,229,LGALSL
2,135,255,RORC
2,136,101,WARS
2,137,270,HPX
2,138,222,THAP2
2,139,243,DAPK3
2,140,247,CDC42EP1
2,141,188,ANKRD28
2,142,122,KRT23
2,143,177,ALDH1A3
2,144,194,SLC25A37
2,145,267,C5orf46
2,146,272,FOXC2
2,147,246,OXTR
2,148,154,EGFR
2,149,35,SFRP1
2,150,66,KRT15
2,151,88,PTN
2,152,192,KRT16
2,153,38,ACTG2
2,154,19,ACTA2
2,155,120,KRT6B
2,156,114,MYH11
2,157,29,DST
2,158,112,KRT5
2,159,33,MYLK
2,160,69,KRT14
2,161,204,EIF4EBP1
2,162,156,DUSP5
2,163,178,PTRHD1
2,164,181,DNTTIP1
2,165,167,KARS
2,166,227,DMKN
2,167,151,TRIB1
2,168,132,TUBA4A
2,169,146,BACE2
2,170,221,TUBB2B
2,171,166,SDC4
2,172,107,HMGA1
2,173,147,RTKN2
2,174,79,PCLAF
2,175,165,MKI67
2,176,67,TOP2A
2,177,100,CENPF
2,178,87,VOPP1
2,179,172,OCIAD2
2,180,149,HDC
2,181,176,HOOK2
2,182,253,CEACAM8
2,183,110,TRAPPC3
2,184,130,SRPK1
2,185,102,SEC24A
2,186,124,RHOH
2,187,56,ENAH
2,188,208,C6orf132
2,189,105,DSC2
2,190,75,USP53
2,191,119,SQLE
2,192,64,ADAM9
2,193,42,ABCC11
2,194,148,ESR1
2,195,93,QARS
2,196,91,SH3YL1
2,197,26,TOMM7
2,198,108,KLF5
2,199,78,LARS
2,200,143,JUP
2,201,28,MDM2
2,202,21,TCIM
2,203,83,TMEM147
2,204,109,ZNF562
2,205,23,POLR2J3
2,206,118,TFAP2A
2,207,40,SERHL2
2,208,125,SLC5A6
2,209,115,CLDN4
2,210,106,TRAF4
2,211,136,AGR3
2,212,96,ELF3
2,213,68,SMS
2,214,94,AR
2,215,16,SERPINA3
2,216,55,FLNB
2,217,63,CCDC6
2,218,25,CTTN
2,219,70,MYO5B
2,220,37,NARS
2,221,36,TPD52
2,222,72,LYPD3
2,223,53,DSP
2,224,15,FASN
2,225,4,SCD
2,226,32,S100A14
2,227,24,CD9
2,228,27,CDH1
2,229,3,KRT7
2,230,7,TACSTD2
2,231,10,ANKRD30A
2,232,17,MLPH
2,233,8,CCND1
2,234,5,GATA3
2,235,9,FOXA1
2,236,11,CEACAM6
2,237,14,KRT8
2,238,0,ERBB2
2,239,6,EPCAM
2,240,197,CCR7
2,241,250,TIGIT
2,242,189,CTLA4
2,243,269,FOXP3
2,244,217,GZMB
2,245,182,SELL
2,246,259,LAG3
2,247,237,LTB
2,248,99,FAM107B
2,249,254,APOBEC3B
2,250,214,TCF7
2,251,168,LPXN
2,252,174,ADGRE5
2,253,262,PRF1
2,254,85,S100A4
2,255,209,SLAMF1
2,256,128,KLRB1
2,257,142,IL2RG
2,258,134,CYTIP
2,259,41,CXCR4
2,260,58,PTPRC
2,261,202,CD247
2,262,203,CD8B
2,263,145,GZMA
2,264,210,KLRD1
2,265,77,CD8A
2,266,103,CCL5
2,267,169,CD69
2,268,200,CD3D
2,269,198,CD3G
2,270,52,IL7R
2,271,74,TRAC
2,272,81,CD3E
2,273,235,KLRC1
2,274,261,NKG7
2,275,280,PDCD1LG2
2,276,284,CLECL1
2,277,233,FAM49A
2,278,183,CD83
2,279,286,CD80
2,280,219,C15orf48
2,281,285,PLD4
2,282,184,FCER1A
2,283,190,CD1C
2,284,170,MAP3K8
2,285,135,SERPINB9
2,286,138,SMAP2
2,287,273,LY86
2,288,158,CXCL16
2,289,121,GPR183
2,290,137,GLIPR1
2,291,73,APOC1
2,292,236,CX3CR1
2,293,241,TYROBP
2,294,211,ITGAM
2,295,180,CD86
2,296,131,C1QA
2,297,162,MNDA
2,298,155,FCGR3A
2,299,89,CD14
2,300,141,ITGAX
2,301,126,IGSF6
2,302,163,HAVCR2
2,303,82,CD163
2,304,62,CD4
2,305,104,C1QC
2,306,39,FCER1G
2,307,44,CD68
2,308,80,AIF1
2,309,22,LYZ
2,310,65,FGL2
2,311,34,PDK4
2,312,84,MRC1
3,0,312,CRHBP
3,1,310,PDCD1
3,2,303,GZMK
3,3,308,AHSP
3,4,311,MPO
3,5,279,CD19
3,6,290,CLDN5
3,7,306,TCF15
3,8,309,UCP1
3,9,293,CD79B
3,10,232,CD79A
3,11,300,NDUFA4L2
3,12,307,MUC6
3,13,161,MS4A1
3,14,305,CYP1A1
3,15,278,TCL1A
3,16,248,DERL3
3,17,260,TNFRSF17
3,18,292,LEP
3,19,302,CSF3
3,20,218,CTSG
3,21,288,SOX18
3,22,212,HOXD9
3,23,127,ADIPOQ
3,24,304,APOBEC3A
3,25,251,GNLY
3,26,223,AVPR1A
3,27,297,SSTR2
3,28,237,LTB
3,29,150,RAMP2
3,30,207,CAVIN2
3,31,196,ESM1
3,32,159,LRRC15
3,33,197,CCR7
3,34,256,EGFL7
3,35,116,CLEC14A
3,36,226,IL3RA
3,37,295,NCAM1
3,38,245,LILRA4
3,39,191,MEDAG
3,40,296,CCL20
3,41,298,CXCL5
3,42,215,CD27
3,43,299,MYBPC1
3,44,173,EDNRB
3,45,187,BANK1
3,46,231,CCL8
3,47,274,CLEC9A
3,48,301,SLC4A1
3,49,240,IL2RA
3,50,291,CLIC6
3,51,184,FCER1A
3,52,190,CD1C
3,53,265,SPIB
3,54,258,TCEAL7
3,55,205,ANGPT2
3,56,250,TIGIT
3,57,213,MMP1
3,58,277,PGR
3,59,189,CTLA4
3,60,280,PDCD1LG2
3,61,271,AKR1C3
3,62,157,CPA3
3,63,144,DPT
3,64,195,TAC1
3,65,152,BTNL9
3,66,220,STC1
3,67,139,GJB2
3,68,216,OPRPN
3,69,252,TIMP4
3,70,276,DNAAF1
3,71,284,CLECL1
3,72,244,SOX17
3,73,282,CLCA2
3,74,182,SELL
3,75,283,CD274
3,76,281,SNAI1
3,77,249,DUSP2
3,78,242,PCOLCE
3,79,272,FOXC2
3,80,236,CX3CR1
3,81,285,PLD4
3,82,269,FOXP3
3,83,31,ADH1B
3,84,97,MMP12
3,85,217,GZMB
3,86,262,PRF1
3,87,209,SLAMF1
3,88,128,KLRB1
3,89,52,IL7R
3,90,235,KLRC1
3,91,169,CD69
3,92,261,NKG7
3,93,202,CD247
3,94,203,CD8B
3,95,200,CD3D
3,96,210,KLRD1
3,97,198,CD3G
3,98,145,GZMA
3,99,74,TRAC
3,100,81,CD3E
3,101,77,CD8A
3,102,103,CCL5
3,103,140,KDR
3,104,179,MMRN2
3,105,268,ELF5
3,106,175,KIT
3,107,264,PIGR
3,108,267,C5orf46
3,109,275,LIF
3,110,239,S100A8
3,111,47,PTGDS
3,112,61,IGF1
3,113,225,EDN1
3,114,228,ANKRD29
3,115,48,FBLN1
3,116,294,SCGB2A1
3,117,289,CTH
3,118,287,REXO4
3,119,259,LAG3
3,120,234,AQP3
3,121,199,NOSTRIN
3,122,286,CD80
3,123,193,TPSAB1
3,124,224,PDE4A
3,125,34,PDK4
3,126,170,MAP3K8
3,127,174,ADGRE5
3,128,160,PPARG
3,129,171,PIM1
3,130,233,FAM49A
3,131,84,MRC1
3,132,135,SERPINB9
3,133,273,LY86
3,134,123,PRDM1
3,135,92,LDHB
3,136,71,CD93
3,137,129,LPL
3,138,137,GLIPR1
3,139,57,BASP1
3,140,134,CYTIP
3,141,85,S100A4
3,142,142,IL2RG
3,143,168,LPXN
3,144,131,C1QA
3,145,241,TYROBP
3,146,219,C15orf48
3,147,211,ITGAM
3,148,158,CXCL16
3,149,95,SLAMF7
3,150,121,GPR183
3,151,162,MNDA
3,152,183,CD83
3,153,49,PECAM1
3,154,41,CXCR4
3,155,58,PTPRC
3,156,89,CD14
3,157,180,CD86
3,158,65,FGL2
3,159,155,FCGR3A
3,160,80,AIF1
3,161,82,CD163
3,162,126,IGSF6
3,163,45,ZEB2
3,164,104,C1QC
3,165,163,HAVCR2
3,166,141,ITGAX
3,167,73,APOC1
3,168,22,LYZ
3,169,62,CD4
3,170,39,FCER1G
3,171,44,CD68
3,172,18,SFRP4
3,173,90,CRISPLD2
3,174,12,CXCL12
3,175,111,TCF4
3,176,117,ZEB1
3,177,43,PDGFRB
3,178,20,MMP2
3,179,13,CCDC80
3,180,1,LUM
3,181,2,POSTN
3,182,46,VWF
3,183,266,KLRF1
3,184,230,AKR1C1
3,185,254,APOBEC3B
3,186,270,HPX
3,187,263,NPM3
3,188,257,C2orf42
3,189,246,OXTR
3,190,238,RAPGEF3
3,191,255,RORC
3,192,133,ERN1
3,193,185,PELI1
3,194,229,LGALSL
3,195,59,ITM2C
3,196,243,DAPK3
3,197,204,EIF4EBP1
3,198,247,CDC42EP1
3,199,222,THAP2
3,200,206,FSTL3
3,201,178,PTRHD1
3,202,201,TIFA
3,203,138,SMAP2
3,204,186,RAB30
3,205,221,TUBB2B
3,206,156,DUSP5
3,207,151,TRIB1
3,208,188,ANKRD28
3,209,167,KARS
3,210,181,DNTTIP1
3,211,253,CEACAM8
3,212,101,WARS
3,213,132,TUBA4A
3,214,165,MKI67
3,215,67,TOP2A
3,216,100,CENPF
3,217,79,PCLAF
3,218,147,RTKN2
3,219,153,HOXD8
3,220,172,OCIAD2
3,221,146,BACE2
3,222,208,C6orf132
3,223,99,FAM107B
3,224,113,CCPG1
3,225,107,HMGA1
3,226,166,SDC4
3,227,50,TENT5C
3,228,51,RUNX1
3,229,76,SEC11C
3,230,149,HDC
3,231,176,HOOK2
3,232,136,AGR3
3,233,16,SERPINA3
3,234,148,ESR1
3,235,143,JUP
3,236,124,RHOH
3,237,108,KLF5
3,238,98,MZB1
3,239,119,SQLE
3,240,110,TRAPPC3
3,241,125,SLC5A6
3,242,64,ADAM9
3,243,130,SRPK1
3,244,106,TRAF4
3,245,94,AR
3,246,56,ENAH
3,247,102,SEC24A
3,248,21,TCIM
3,249,96,ELF3
3,250,109,ZNF562
3,251,78,LARS
3,252,91,SH3YL1
3,253,118,TFAP2A
3,254,28,MDM2
3,255,75,USP53
3,256,115,CLDN4
3,257,87,VOPP1
3,258,83,TMEM147
3,259,40,SERHL2
3,260,70,MYO5B
3,261,93,QARS
3,262,42,ABCC11
3,263,63,CCDC6
3,264,68,SMS
3,265,53,DSP
3,266,72,LYPD3
3,267,55,FLNB
3,268,26,TOMM7
3,269,23,POLR2J3
3,270,25,CTTN
3,271,37,NARS
3,272,36,TPD52
3,273,32,S100A14
3,274,27,CDH1
3,275,24,CD9
3,276,4,SCD
3,277,15,FASN
3,278,10,ANKRD30A
3,279,17,MLPH
3,280,7,TACSTD2
3,281,3,KRT7
3,282,14,KRT8
3,283,8,CCND1
3,284,5,GATA3
3,285,9,FOXA1
3,286,11,CEACAM6
3,287,0,ERBB2
3,288,6,EPCAM
3,289,214,TCF7
3,290,227,DMKN
3,291,54,PDGFRA
3,292,30,AQP1
3,293,60,CAV1
3,294,38,ACTG2
3,295,19,ACTA2
3,296,29,DST
3,297,114,MYH11
3,298,112,KRT5
3,299,33,MYLK
3,300,69,KRT14
3,301,194,SLC25A37
3,302,86,SVIL
3,303,105,DSC2
3,304,164,FBLIM1
3,305,154,EGFR
3,306,192,KRT16
3,307,122,KRT23
3,308,177,ALDH1A3
3,309,120,KRT6B
3,310,88,PTN
3,311,35,SFRP1
3,312,66,KRT15
