Case,Tile,Niche,Block_Index,Length_Bin,Query_Length,rank,dist_gap,spindle_time_ms,brute_force_time_ms,speedup,retrieved,recall_at_eps_0.05,overlap_at_eps_0.05,recall_at_eps_0.1,overlap_at_eps_0.1,recall_at_eps_0.25,overlap_at_eps_0.25,Dataset
Contiguous Random,0,0,13,<=6,5,2,0.04119364048739449,2.0167,8.8195,4.37,50,1,0.2,1,0.1806,1,0.1713,xenium_human_kidney_nondiseased_seed0
Non-Contiguous Random,0,0,13,<=6,5,1,3.2268361290221925e-06,2.9779,8.5025,2.86,50,1,0.0909,1,0.1928,1,0.0974,xenium_human_kidney_nondiseased_seed0
Contiguous Random,1,0,6,<=6,5,1,-4.367927108811509e-06,2.3766,8.2537,3.47,50,1,0.7778,1,0.4524,1,0.368,xenium_human_kidney_nondiseased_seed0
Non-Contiguous Random,1,0,6,<=6,5,1,-3.56546275812053e-06,1.7785,8.2255,4.63,50,1,0.8462,1,0.8182,1,0.6712,xenium_human_kidney_nondiseased_seed0
Contiguous Random,2,0,17,<=6,5,6,0.15826345384504842,1.8658,8.5253,4.57,50,0,0.0,1,0.1,1,0.1622,xenium_human_kidney_nondiseased_seed0
Non-Contiguous Random,2,0,17,<=6,5,2,0.028357053814988875,1.8817,8.3325,4.43,50,1,0.6,1,0.625,1,0.5918,xenium_human_kidney_nondiseased_seed0
Contiguous Random,3,0,2,<=6,6,1,4.085752562534017e-06,1.8222,8.129,4.46,50,1,1.0,1,1.0,1,1.0,xenium_human_kidney_nondiseased_seed0
Non-Contiguous Random,3,0,2,<=6,6,1,-1.8393454668547832e-06,1.7993,7.8577,4.37,50,1,1.0,1,1.0,1,1.0,xenium_human_kidney_nondiseased_seed0
Contiguous Random,4,0,13,<=6,5,1,-4.443699120948441e-06,2.8537,8.4608,2.96,50,1,1.0,1,0.95,1,0.9149,xenium_human_kidney_nondiseased_seed0
Non-Contiguous Random,4,0,13,<=6,5,19,0.16374519567048884,1.6448,8.4452,5.13,50,1,0.1304,1,0.1373,1,0.0918,xenium_human_kidney_nondiseased_seed0
Contiguous Random,5,0,17,<=6,4,1,-2.1891021728670523e-06,1.4929,7.6063,5.09,50,1,1.0,1,1.0,1,1.0,xenium_human_kidney_nondiseased_seed0
Non-Contiguous Random,5,0,17,<=6,4,1,-3.526592254887717e-07,1.6331,7.629,4.67,50,1,1.0,1,1.0,1,1.0,xenium_human_kidney_nondiseased_seed0
Contiguous Random,6,0,15,<=6,6,9,0.272276539330423,1.5798,8.9692,5.68,50,0,0.0,1,0.0909,1,0.1486,xenium_human_kidney_nondiseased_seed0
Non-Contiguous Random,6,0,15,<=6,6,1,-1.8450972707473312e-06,2.0099,8.8609,4.41,50,1,1.0,1,1.0,1,1.0,xenium_human_kidney_nondiseased_seed0
Contiguous Random,7,0,2,<=6,6,1,4.387223251401534e-06,2.0187,7.8128,3.87,50,1,1.0,1,1.0,1,1.0,xenium_human_kidney_nondiseased_seed0
Non-Contiguous Random,7,0,2,<=6,6,1,4.3620124229315493e-07,1.7052,7.8228,4.59,50,1,1.0,1,1.0,1,1.0,xenium_human_kidney_nondiseased_seed0
Contiguous Random,8,0,2,<=6,5,1,3.097602397148305e-06,1.6019,7.4938,4.68,50,1,1.0,1,1.0,1,1.0,xenium_human_kidney_nondiseased_seed0
Non-Contiguous Random,8,0,2,<=6,5,1,0.0,1.6238,7.382,4.55,50,1,0.6494,1,0.6494,1,0.6494,xenium_human_kidney_nondiseased_seed0
Contiguous Random,9,0,3,<=6,5,1,-6.743277898117739e-07,1.8368,7.6298,4.15,50,1,1.0,1,1.0,1,1.0,xenium_human_kidney_nondiseased_seed0
Non-Contiguous Random,9,0,3,<=6,5,1,-9.117892201815359e-07,1.6504,7.6472,4.63,50,1,1.0,1,1.0,1,1.0,xenium_human_kidney_nondiseased_seed0
Contiguous Random,10,0,9,<=6,6,1,3.540466451901203e-06,2.3422,8.8695,3.79,50,1,0.5652,1,0.3297,1,0.1253,xenium_human_kidney_nondiseased_seed0
Non-Contiguous Random,10,0,9,<=6,6,1,8.606496914032036e-07,4.1002,8.8593,2.16,50,1,0.5385,1,0.381,1,0.1908,xenium_human_kidney_nondiseased_seed0
Contiguous Random,11,0,5,<=6,5,1,1.6650433254383756e-06,1.5716,7.8194,4.98,50,1,1.0,1,1.0,1,1.0,xenium_human_kidney_nondiseased_seed0
Non-Contiguous Random,11,0,5,<=6,5,1,-3.120162990866149e-06,1.6958,8.101,4.78,50,1,1.0,1,1.0,1,1.0,xenium_human_kidney_nondiseased_seed0
Contiguous Random,12,0,8,<=6,6,1,-4.397272474365721e-06,1.8795,8.522,4.53,50,1,1.0,1,0.75,1,0.4,xenium_human_kidney_nondiseased_seed0
Non-Contiguous Random,12,0,8,<=6,6,2,0.026668293783181363,2.1127,8.4855,4.02,50,1,0.4615,1,0.5,1,0.3762,xenium_human_kidney_nondiseased_seed0
Contiguous Random,13,0,4,<=6,4,1,1.3615989685189511e-06,1.4033,7.269,5.18,50,1,1.0,1,1.0,1,1.0,xenium_human_kidney_nondiseased_seed0
Non-Contiguous Random,13,0,4,<=6,4,1,-4.275114536281266e-06,1.5719,7.2932,4.64,50,1,1.0,1,1.0,1,1.0,xenium_human_kidney_nondiseased_seed0
Contiguous Random,14,0,12,<=6,6,1,-2.6800923108583063e-06,1.648,9.1432,5.55,50,1,0.5,1,0.2143,1,0.2083,xenium_human_kidney_nondiseased_seed0
Non-Contiguous Random,14,0,12,<=6,6,1,-3.969025630434775e-06,1.6397,8.9397,5.45,50,1,1.0,1,0.7857,1,0.5672,xenium_human_kidney_nondiseased_seed0
Contiguous Random,15,0,6,<=6,4,1,8.051967620714695e-07,2.1986,7.5014,3.41,50,1,1.0,1,0.8125,1,0.3451,xenium_human_kidney_nondiseased_seed0
Non-Contiguous Random,15,0,6,<=6,4,1,-9.378051757796824e-07,1.6141,7.4369,4.61,50,1,1.0,1,1.0,1,1.0,xenium_human_kidney_nondiseased_seed0
Contiguous Random,16,0,15,<=6,5,4,0.05157113891751308,2.7251,8.3675,3.07,50,1,0.0909,1,0.1364,1,0.1622,xenium_human_kidney_nondiseased_seed0
Non-Contiguous Random,16,0,15,<=6,5,1,-4.163699500459028e-06,1.6869,8.3718,4.96,50,1,0.1852,1,0.1552,1,0.0992,xenium_human_kidney_nondiseased_seed0
Contiguous Random,17,0,3,<=6,6,1,-3.3144959738773405e-06,1.9933,8.0942,4.06,50,1,1.0,1,1.0,1,1.0,xenium_human_kidney_nondiseased_seed0
Non-Contiguous Random,17,0,3,<=6,6,1,-4.0960032235970445e-06,1.8465,8.0628,4.37,50,1,1.0,1,1.0,1,1.0,xenium_human_kidney_nondiseased_seed0
Contiguous Random,18,0,7,<=6,4,1,3.080787658690798e-06,1.5153,7.4714,4.93,50,1,1.0,1,1.0,1,1.0,xenium_human_kidney_nondiseased_seed0
Non-Contiguous Random,18,0,7,<=6,4,2,0.042754616146087665,1.6183,7.5033,4.64,50,1,0.6667,1,0.84,1,0.6301,xenium_human_kidney_nondiseased_seed0
Contiguous Random,19,0,11,<=6,4,18,0.1285343505287171,2.0584,7.7098,3.75,50,1,0.0556,1,0.1346,1,0.087,xenium_human_kidney_nondiseased_seed0
Non-Contiguous Random,19,0,11,<=6,4,5,0.09404046125411986,2.5147,7.8211,3.11,50,1,0.1667,1,0.16,1,0.1675,xenium_human_kidney_nondiseased_seed0
Contiguous Random,20,0,4,<=6,4,1,4.863739013672222e-06,1.5881,7.3044,4.6,50,1,1.0,1,1.0,1,1.0,xenium_human_kidney_nondiseased_seed0
Non-Contiguous Random,20,0,4,<=6,4,1,-3.433761596680421e-06,1.5891,7.2816,4.58,50,1,1.0,1,1.0,1,1.0,xenium_human_kidney_nondiseased_seed0
Contiguous Random,21,0,17,<=6,6,3,0.07736679509341049,1.7769,9.1041,5.12,50,1,0.4,1,0.2609,1,0.1114,xenium_human_kidney_nondiseased_seed0
Non-Contiguous Random,21,0,17,<=6,6,1,-4.0892598358599486e-06,2.2845,8.7422,3.83,50,1,0.8571,1,0.9,1,0.9667,xenium_human_kidney_nondiseased_seed0
Contiguous Random,22,0,6,<=6,4,1,3.512573242159256e-06,3.0328,7.6569,2.52,50,1,1.0,1,0.9091,1,0.4414,xenium_human_kidney_nondiseased_seed0
Non-Contiguous Random,22,0,6,<=6,4,1,0.0,1.8737,7.2869,3.89,50,1,1.0,1,1.0,1,1.0,xenium_human_kidney_nondiseased_seed0
Contiguous Random,23,0,3,<=6,5,1,0.0,1.611,7.6215,4.73,50,1,1.0,1,1.0,1,1.0,xenium_human_kidney_nondiseased_seed0
Non-Contiguous Random,23,0,3,<=6,5,1,0.0,1.7088,7.5903,4.44,50,1,1.0,1,1.0,1,1.0,xenium_human_kidney_nondiseased_seed0
Contiguous Random,24,0,1,<=6,6,1,0.0,1.6555,7.78,4.7,50,1,0.7903,1,0.7903,1,0.7903,xenium_human_kidney_nondiseased_seed0
Non-Contiguous Random,24,0,1,<=6,6,1,0.0,1.8574,7.7636,4.18,50,1,0.7576,1,0.7576,1,0.7576,xenium_human_kidney_nondiseased_seed0
Contiguous Random,25,0,8,<=6,4,1,-4.7526904940597275e-06,2.1767,7.5178,3.45,50,1,1.0,1,1.0,1,0.7119,xenium_human_kidney_nondiseased_seed0
Non-Contiguous Random,25,0,8,<=6,4,1,-1.962537765499983e-06,1.721,7.3701,4.28,50,1,1.0,1,1.0,1,1.0,xenium_human_kidney_nondiseased_seed0
Contiguous Random,26,0,11,<=6,5,1,-3.594589865985043e-06,4.2005,8.5484,2.04,50,1,1.0,1,1.0,1,1.0,xenium_human_kidney_nondiseased_seed0
Non-Contiguous Random,26,0,11,<=6,5,1,1.9910588383575956e-06,3.7407,8.4234,2.25,50,1,1.0,1,1.0,1,1.0,xenium_human_kidney_nondiseased_seed0
Contiguous Random,27,0,1,<=6,5,1,-3.4262795440675314e-06,1.7429,7.4635,4.28,50,1,1.0,1,1.0,1,1.0,xenium_human_kidney_nondiseased_seed0
Non-Contiguous Random,27,0,1,<=6,5,1,-4.4864427014568165e-06,1.658,7.4008,4.46,50,1,1.0,1,1.0,1,1.0,xenium_human_kidney_nondiseased_seed0
Contiguous Random,28,0,11,<=6,5,9,0.10441547961522335,1.9461,8.3954,4.31,50,1,0.1,1,0.2093,1,0.0836,xenium_human_kidney_nondiseased_seed0
Non-Contiguous Random,28,0,11,<=6,5,1,4.751212762110768e-06,2.1201,8.402,3.96,50,1,0.25,1,0.2222,1,0.1222,xenium_human_kidney_nondiseased_seed0
Contiguous Random,29,0,5,<=6,6,1,3.1873967408502235e-06,1.9961,8.2603,4.14,50,1,1.0,1,1.0,1,1.0,xenium_human_kidney_nondiseased_seed0
Non-Contiguous Random,29,0,5,<=6,6,1,1.515193398526904e-07,2.446,8.5939,3.51,50,1,1.0,1,1.0,1,1.0,xenium_human_kidney_nondiseased_seed0
Contiguous Random,30,0,14,<=6,4,1,3.284988403295941e-06,2.1791,7.7133,3.54,50,1,0.7692,1,0.6667,1,0.3091,xenium_human_kidney_nondiseased_seed0
Non-Contiguous Random,30,0,14,<=6,4,1,5.537033076485898e-08,1.8486,7.7875,4.21,50,1,0.75,1,0.7692,1,0.3294,xenium_human_kidney_nondiseased_seed0
Contiguous Random,31,0,16,<=6,6,13,0.09007236879714153,2.1115,9.1821,4.35,50,1,0.1,1,0.1226,1,0.0973,xenium_human_kidney_nondiseased_seed0
Non-Contiguous Random,31,0,16,<=6,6,17,0.08548473179835187,2.0861,9.0413,4.33,50,1,0.0357,1,0.0446,1,0.0732,xenium_human_kidney_nondiseased_seed0
Contiguous Random,32,0,0,<=6,6,1,0.0,1.8143,7.4013,4.08,50,1,0.8919,1,0.8929,1,0.8929,xenium_human_kidney_nondiseased_seed0
Non-Contiguous Random,32,0,0,<=6,6,1,0.0,1.808,7.3045,4.04,50,1,0.1462,1,0.1462,1,0.1462,xenium_human_kidney_nondiseased_seed0
Contiguous Random,33,0,1,<=6,6,1,-2.2426871630898404e-06,1.7237,7.7427,4.49,50,1,1.0,1,1.0,1,1.0,xenium_human_kidney_nondiseased_seed0
Non-Contiguous Random,33,0,1,<=6,6,1,2.832554009568611e-06,1.97,7.7111,3.91,50,1,1.0,1,1.0,1,1.0,xenium_human_kidney_nondiseased_seed0
Contiguous Random,34,0,11,<=6,5,7,0.10694471419306018,1.6865,8.4122,4.99,50,1,0.1667,1,0.1143,1,0.0692,xenium_human_kidney_nondiseased_seed0
Non-Contiguous Random,34,0,11,<=6,5,3,0.023552135109093764,1.6876,8.4762,5.02,50,1,0.25,1,0.2093,1,0.1187,xenium_human_kidney_nondiseased_seed0
Contiguous Random,35,0,13,<=6,5,1,3.4885634835335466e-06,1.674,8.3774,5.0,50,1,1.0,1,1.0,1,1.0,xenium_human_kidney_nondiseased_seed0
Non-Contiguous Random,35,0,13,<=6,5,1,-2.2756633728526765e-06,4.0196,8.4099,2.09,50,1,1.0,1,1.0,1,1.0,xenium_human_kidney_nondiseased_seed0
Contiguous Random,36,0,10,<=6,6,1,-1.4119644993759728e-06,2.828,8.7222,3.08,50,1,1.0,1,1.0,1,1.0,xenium_human_kidney_nondiseased_seed0
Non-Contiguous Random,36,0,10,<=6,6,1,-3.864693113642126e-06,1.8276,8.7339,4.78,50,1,1.0,1,1.0,1,0.9706,xenium_human_kidney_nondiseased_seed0
Contiguous Random,37,0,13,<=6,5,13,0.13687792001836346,1.8813,8.2707,4.4,50,1,0.1,1,0.1023,1,0.1243,xenium_human_kidney_nondiseased_seed0
Non-Contiguous Random,37,0,13,<=6,5,1,-4.080429582220546e-06,2.7133,8.2344,3.03,50,1,0.8889,1,0.8571,1,0.5625,xenium_human_kidney_nondiseased_seed0
Contiguous Random,38,0,14,<=6,4,3,0.050146419601440395,1.669,7.6344,4.57,50,1,0.1818,1,0.1,1,0.1355,xenium_human_kidney_nondiseased_seed0
Non-Contiguous Random,38,0,14,<=6,4,2,0.2189471649360657,1.7734,7.597,4.28,50,0,0.0,1,0.6667,1,0.1,xenium_human_kidney_nondiseased_seed0
Contiguous Random,39,0,15,<=6,6,3,0.05622392018182565,1.8601,8.9686,4.82,50,1,0.3636,1,0.3125,1,0.1748,xenium_human_kidney_nondiseased_seed0
Non-Contiguous Random,39,0,15,<=6,6,1,-4.67201402321038e-06,2.193,8.9796,4.09,50,1,0.4,1,0.4286,1,0.2338,xenium_human_kidney_nondiseased_seed0
Contiguous Random,40,0,15,<=6,4,14,0.09788821647644042,1.4694,7.7347,5.26,50,1,0.0526,1,0.06,1,0.1065,xenium_human_kidney_nondiseased_seed0
Non-Contiguous Random,40,0,15,<=6,4,2,0.046937910099029534,1.8963,7.6305,4.02,50,1,0.25,1,0.1176,1,0.1562,xenium_human_kidney_nondiseased_seed0
Contiguous Random,41,0,13,<=6,4,2,0.02419487401962278,2.7146,7.6944,2.83,50,1,0.3125,1,0.1746,1,0.1098,xenium_human_kidney_nondiseased_seed0
Non-Contiguous Random,41,0,13,<=6,4,1,-4.939060211150981e-06,3.7076,7.6527,2.06,50,1,1.0,1,0.9444,1,0.3902,xenium_human_kidney_nondiseased_seed0
Contiguous Random,42,0,13,<=6,5,1,3.481467363897206e-06,2.8159,8.3398,2.96,50,1,0.9,1,0.9444,1,0.9375,xenium_human_kidney_nondiseased_seed0
Non-Contiguous Random,42,0,13,<=6,5,1,4.545683330303696e-06,4.8402,8.238,1.7,50,1,1.0,1,1.0,1,0.7692,xenium_human_kidney_nondiseased_seed0
Contiguous Random,43,0,0,<=6,6,1,-3.4197857243789542e-06,1.6323,7.4431,4.56,50,1,1.0,1,1.0,1,0.6173,xenium_human_kidney_nondiseased_seed0
Non-Contiguous Random,43,0,0,<=6,6,1,-4.6730023622789524e-07,1.7532,7.3378,4.19,50,1,0.7,1,0.75,1,0.7463,xenium_human_kidney_nondiseased_seed0
Contiguous Random,44,0,3,<=6,4,1,0.0,1.5452,7.2035,4.66,50,1,1.0,1,1.0,1,1.0,xenium_human_kidney_nondiseased_seed0
Non-Contiguous Random,44,0,3,<=6,4,1,-3.753662109395525e-08,1.569,7.1939,4.59,50,1,1.0,1,1.0,1,1.0,xenium_human_kidney_nondiseased_seed0
Contiguous Random,45,0,5,<=6,5,1,4.382489087510766e-06,2.1648,7.919,3.66,50,1,1.0,1,1.0,1,1.0,xenium_human_kidney_nondiseased_seed0
Non-Contiguous Random,45,0,5,<=6,5,1,2.8208815918973063e-06,2.3903,7.9403,3.32,50,1,0.8235,1,0.587,1,0.4592,xenium_human_kidney_nondiseased_seed0
Contiguous Random,46,0,0,<=6,4,1,0.0,1.33,6.9516,5.23,50,1,0.1144,1,0.1144,1,0.1144,xenium_human_kidney_nondiseased_seed0
Non-Contiguous Random,46,0,0,<=6,4,1,0.0,1.4657,6.9258,4.73,50,1,0.1266,1,0.1266,1,0.1266,xenium_human_kidney_nondiseased_seed0
Contiguous Random,47,0,16,<=6,4,1,2.241563797023005e-06,1.5488,7.7945,5.03,50,1,0.125,1,0.069,1,0.0269,xenium_human_kidney_nondiseased_seed0
Non-Contiguous Random,47,0,16,<=6,4,1,-4.646778106687233e-06,2.9982,7.7272,2.58,50,1,0.3125,1,0.1739,1,0.0871,xenium_human_kidney_nondiseased_seed0
Contiguous Random,48,0,1,<=6,4,1,0.0,1.3843,7.0259,5.08,50,1,0.2242,1,0.2242,1,0.2242,xenium_human_kidney_nondiseased_seed0
Non-Contiguous Random,48,0,1,<=6,4,1,-3.2558727264264675e-06,1.4618,7.0722,4.84,50,1,1.0,1,1.0,1,1.0,xenium_human_kidney_nondiseased_seed0
Contiguous Random,49,0,1,<=6,5,1,-1.497054829668193e-07,1.6052,7.4159,4.62,50,1,1.0,1,1.0,1,1.0,xenium_human_kidney_nondiseased_seed0
Non-Contiguous Random,49,0,1,<=6,5,1,-1.497054829668193e-07,1.5564,7.3426,4.72,50,1,1.0,1,1.0,1,1.0,xenium_human_kidney_nondiseased_seed0
Contiguous Random,50,0,13,7-12,12,1,-2.701185060516309e-06,3.8101,15.8444,4.16,50,1,1.0,1,1.0,1,1.0,xenium_human_kidney_nondiseased_seed0
Non-Contiguous Random,50,0,13,7-12,12,2,0.7629289919548095,4.8382,14.7406,3.05,50,0,0.0,0,0.0,1,0.6452,xenium_human_kidney_nondiseased_seed0
Contiguous Random,51,0,1,7-12,9,1,-1.4723714192310666e-06,2.3253,8.8136,3.79,50,1,1.0,1,1.0,1,1.0,xenium_human_kidney_nondiseased_seed0
Non-Contiguous Random,51,0,1,7-12,9,1,-5.510203044956086e-07,2.1754,8.9028,4.09,50,1,1.0,1,1.0,1,1.0,xenium_human_kidney_nondiseased_seed0
Contiguous Random,52,0,3,7-12,9,1,-4.7360483805269915e-06,2.3263,9.6415,4.14,50,1,1.0,1,1.0,1,1.0,xenium_human_kidney_nondiseased_seed0
Non-Contiguous Random,52,0,3,7-12,9,1,-3.5866292318331716e-06,2.3077,9.5186,4.12,50,1,1.0,1,1.0,1,0.75,xenium_human_kidney_nondiseased_seed0
Contiguous Random,53,0,9,7-12,7,1,-3.727766441530278e-06,2.058,9.4188,4.58,50,1,1.0,1,1.0,1,1.0,xenium_human_kidney_nondiseased_seed0
Non-Contiguous Random,53,0,9,7-12,7,1,-3.264922691315064e-06,2.0719,9.3354,4.51,50,1,1.0,1,1.0,1,0.96,xenium_human_kidney_nondiseased_seed0
Contiguous Random,54,0,9,7-12,9,3,0.046433105265299535,2.8052,10.7709,3.84,50,1,0.3095,1,0.2083,1,0.1961,xenium_human_kidney_nondiseased_seed0
Non-Contiguous Random,54,0,9,7-12,9,1,1.5019226073942349e-06,2.8395,11.1441,3.92,50,1,0.2407,1,0.1444,1,0.1205,xenium_human_kidney_nondiseased_seed0
Contiguous Random,55,0,15,7-12,10,7,0.08770716945005752,2.0185,12.2875,6.09,50,1,0.0435,1,0.0789,1,0.0889,xenium_human_kidney_nondiseased_seed0
Non-Contiguous Random,55,0,15,7-12,10,9,0.12187039639071906,2.7799,12.421,4.47,50,1,0.1481,1,0.1453,1,0.0885,xenium_human_kidney_nondiseased_seed0
Contiguous Random,56,0,3,7-12,10,1,-4.43023214180549e-06,2.4706,10.3132,4.17,50,1,1.0,1,1.0,1,1.0,xenium_human_kidney_nondiseased_seed0
Non-Contiguous Random,56,0,3,7-12,10,1,-3.3556028077308397e-06,2.3394,10.1036,4.32,50,1,1.0,1,1.0,1,1.0,xenium_human_kidney_nondiseased_seed0
Contiguous Random,57,0,10,7-12,9,1,2.2581863403647873e-06,2.051,11.0012,5.36,50,1,0.2308,1,0.2083,1,0.2212,xenium_human_kidney_nondiseased_seed0
Non-Contiguous Random,57,0,10,7-12,9,3,0.12111503504435223,2.18,10.9874,5.04,50,1,0.0714,1,0.1212,1,0.2085,xenium_human_kidney_nondiseased_seed0
Contiguous Random,58,0,12,7-12,8,1,-4.780019914885081e-06,1.7528,10.5572,6.02,50,1,0.3333,1,0.3333,1,0.1493,xenium_human_kidney_nondiseased_seed0
Non-Contiguous Random,58,0,12,7-12,8,3,0.034313290155662535,3.8398,10.4541,2.72,50,1,0.2727,1,0.0833,1,0.0775,xenium_human_kidney_nondiseased_seed0
Contiguous Random,59,0,6,7-12,7,1,2.487370267312272e-06,2.2181,9.0241,4.07,50,1,1.0,1,1.0,1,1.0,xenium_human_kidney_nondiseased_seed0
Non-Contiguous Random,59,0,6,7-12,7,1,-3.0512832588369676e-07,2.4548,8.7999,3.58,50,1,1.0,1,1.0,1,1.0,xenium_human_kidney_nondiseased_seed0
Contiguous Random,60,0,12,7-12,7,15,0.15962071251720183,1.7899,9.8544,5.51,50,1,0.0667,1,0.0857,1,0.1169,xenium_human_kidney_nondiseased_seed0
Non-Contiguous Random,60,0,12,7-12,7,3,0.08102553751606906,3.1703,9.7198,3.07,50,1,0.2727,1,0.2295,1,0.1299,xenium_human_kidney_nondiseased_seed0
Contiguous Random,61,0,7,7-12,9,1,1.1386362711585107e-06,3.8474,10.5556,2.74,50,1,1.0,1,1.0,1,1.0,xenium_human_kidney_nondiseased_seed0
Non-Contiguous Random,61,0,7,7-12,9,1,-1.1845143635946798e-06,3.129,10.512,3.36,50,1,1.0,1,1.0,1,1.0,xenium_human_kidney_nondiseased_seed0
Contiguous Random,62,0,14,7-12,11,1,-3.8099040784445037e-06,3.4977,13.3568,3.82,50,1,1.0,1,1.0,1,1.0,xenium_human_kidney_nondiseased_seed0
Non-Contiguous Random,62,0,14,7-12,11,1,1.9733301622748556e-06,3.0703,13.1222,4.27,50,1,1.0,1,1.0,1,1.0,xenium_human_kidney_nondiseased_seed0
Contiguous Random,63,0,6,7-12,9,1,-6.825510660002365e-07,2.6344,10.5666,4.01,50,1,1.0,1,1.0,1,1.0,xenium_human_kidney_nondiseased_seed0
Non-Contiguous Random,63,0,6,7-12,9,1,-1.5833536783915747e-06,2.5353,10.4504,4.12,50,1,1.0,1,1.0,1,1.0,xenium_human_kidney_nondiseased_seed0
Contiguous Random,64,0,4,7-12,11,1,-8.952062926503856e-07,2.4557,11.5204,4.69,50,1,1.0,1,1.0,1,0.8214,xenium_human_kidney_nondiseased_seed0
Non-Contiguous Random,64,0,4,7-12,11,1,3.1180119660634276e-06,2.6127,11.4054,4.37,50,1,1.0,1,1.0,1,1.0,xenium_human_kidney_nondiseased_seed0
Contiguous Random,65,0,15,7-12,7,1,-4.26133758324454e-06,2.6706,9.7097,3.64,50,1,0.9,1,0.6809,1,0.1792,xenium_human_kidney_nondiseased_seed0
Non-Contiguous Random,65,0,15,7-12,7,13,0.12021584829339016,1.9786,9.6363,4.87,50,1,0.1579,1,0.2472,1,0.1215,xenium_human_kidney_nondiseased_seed0
Contiguous Random,66,0,10,7-12,12,1,-4.420707170549321e-06,2.7741,13.9115,5.01,50,1,1.0,1,1.0,1,0.9643,xenium_human_kidney_nondiseased_seed0
Non-Contiguous Random,66,0,10,7-12,12,1,-1.9115597815755336e-06,3.38,13.7165,4.06,50,1,1.0,1,1.0,1,0.7619,xenium_human_kidney_nondiseased_seed0
Contiguous Random,67,0,4,7-12,9,1,3.4429168701555213e-06,2.1719,10.1063,4.65,50,1,1.0,1,1.0,1,1.0,xenium_human_kidney_nondiseased_seed0
Non-Contiguous Random,67,0,4,7-12,9,1,1.0560226439970677e-06,3.0327,9.9785,3.29,50,1,1.0,1,1.0,1,1.0,xenium_human_kidney_nondiseased_seed0
Contiguous Random,68,0,15,7-12,12,1,-9.453134505177374e-07,3.1329,14.7977,4.72,50,1,0.7273,1,0.4074,1,0.2262,xenium_human_kidney_nondiseased_seed0
Non-Contiguous Random,68,0,15,7-12,12,3,0.06174030186263124,3.8815,14.642,3.77,50,1,0.4,1,0.3448,1,0.1808,xenium_human_kidney_nondiseased_seed0
Contiguous Random,69,0,7,7-12,7,1,-2.1065737103587168e-06,2.8012,9.1737,3.27,50,1,1.0,1,0.8857,1,0.3984,xenium_human_kidney_nondiseased_seed0
Non-Contiguous Random,69,0,7,7-12,7,1,-4.592015801718752e-06,3.0664,9.1366,2.98,50,1,1.0,1,1.0,1,1.0,xenium_human_kidney_nondiseased_seed0
Contiguous Random,70,0,4,7-12,8,1,4.52414000151613e-06,2.034,9.4075,4.63,50,1,1.0,1,1.0,1,1.0,xenium_human_kidney_nondiseased_seed0
Non-Contiguous Random,70,0,4,7-12,8,1,-1.8584241706642857e-06,1.9072,9.2214,4.83,50,1,1.0,1,1.0,1,1.0,xenium_human_kidney_nondiseased_seed0
Contiguous Random,71,0,2,7-12,11,1,-3.5644823519476176e-06,2.8023,10.5715,3.77,50,1,1.0,1,1.0,1,0.7143,xenium_human_kidney_nondiseased_seed0
Non-Contiguous Random,71,0,2,7-12,11,1,-2.29459001443999e-06,2.7259,10.364,3.8,50,1,1.0,1,1.0,1,1.0,xenium_human_kidney_nondiseased_seed0
Contiguous Random,72,0,0,7-12,7,1,0.0,1.9529,7.6004,3.89,50,1,0.1634,1,0.1634,1,0.1634,xenium_human_kidney_nondiseased_seed0
Non-Contiguous Random,72,0,0,7-12,7,1,0.0,2.332,7.513,3.22,50,1,0.1603,1,0.1603,1,0.1603,xenium_human_kidney_nondiseased_seed0
Contiguous Random,73,0,8,7-12,10,1,-7.210698228510282e-07,2.7861,11.4904,4.12,50,1,1.0,1,1.0,1,1.0,xenium_human_kidney_nondiseased_seed0
Non-Contiguous Random,73,0,8,7-12,10,1,3.324495342349465e-07,2.3903,11.2929,4.72,50,1,1.0,1,1.0,1,1.0,xenium_human_kidney_nondiseased_seed0
Contiguous Random,74,0,4,7-12,8,1,-4.438320927890871e-06,2.3436,9.4026,4.01,50,1,1.0,1,1.0,1,1.0,xenium_human_kidney_nondiseased_seed0
Non-Contiguous Random,74,0,4,7-12,8,1,1.4051430232142614e-06,2.2441,9.4132,4.19,50,1,1.0,1,1.0,1,1.0,xenium_human_kidney_nondiseased_seed0
Contiguous Random,75,0,1,7-12,7,1,4.200624511889895e-06,1.8599,8.2663,4.44,50,1,1.0,1,1.0,1,1.0,xenium_human_kidney_nondiseased_seed0
Non-Contiguous Random,75,0,1,7-12,7,1,-1.0579843370828179e-07,2.0296,8.1216,4.0,50,1,1.0,1,1.0,1,1.0,xenium_human_kidney_nondiseased_seed0
Contiguous Random,76,0,2,7-12,11,1,-3.7384811429896914e-07,2.7482,10.5397,3.84,50,1,1.0,1,1.0,1,1.0,xenium_human_kidney_nondiseased_seed0
Non-Contiguous Random,76,0,2,7-12,11,1,2.7587230564118936e-06,2.6365,10.4735,3.97,50,1,1.0,1,1.0,1,1.0,xenium_human_kidney_nondiseased_seed0
Contiguous Random,77,0,14,7-12,11,1,3.969526125136014e-06,3.0146,13.4928,4.48,50,1,0.5,1,0.4468,1,0.1152,xenium_human_kidney_nondiseased_seed0
Non-Contiguous Random,77,0,14,7-12,11,5,0.14249828655154306,2.5271,13.4639,5.33,50,1,0.1538,1,0.1644,1,0.1222,xenium_human_kidney_nondiseased_seed0
Contiguous Random,78,0,4,7-12,7,1,-6.481801214097693e-07,1.9599,8.9411,4.56,50,1,1.0,1,0.9375,1,0.963,xenium_human_kidney_nondiseased_seed0
Non-Contiguous Random,78,0,4,7-12,7,1,5.753349374693073e-08,2.8649,8.8402,3.09,50,1,1.0,1,1.0,1,1.0,xenium_human_kidney_nondiseased_seed0
Contiguous Random,79,0,9,7-12,12,1,1.890441576613e-06,3.4055,14.2435,4.18,50,1,1.0,1,1.0,1,0.9333,xenium_human_kidney_nondiseased_seed0
Non-Contiguous Random,79,0,9,7-12,12,1,3.312334440952469e-06,3.4075,14.0999,4.14,50,1,1.0,1,1.0,1,0.8542,xenium_human_kidney_nondiseased_seed0
Contiguous Random,80,0,11,7-12,10,5,0.08557217573481601,2.0089,12.5941,6.27,50,1,0.1333,1,0.1081,1,0.099,xenium_human_kidney_nondiseased_seed0
Non-Contiguous Random,80,0,11,7-12,10,8,0.15672364873652167,2.2558,12.619,5.59,50,1,0.1111,1,0.12,1,0.0838,xenium_human_kidney_nondiseased_seed0
Contiguous Random,81,0,1,7-12,7,1,-6.095180068443895e-07,1.8948,8.0176,4.23,50,1,1.0,1,1.0,1,1.0,xenium_human_kidney_nondiseased_seed0
Non-Contiguous Random,81,0,1,7-12,7,1,-3.483766666969798e-06,2.0403,7.9406,3.89,50,1,1.0,1,1.0,1,1.0,xenium_human_kidney_nondiseased_seed0
Contiguous Random,82,0,6,7-12,11,1,2.113950182458524e-06,2.8417,12.2804,4.32,50,1,1.0,1,1.0,1,1.0,xenium_human_kidney_nondiseased_seed0
Non-Contiguous Random,82,0,6,7-12,11,1,2.4769934687807194e-06,2.9638,12.3664,4.17,50,1,1.0,1,1.0,1,1.0,xenium_human_kidney_nondiseased_seed0
Contiguous Random,83,0,13,7-12,7,1,4.753620515551837e-06,2.9742,9.8298,3.31,50,1,0.3721,1,0.2536,1,0.1366,xenium_human_kidney_nondiseased_seed0
Non-Contiguous Random,83,0,13,7-12,7,1,-4.866032701056344e-06,4.1983,9.7236,2.32,50,1,0.8333,1,0.7308,1,0.5238,xenium_human_kidney_nondiseased_seed0
Contiguous Random,84,0,13,7-12,10,1,-3.2442190248671565e-06,2.2736,12.3134,5.42,50,1,0.8,1,0.7442,1,0.7231,xenium_human_kidney_nondiseased_seed0
Non-Contiguous Random,84,0,13,7-12,10,1,2.5602704855076652e-06,4.3828,12.1162,2.76,50,1,0.9231,1,0.8039,1,0.6757,xenium_human_kidney_nondiseased_seed0
Contiguous Random,85,0,2,7-12,9,1,-3.7387847900971494e-07,2.2273,9.3144,4.18,50,1,1.0,1,1.0,1,1.0,xenium_human_kidney_nondiseased_seed0
Non-Contiguous Random,85,0,2,7-12,9,1,4.611002604182346e-06,2.4862,9.3669,3.77,50,1,1.0,1,1.0,1,1.0,xenium_human_kidney_nondiseased_seed0
Contiguous Random,86,0,11,7-12,9,3,0.08887598892211912,2.3015,11.656,5.06,50,1,0.0833,1,0.1348,1,0.1123,xenium_human_kidney_nondiseased_seed0
Non-Contiguous Random,86,0,11,7-12,9,7,0.09677237299601238,4.3634,11.63,2.67,50,1,0.2143,1,0.1,1,0.0937,xenium_human_kidney_nondiseased_seed0
Contiguous Random,87,0,4,7-12,7,1,-4.063123113406952e-06,2.2086,8.8588,4.01,50,1,1.0,1,1.0,1,1.0,xenium_human_kidney_nondiseased_seed0
Non-Contiguous Random,87,0,4,7-12,7,1,1.9839676059785205e-06,2.8453,8.909,3.13,50,1,1.0,1,1.0,1,1.0,xenium_human_kidney_nondiseased_seed0
Contiguous Random,88,0,3,7-12,12,1,1.3571724810645946e-07,2.9456,11.9013,4.04,50,1,1.0,1,1.0,1,1.0,xenium_human_kidney_nondiseased_seed0
Non-Contiguous Random,88,0,3,7-12,12,1,1.604406580479889e-06,2.9234,11.7772,4.03,50,1,1.0,1,1.0,1,0.8148,xenium_human_kidney_nondiseased_seed0
Contiguous Random,89,0,3,7-12,7,1,0.0,2.0837,8.6109,4.13,50,1,1.0,1,1.0,1,1.0,xenium_human_kidney_nondiseased_seed0
Non-Contiguous Random,89,0,3,7-12,7,1,2.5979697796385537e-06,2.0598,8.526,4.14,50,1,1.0,1,1.0,1,1.0,xenium_human_kidney_nondiseased_seed0
Contiguous Random,90,0,4,7-12,8,1,-1.832179288285829e-06,2.4255,9.3971,3.87,50,1,1.0,1,0.9286,1,0.9333,xenium_human_kidney_nondiseased_seed0
Non-Contiguous Random,90,0,4,7-12,8,1,2.850272454724134e-07,2.0876,9.2801,4.45,50,1,1.0,1,1.0,1,1.0,xenium_human_kidney_nondiseased_seed0
Contiguous Random,91,0,5,7-12,8,3,0.18399945404450557,2.3497,9.7528,4.15,50,1,0.25,1,0.5217,1,0.6567,xenium_human_kidney_nondiseased_seed0
Non-Contiguous Random,91,0,5,7-12,8,1,-9.384544275015116e-08,3.1027,9.6902,3.12,50,1,0.8889,1,0.8696,1,0.6,xenium_human_kidney_nondiseased_seed0
Contiguous Random,92,0,4,7-12,7,1,-3.764369743475271e-06,1.9093,8.766,4.59,50,1,1.0,1,1.0,1,1.0,xenium_human_kidney_nondiseased_seed0
Non-Contiguous Random,92,0,4,7-12,7,1,-3.529255089451677e-06,2.3797,8.736,3.67,50,1,1.0,1,1.0,1,1.0,xenium_human_kidney_nondiseased_seed0
Contiguous Random,93,0,4,7-12,7,1,0.0,1.8926,8.8609,4.68,50,1,1.0,1,1.0,1,1.0,xenium_human_kidney_nondiseased_seed0
Non-Contiguous Random,93,0,4,7-12,7,1,-2.6835800038260693e-06,2.5479,8.8675,3.48,50,1,1.0,1,1.0,1,1.0,xenium_human_kidney_nondiseased_seed0
Contiguous Random,94,0,7,7-12,7,1,1.9146273688708249e-07,1.9318,9.2803,4.8,50,1,1.0,1,1.0,1,1.0,xenium_human_kidney_nondiseased_seed0
Non-Contiguous Random,94,0,7,7-12,7,1,-3.1306996815527732e-06,3.592,9.1799,2.56,50,1,1.0,1,1.0,1,1.0,xenium_human_kidney_nondiseased_seed0
Contiguous Random,95,0,3,7-12,8,1,3.491655636789215e-06,2.3075,9.0741,3.93,50,1,1.0,1,1.0,1,1.0,xenium_human_kidney_nondiseased_seed0
Non-Contiguous Random,95,0,3,7-12,8,1,2.785698379526025e-06,2.1695,8.9226,4.11,50,1,1.0,1,1.0,1,1.0,xenium_human_kidney_nondiseased_seed0
Contiguous Random,96,0,13,7-12,10,1,3.6552731158545626e-06,3.1842,12.2378,3.84,50,1,1.0,1,1.0,1,1.0,xenium_human_kidney_nondiseased_seed0
Non-Contiguous Random,96,0,13,7-12,10,1,1.4495394258240424e-06,3.6356,12.2638,3.37,50,1,1.0,1,1.0,1,1.0,xenium_human_kidney_nondiseased_seed0
Contiguous Random,97,0,4,7-12,11,1,1.5846540968311729e-06,2.9732,11.6023,3.9,50,1,1.0,1,1.0,1,1.0,xenium_human_kidney_nondiseased_seed0
Non-Contiguous Random,97,0,4,7-12,11,1,2.7195498580878663e-06,2.4364,11.4572,4.7,50,1,1.0,1,1.0,1,1.0,xenium_human_kidney_nondiseased_seed0
Contiguous Random,98,0,14,7-12,11,1,-2.968663628921675e-06,2.4934,13.4466,5.39,50,1,0.6667,1,0.1538,1,0.1202,xenium_human_kidney_nondiseased_seed0
Non-Contiguous Random,98,0,14,7-12,11,1,-2.032314689426329e-06,3.0224,13.4013,4.43,50,1,0.5625,1,0.3838,1,0.1524,xenium_human_kidney_nondiseased_seed0
Contiguous Random,99,0,9,7-12,12,1,-2.2888141759658254e-07,3.5461,14.2734,4.03,50,1,0.5385,1,0.3551,1,0.2146,xenium_human_kidney_nondiseased_seed0
Non-Contiguous Random,99,0,9,7-12,12,1,2.3780075728563332e-06,3.6097,14.4017,3.99,50,1,0.225,1,0.1818,1,0.1649,xenium_human_kidney_nondiseased_seed0
Contiguous Random,100,0,10,13-16,16,1,-2.9024505616703777e-06,4.0622,20.7375,5.11,50,1,1.0,1,1.0,1,0.9545,xenium_human_kidney_nondiseased_seed0
Non-Contiguous Random,100,0,10,13-16,16,1,-9.96475219672277e-07,5.5984,20.1149,3.59,50,1,1.0,1,1.0,1,1.0,xenium_human_kidney_nondiseased_seed0
Contiguous Random,101,0,11,13-16,16,1,4.096527099539671e-06,3.0466,21.2559,6.98,50,1,0.2632,1,0.1188,1,0.1088,xenium_human_kidney_nondiseased_seed0
Non-Contiguous Random,101,0,11,13-16,16,2,0.026968374786376925,4.1893,23.0514,5.5,50,1,0.1034,1,0.1209,1,0.1094,xenium_human_kidney_nondiseased_seed0
Contiguous Random,102,0,13,13-16,16,1,6.69097900640736e-07,3.4632,21.6774,6.26,50,1,1.0,1,1.0,1,0.8444,xenium_human_kidney_nondiseased_seed0
Non-Contiguous Random,102,0,13,13-16,16,1,-8.422851562883693e-07,5.9524,20.0204,3.36,50,1,1.0,1,1.0,1,0.9048,xenium_human_kidney_nondiseased_seed0
Contiguous Random,103,0,11,13-16,16,1,2.455520629052188e-07,4.4037,20.8566,4.74,50,1,1.0,1,1.0,1,0.3404,xenium_human_kidney_nondiseased_seed0
Non-Contiguous Random,103,0,11,13-16,16,1,4.88719940183735e-06,4.0261,20.9942,5.21,50,1,1.0,1,1.0,1,0.3125,xenium_human_kidney_nondiseased_seed0
Contiguous Random,104,0,0,13-16,14,1,-1.2715628409515345e-06,2.6068,10.142,3.89,50,1,1.0,1,1.0,1,1.0,xenium_human_kidney_nondiseased_seed0
Non-Contiguous Random,104,0,0,13-16,14,1,-1.2715628409515345e-06,2.8609,9.9204,3.47,50,1,1.0,1,1.0,1,1.0,xenium_human_kidney_nondiseased_seed0
Contiguous Random,105,0,2,13-16,13,1,-3.3090188367168594e-08,3.1028,12.123,3.91,50,1,1.0,1,1.0,1,1.0,xenium_human_kidney_nondiseased_seed0
Non-Contiguous Random,105,0,2,13-16,13,1,-3.3090188367168594e-08,3.0213,11.9497,3.96,50,1,1.0,1,1.0,1,1.0,xenium_human_kidney_nondiseased_seed0
Contiguous Random,106,0,8,13-16,13,1,-1.0046724614465319e-06,3.4387,14.391,4.19,50,1,1.0,1,1.0,1,1.0,xenium_human_kidney_nondiseased_seed0
Non-Contiguous Random,106,0,8,13-16,13,1,4.671599700412088e-07,3.3624,14.3401,4.26,50,1,1.0,1,1.0,1,1.0,xenium_human_kidney_nondiseased_seed0
Contiguous Random,107,0,0,13-16,16,1,2.716008424757249e-06,2.6335,10.9035,4.14,50,1,1.0,1,1.0,1,1.0,xenium_human_kidney_nondiseased_seed0
Non-Contiguous Random,107,0,0,13-16,16,1,1.61819458011081e-06,2.8187,10.7743,3.82,50,1,1.0,1,1.0,1,0.2556,xenium_human_kidney_nondiseased_seed0
Contiguous Random,108,0,11,13-16,14,1,5.068104920180616e-07,3.9807,17.855,4.49,50,1,0.5,1,0.2816,1,0.1222,xenium_human_kidney_nondiseased_seed0
Non-Contiguous Random,108,0,11,13-16,14,3,0.05523613599064525,3.51,17.6735,5.04,50,1,0.2308,1,0.1686,1,0.1073,xenium_human_kidney_nondiseased_seed0
Contiguous Random,109,0,16,13-16,16,1,3.4362411499566647e-06,3.4258,21.1316,6.17,50,1,0.1333,1,0.1014,1,0.0776,xenium_human_kidney_nondiseased_seed0
Non-Contiguous Random,109,0,16,13-16,16,41,0.17439435569763173,3.3158,20.4848,6.18,50,1,0.0649,1,0.0806,1,0.0781,xenium_human_kidney_nondiseased_seed0
Contiguous Random,110,0,10,13-16,14,1,4.474504065932194e-06,3.7433,16.3243,4.36,50,1,1.0,1,1.0,1,1.0,xenium_human_kidney_nondiseased_seed0
Non-Contiguous Random,110,0,10,13-16,14,1,-3.658154933861013e-06,4.1581,16.0845,3.87,50,1,1.0,1,1.0,1,1.0,xenium_human_kidney_nondiseased_seed0
Contiguous Random,111,0,0,13-16,15,1,9.948574595242121e-07,2.8517,10.5823,3.71,50,1,1.0,1,1.0,1,0.2283,xenium_human_kidney_nondiseased_seed0
Non-Contiguous Random,111,0,0,13-16,15,1,-1.6319493676419938e-06,2.9853,10.6097,3.55,50,1,1.0,1,1.0,1,0.2537,xenium_human_kidney_nondiseased_seed0
Contiguous Random,112,0,14,13-16,16,1,1.8459701538464657e-06,5.0286,20.6366,4.1,50,1,1.0,1,1.0,1,0.4355,xenium_human_kidney_nondiseased_seed0
Non-Contiguous Random,112,0,14,13-16,16,1,-2.6688766479043835e-06,4.0873,21.737,5.32,50,1,1.0,1,1.0,1,0.5094,xenium_human_kidney_nondiseased_seed0
Contiguous Random,113,0,7,13-16,15,1,4.288585055967076e-06,3.2906,16.6246,5.05,50,1,1.0,1,1.0,1,0.7015,xenium_human_kidney_nondiseased_seed0
Non-Contiguous Random,113,0,7,13-16,15,1,4.288585055967076e-06,3.1974,16.5082,5.16,50,1,1.0,1,1.0,1,0.7015,xenium_human_kidney_nondiseased_seed0
Contiguous Random,114,0,0,13-16,16,1,8.335685729964071e-07,2.5435,10.9011,4.29,50,1,1.0,1,1.0,1,1.0,xenium_human_kidney_nondiseased_seed0
Non-Contiguous Random,114,0,0,13-16,16,1,8.335685729964071e-07,2.5623,12.536,4.89,50,1,1.0,1,1.0,1,1.0,xenium_human_kidney_nondiseased_seed0
Contiguous Random,115,0,11,13-16,15,2,0.007153150640126005,2.9221,20.2116,6.92,50,1,0.4074,1,0.35,1,0.104,xenium_human_kidney_nondiseased_seed0
Non-Contiguous Random,115,0,11,13-16,15,2,0.01561393643974096,2.8948,19.5992,6.77,50,1,0.45,1,0.3016,1,0.1051,xenium_human_kidney_nondiseased_seed0
Contiguous Random,116,0,15,13-16,14,4,0.26141241812412264,4.3948,17.2686,3.93,50,0,0.0,1,0.2,1,0.1393,xenium_human_kidney_nondiseased_seed0
Non-Contiguous Random,116,0,15,13-16,14,47,0.24131809871488852,3.1795,17.5356,5.52,50,0,0.0,1,0.1397,1,0.1132,xenium_human_kidney_nondiseased_seed0
Contiguous Random,117,0,15,13-16,15,6,0.059003543568402206,3.3208,19.1115,5.76,50,1,0.4444,1,0.271,1,0.1062,xenium_human_kidney_nondiseased_seed0
Non-Contiguous Random,117,0,15,13-16,15,6,0.10244558794392611,3.5614,19.1391,5.37,50,1,0.1842,1,0.169,1,0.1282,xenium_human_kidney_nondiseased_seed0
Contiguous Random,118,0,15,13-16,14,1,-1.7463677222107066e-06,4.1819,17.1392,4.1,50,1,0.6522,1,0.5179,1,0.1392,xenium_human_kidney_nondiseased_seed0
Non-Contiguous Random,118,0,15,13-16,14,1,-3.6950497641630164e-06,3.5753,16.9909,4.75,50,1,0.4,1,0.339,1,0.1148,xenium_human_kidney_nondiseased_seed0
Contiguous Random,119,0,8,13-16,13,1,-7.883164578892377e-07,3.3765,14.5411,4.31,50,1,1.0,1,1.0,1,1.0,xenium_human_kidney_nondiseased_seed0
Non-Contiguous Random,119,0,8,13-16,13,1,4.634478928289276e-06,2.9615,14.3411,4.84,50,1,1.0,1,1.0,1,1.0,xenium_human_kidney_nondiseased_seed0
Contiguous Random,120,0,11,13-16,14,1,2.794870375688596e-06,3.981,17.7542,4.46,50,1,1.0,1,1.0,1,1.0,xenium_human_kidney_nondiseased_seed0
Non-Contiguous Random,120,0,11,13-16,14,14,0.18692452758538058,4.3041,17.7919,4.13,50,1,0.0435,1,0.0792,1,0.087,xenium_human_kidney_nondiseased_seed0
Contiguous Random,121,0,1,13-16,13,1,-2.499857498783342e-07,2.9158,11.5414,3.96,50,1,1.0,1,1.0,1,1.0,xenium_human_kidney_nondiseased_seed0
Non-Contiguous Random,121,0,1,13-16,13,1,-2.499857498783342e-07,2.7819,11.396,4.1,50,1,1.0,1,1.0,1,1.0,xenium_human_kidney_nondiseased_seed0
Contiguous Random,122,0,9,13-16,15,1,-4.730020519705391e-06,3.9771,18.2111,4.58,50,1,1.0,1,1.0,1,1.0,xenium_human_kidney_nondiseased_seed0
Non-Contiguous Random,122,0,9,13-16,15,1,-4.730020519705391e-06,3.8676,18.1256,4.69,50,1,1.0,1,1.0,1,1.0,xenium_human_kidney_nondiseased_seed0
Contiguous Random,123,0,16,13-16,16,3,0.0756741974830627,4.2612,22.6893,5.32,50,1,0.2368,1,0.136,1,0.0784,xenium_human_kidney_nondiseased_seed0
Non-Contiguous Random,123,0,16,13-16,16,2,0.11181867921829225,3.476,21.9137,6.3,50,1,0.2449,1,0.103,1,0.0785,xenium_human_kidney_nondiseased_seed0
Contiguous Random,124,0,8,13-16,13,1,1.8285409795204544e-06,3.7415,15.1726,4.06,50,1,1.0,1,1.0,1,1.0,xenium_human_kidney_nondiseased_seed0
Non-Contiguous Random,124,0,8,13-16,13,1,-4.985593161199731e-06,3.4812,15.2103,4.37,50,1,1.0,1,1.0,1,1.0,xenium_human_kidney_nondiseased_seed0
Contiguous Random,125,0,15,13-16,13,1,4.533318240795836e-07,3.4258,16.2053,4.73,50,1,0.375,1,0.2258,1,0.1587,xenium_human_kidney_nondiseased_seed0
Non-Contiguous Random,125,0,15,13-16,13,1,-3.476112047984259e-06,4.264,15.8508,3.72,50,1,1.0,1,0.6667,1,0.6923,xenium_human_kidney_nondiseased_seed0
Contiguous Random,126,0,14,13-16,14,1,-3.490611919954034e-06,4.5009,17.6191,3.91,50,1,0.5,1,0.3043,1,0.1493,xenium_human_kidney_nondiseased_seed0
Non-Contiguous Random,126,0,14,13-16,14,4,0.06617566174525136,3.783,17.461,4.62,50,1,0.1481,1,0.1524,1,0.1502,xenium_human_kidney_nondiseased_seed0
Contiguous Random,127,0,16,13-16,15,1,-9.382538240787497e-07,4.6586,21.4954,4.61,50,1,1.0,1,1.0,1,0.8333,xenium_human_kidney_nondiseased_seed0
Non-Contiguous Random,127,0,16,13-16,15,4,0.018328227486241744,3.0206,19.7088,6.52,50,1,0.0615,1,0.0883,1,0.0843,xenium_human_kidney_nondiseased_seed0
Contiguous Random,128,0,1,13-16,15,1,4.088771295318594e-06,3.1348,13.0489,4.16,50,1,1.0,1,1.0,1,1.0,xenium_human_kidney_nondiseased_seed0
Non-Contiguous Random,128,0,1,13-16,15,1,3.5923050183406247e-06,3.3496,12.973,3.87,50,1,1.0,1,1.0,1,1.0,xenium_human_kidney_nondiseased_seed0
Contiguous Random,129,0,0,13-16,15,1,4.871454797772401e-06,2.8217,11.1947,3.97,50,1,1.0,1,1.0,1,0.3191,xenium_human_kidney_nondiseased_seed0
Non-Contiguous Random,129,0,0,13-16,15,1,4.886978646645446e-06,2.8399,10.5923,3.73,50,1,0.1739,1,0.1739,1,0.1508,xenium_human_kidney_nondiseased_seed0
Contiguous Random,130,0,0,13-16,15,1,4.74032188529927e-06,2.6325,10.5942,4.02,50,1,1.0,1,1.0,1,1.0,xenium_human_kidney_nondiseased_seed0
Non-Contiguous Random,130,0,0,13-16,15,1,-1.3636589892840334e-06,2.6017,10.2854,3.95,50,1,1.0,1,1.0,1,0.2581,xenium_human_kidney_nondiseased_seed0
Contiguous Random,131,0,8,13-16,15,1,1.6872794095235122e-06,3.8697,16.8047,4.34,50,1,1.0,1,1.0,1,0.9474,xenium_human_kidney_nondiseased_seed0
Non-Contiguous Random,131,0,8,13-16,15,1,1.6872794095235122e-06,3.7162,16.7708,4.51,50,1,1.0,1,1.0,1,0.9474,xenium_human_kidney_nondiseased_seed0
Contiguous Random,132,0,12,13-16,14,1,-2.0679428883729756e-06,5.2445,18.1046,3.45,50,1,0.3768,1,0.1798,1,0.0907,xenium_human_kidney_nondiseased_seed0
Non-Contiguous Random,132,0,12,13-16,14,1,-1.502449664569916e-06,5.0073,17.2268,3.44,50,1,1.0,1,1.0,1,1.0,xenium_human_kidney_nondiseased_seed0
Contiguous Random,133,0,17,13-16,16,1,3.0874633789590433e-06,3.308,20.1901,6.1,50,1,0.3208,1,0.2353,1,0.2049,xenium_human_kidney_nondiseased_seed0
Non-Contiguous Random,133,0,17,13-16,16,1,-3.2595443725247364e-06,3.7555,20.2453,5.39,50,1,0.3103,1,0.2292,1,0.1672,xenium_human_kidney_nondiseased_seed0
Contiguous Random,134,0,16,13-16,15,1,-3.876387767109968e-06,2.9272,19.8222,6.77,50,1,0.4318,1,0.1477,1,0.0786,xenium_human_kidney_nondiseased_seed0
Non-Contiguous Random,134,0,16,13-16,15,1,-9.082002914162501e-07,3.5345,20.1322,5.7,50,1,1.0,1,1.0,1,1.0,xenium_human_kidney_nondiseased_seed0
Contiguous Random,135,0,0,13-16,16,1,-3.579177856316562e-06,2.5893,10.9711,4.24,50,1,1.0,1,1.0,1,0.8,xenium_human_kidney_nondiseased_seed0
Non-Contiguous Random,135,0,0,13-16,16,1,-3.579177856316562e-06,3.0061,10.8889,3.62,50,1,1.0,1,1.0,1,1.0,xenium_human_kidney_nondiseased_seed0
Contiguous Random,136,0,5,13-16,14,1,2.518262873785204e-06,3.9081,15.3261,3.92,50,1,1.0,1,1.0,1,0.7759,xenium_human_kidney_nondiseased_seed0
Non-Contiguous Random,136,0,5,13-16,14,1,1.8854604304507916e-06,3.4182,15.2399,4.46,50,1,1.0,1,1.0,1,1.0,xenium_human_kidney_nondiseased_seed0
Contiguous Random,137,0,8,13-16,13,1,-8.693297117723375e-07,3.3726,14.5899,4.33,50,1,1.0,1,0.9268,1,0.4132,xenium_human_kidney_nondiseased_seed0
Non-Contiguous Random,137,0,8,13-16,13,1,-4.284001957177708e-06,3.305,14.3984,4.36,50,1,1.0,1,1.0,1,0.4386,xenium_human_kidney_nondiseased_seed0
Contiguous Random,138,0,12,13-16,16,1,4.026145935087655e-06,3.389,20.5025,6.05,50,1,0.875,1,0.7541,1,0.5882,xenium_human_kidney_nondiseased_seed0
Non-Contiguous Random,138,0,12,13-16,16,1,-1.38378143277329e-07,4.8248,21.4883,4.45,50,1,0.4706,1,0.1767,1,0.0919,xenium_human_kidney_nondiseased_seed0
Contiguous Random,139,0,1,13-16,14,1,-3.4719956070183855e-06,3.1005,12.1049,3.9,50,1,1.0,1,1.0,1,1.0,xenium_human_kidney_nondiseased_seed0
Non-Contiguous Random,139,0,1,13-16,14,1,-3.6226107318348966e-06,3.0348,12.0571,3.97,50,1,1.0,1,1.0,1,1.0,xenium_human_kidney_nondiseased_seed0
Contiguous Random,140,0,0,13-16,16,1,-3.5193634033703347e-06,3.0553,11.1249,3.64,50,1,1.0,1,1.0,1,0.3704,xenium_human_kidney_nondiseased_seed0
Non-Contiguous Random,140,0,0,13-16,16,1,-3.5193634033703347e-06,3.1497,10.9521,3.48,50,1,1.0,1,1.0,1,0.3472,xenium_human_kidney_nondiseased_seed0
Contiguous Random,141,0,16,13-16,13,2,0.01563532091973452,5.8239,16.7075,2.87,50,1,0.2444,1,0.1154,1,0.0775,xenium_human_kidney_nondiseased_seed0
Non-Contiguous Random,141,0,16,13-16,13,7,0.10868322492672156,3.0779,16.4174,5.33,50,1,0.1154,1,0.0915,1,0.0887,xenium_human_kidney_nondiseased_seed0
Contiguous Random,142,0,12,13-16,16,1,-4.242286682165641e-06,5.3345,21.3438,4.0,50,1,0.4247,1,0.1786,1,0.0914,xenium_human_kidney_nondiseased_seed0
Non-Contiguous Random,142,0,12,13-16,16,1,1.5240097045454704e-06,5.6397,20.9223,3.71,50,1,0.725,1,0.2202,1,0.0938,xenium_human_kidney_nondiseased_seed0
Contiguous Random,143,0,5,13-16,13,1,-2.200066315349858e-06,3.4295,14.264,4.16,50,1,1.0,1,1.0,1,1.0,xenium_human_kidney_nondiseased_seed0
Non-Contiguous Random,143,0,5,13-16,13,1,4.476264305885991e-06,2.9342,14.0943,4.8,50,1,1.0,1,1.0,1,0.8824,xenium_human_kidney_nondiseased_seed0
Contiguous Random,144,0,11,13-16,14,2,0.05962737540693708,4.1828,17.7434,4.24,50,1,0.0476,1,0.0633,1,0.0737,xenium_human_kidney_nondiseased_seed0
Non-Contiguous Random,144,0,11,13-16,14,7,0.028772086246187545,4.9686,17.6264,3.55,50,1,0.125,1,0.116,1,0.108,xenium_human_kidney_nondiseased_seed0
Contiguous Random,145,0,12,13-16,16,1,-1.911849975666513e-06,4.3218,20.8959,4.83,50,1,0.4667,1,0.2147,1,0.1198,xenium_human_kidney_nondiseased_seed0
Non-Contiguous Random,145,0,12,13-16,16,1,-2.6371002204150784e-07,5.7248,20.8176,3.64,50,1,0.5714,1,0.2603,1,0.1351,xenium_human_kidney_nondiseased_seed0
Contiguous Random,146,0,6,13-16,15,1,-1.9360331480200443e-06,3.5403,16.6941,4.72,50,1,1.0,1,1.0,1,1.0,xenium_human_kidney_nondiseased_seed0
Non-Contiguous Random,146,0,6,13-16,15,1,-1.9360331480200443e-06,3.4691,16.5886,4.78,50,1,1.0,1,1.0,1,1.0,xenium_human_kidney_nondiseased_seed0
Contiguous Random,147,0,0,13-16,16,1,4.4334411608559776e-07,2.6355,11.189,4.25,50,1,0.75,1,0.75,1,0.4321,xenium_human_kidney_nondiseased_seed0
Non-Contiguous Random,147,0,0,13-16,16,1,-7.785797118131654e-07,3.0601,10.8903,3.56,50,1,1.0,1,1.0,1,1.0,xenium_human_kidney_nondiseased_seed0
Contiguous Random,148,0,0,13-16,14,1,4.278378077385292e-06,2.6264,10.1597,3.87,50,1,1.0,1,1.0,1,1.0,xenium_human_kidney_nondiseased_seed0
Non-Contiguous Random,148,0,0,13-16,14,1,-2.651426080288455e-06,2.5059,9.9898,3.99,50,1,1.0,1,1.0,1,1.0,xenium_human_kidney_nondiseased_seed0
Contiguous Random,149,0,0,13-16,16,1,-3.634806871415791e-06,2.9196,11.0177,3.77,50,1,1.0,1,1.0,1,1.0,xenium_human_kidney_nondiseased_seed0
Non-Contiguous Random,149,0,0,13-16,16,1,-3.634806871415791e-06,2.8577,10.8938,3.81,50,1,1.0,1,1.0,1,1.0,xenium_human_kidney_nondiseased_seed0
Contiguous Random,150,0,12,>16,21,1,4.318154327442869e-06,5.5498,31.6426,5.7,50,1,0.3765,1,0.1923,1,0.1208,xenium_human_kidney_nondiseased_seed0
Non-Contiguous Random,150,0,12,>16,21,1,1.6177580302034755e-06,4.4092,32.194,7.3,50,1,1.0,1,1.0,1,0.4167,xenium_human_kidney_nondiseased_seed0
Contiguous Random,151,0,16,>16,36,1,4.52255249028255e-06,8.1592,75.8017,9.29,50,1,1.0,1,0.3594,1,0.0775,xenium_human_kidney_nondiseased_seed0
Non-Contiguous Random,151,0,16,>16,36,1,-2.934468587234562e-06,9.8361,75.9218,7.72,50,1,1.0,1,0.4444,1,0.0779,xenium_human_kidney_nondiseased_seed0
Contiguous Random,152,0,17,>16,35,1,4.073375019286729e-06,7.7825,70.3151,9.04,50,1,1.0,1,0.9091,1,0.1684,xenium_human_kidney_nondiseased_seed0
Non-Contiguous Random,152,0,17,>16,35,1,4.073375019286729e-06,7.7107,70.8052,9.18,50,1,1.0,1,0.9091,1,0.1684,xenium_human_kidney_nondiseased_seed0
Contiguous Random,153,0,15,>16,21,1,5.207620513703048e-07,5.0153,32.1333,6.41,50,1,0.8276,1,0.4476,1,0.1538,xenium_human_kidney_nondiseased_seed0
Non-Contiguous Random,153,0,15,>16,21,1,4.001368156592022e-06,5.9687,30.5589,5.12,50,1,0.6944,1,0.3701,1,0.1351,xenium_human_kidney_nondiseased_seed0
Contiguous Random,154,0,12,>16,29,1,-2.3255763670348983e-07,9.2231,49.7691,5.4,50,1,1.0,1,0.4,1,0.1037,xenium_human_kidney_nondiseased_seed0
Contiguous Random,155,0,16,>16,24,2,0.0007930479359273823,5.1636,46.3406,8.97,50,1,0.0795,1,0.0857,1,0.0828,xenium_human_kidney_nondiseased_seed0
Non-Contiguous Random,155,0,16,>16,24,2,0.02202778518677384,5.5944,41.0389,7.34,50,1,0.125,1,0.0901,1,0.0828,xenium_human_kidney_nondiseased_seed0
Contiguous Random,156,0,14,>16,19,1,-4.205892063069427e-06,4.4108,27.1199,6.15,50,1,1.0,1,1.0,1,0.8333,xenium_human_kidney_nondiseased_seed0
Non-Contiguous Random,156,0,14,>16,19,1,4.205218904318464e-06,5.2928,27.1075,5.12,50,1,1.0,1,1.0,1,0.9394,xenium_human_kidney_nondiseased_seed0
Contiguous Random,157,0,12,>16,20,1,2.471035021489598e-06,3.9833,28.7014,7.21,50,1,1.0,1,1.0,1,0.5455,xenium_human_kidney_nondiseased_seed0
Non-Contiguous Random,157,0,12,>16,20,1,-4.96441882180676e-06,5.8734,29.8978,5.09,50,1,1.0,1,0.9565,1,0.8043,xenium_human_kidney_nondiseased_seed0
Contiguous Random,158,0,12,>16,29,1,2.8033283394623965e-06,9.2035,49.8022,5.41,50,1,0.6222,1,0.3287,1,0.0924,xenium_human_kidney_nondiseased_seed0
Contiguous Random,159,0,17,>16,30,1,-3.5584685833534024e-06,6.6529,53.4808,8.04,50,1,1.0,1,1.0,1,0.8947,xenium_human_kidney_nondiseased_seed0
Non-Contiguous Random,159,0,17,>16,30,1,1.5782694733346148e-06,6.9268,50.4185,7.28,50,1,1.0,1,0.9444,1,0.2159,xenium_human_kidney_nondiseased_seed0
Contiguous Random,160,0,17,>16,33,1,-5.188633136476994e-07,8.108,65.1218,8.03,50,1,1.0,1,1.0,1,0.2344,xenium_human_kidney_nondiseased_seed0
Non-Contiguous Random,160,0,17,>16,33,1,2.7570061251758204e-06,7.8769,64.2434,8.16,50,1,1.0,1,1.0,1,0.3311,xenium_human_kidney_nondiseased_seed0
Contiguous Random,161,0,1,>16,17,1,4.5807792297125616e-06,3.5575,15.3461,4.31,50,1,1.0,1,1.0,1,0.4444,xenium_human_kidney_nondiseased_seed0
Non-Contiguous Random,161,0,1,>16,17,1,4.5807792297125616e-06,3.3188,15.0871,4.55,50,1,1.0,1,1.0,1,0.4444,xenium_human_kidney_nondiseased_seed0
Contiguous Random,162,0,15,>16,25,1,2.1524047850718375e-06,7.2334,41.3424,5.72,50,1,1.0,1,1.0,1,0.3067,xenium_human_kidney_nondiseased_seed0
Non-Contiguous Random,162,0,15,>16,25,1,2.555847167684533e-06,7.0088,42.1066,6.01,50,1,1.0,1,1.0,1,0.2488,xenium_human_kidney_nondiseased_seed0
Contiguous Random,163,0,16,>16,22,1,-1.393002886262984e-06,5.535,36.0035,6.5,50,1,1.0,1,1.0,1,0.4773,xenium_human_kidney_nondiseased_seed0
Non-Contiguous Random,163,0,16,>16,22,42,0.1049543644565657,5.67,35.955,6.34,50,1,0.084,1,0.0909,1,0.0804,xenium_human_kidney_nondiseased_seed0
Contiguous Random,164,0,12,>16,28,1,-2.37660673629847e-06,7.8274,46.8739,5.99,50,1,1.0,1,1.0,1,0.1894,xenium_human_kidney_nondiseased_seed0
Non-Contiguous Random,164,0,12,>16,28,1,-1.7333391912899287e-06,10.4713,47.5959,4.55,50,1,1.0,1,1.0,1,0.1969,xenium_human_kidney_nondiseased_seed0
Contiguous Random,165,0,16,>16,32,58,0.10463030510610039,6.16,57.8354,9.39,50,1,0.0831,1,0.0916,1,0.08,xenium_human_kidney_nondiseased_seed0
Non-Contiguous Random,165,0,16,>16,32,6,0.051496741775047816,7.5096,58.1212,7.74,50,1,0.0909,1,0.0911,1,0.0799,xenium_human_kidney_nondiseased_seed0
Contiguous Random,166,0,16,>16,39,2,0.07408961020582794,8.7758,85.991,9.8,50,1,0.0862,1,0.0982,1,0.0778,xenium_human_kidney_nondiseased_seed0
Non-Contiguous Random,166,0,16,>16,39,2,0.08085489861307682,8.9855,85.5983,9.53,50,1,0.1524,1,0.1062,1,0.0776,xenium_human_kidney_nondiseased_seed0
Contiguous Random,167,0,12,>16,17,1,-4.318509104983548e-06,4.9498,24.115,4.87,50,1,1.0,1,1.0,1,0.9714,xenium_human_kidney_nondiseased_seed0
Non-Contiguous Random,167,0,12,>16,17,1,1.751508040825911e-07,5.0328,25.2271,5.01,50,1,1.0,1,1.0,1,0.3704,xenium_human_kidney_nondiseased_seed0
Contiguous Random,168,0,13,>16,18,14,0.311348322177296,3.6565,26.3676,7.21,50,1,0.1765,1,0.2143,1,0.1891,xenium_human_kidney_nondiseased_seed0
Non-Contiguous Random,168,0,13,>16,18,14,0.311348322177296,3.5841,25.2258,7.04,50,1,0.1765,1,0.2143,1,0.1891,xenium_human_kidney_nondiseased_seed0
Contiguous Random,169,0,16,>16,40,1,-4.444190788266411e-06,7.899,90.1588,11.41,50,1,1.0,1,1.0,1,0.5625,xenium_human_kidney_nondiseased_seed0
Non-Contiguous Random,169,0,16,>16,40,1,-1.825576588565525e-06,8.9579,89.0605,9.94,50,1,1.0,1,1.0,1,0.5904,xenium_human_kidney_nondiseased_seed0
Contiguous Random,170,0,15,>16,22,1,4.683600850929892e-06,6.3496,33.8217,5.33,50,1,1.0,1,1.0,1,1.0,xenium_human_kidney_nondiseased_seed0
Non-Contiguous Random,170,0,15,>16,22,1,3.3472197935591197e-06,6.0049,34.2456,5.7,50,1,1.0,1,1.0,1,0.5412,xenium_human_kidney_nondiseased_seed0
Contiguous Random,171,0,17,>16,35,1,2.285190540129989e-06,7.6448,69.2379,9.06,50,1,0.913,1,0.5556,1,0.1295,xenium_human_kidney_nondiseased_seed0
Contiguous Random,172,0,16,>16,31,9,0.03942825702792074,6.5204,56.8373,8.72,50,1,0.0867,1,0.0862,1,0.0786,xenium_human_kidney_nondiseased_seed0
Non-Contiguous Random,172,0,16,>16,31,1,4.722648750066227e-06,6.745,56.1539,8.33,50,1,0.0886,1,0.0876,1,0.0795,xenium_human_kidney_nondiseased_seed0
Contiguous Random,173,0,17,>16,28,1,-6.753552999061441e-07,6.4907,46.2343,7.12,50,1,0.3226,1,0.227,1,0.1567,xenium_human_kidney_nondiseased_seed0
Non-Contiguous Random,173,0,17,>16,28,5,0.0915982744135726,7.2072,45.8781,6.37,50,1,0.3415,1,0.2529,1,0.1597,xenium_human_kidney_nondiseased_seed0
Contiguous Random,174,0,15,>16,28,1,4.751551464288184e-06,7.1626,45.8998,6.41,50,1,1.0,1,1.0,1,0.5165,xenium_human_kidney_nondiseased_seed0
Non-Contiguous Random,174,0,15,>16,28,1,4.751551464288184e-06,7.0812,45.9471,6.49,50,1,1.0,1,1.0,1,0.5165,xenium_human_kidney_nondiseased_seed0
Contiguous Random,175,0,11,>16,19,13,0.07505587858294516,3.7075,28.0359,7.56,50,1,0.073,1,0.0938,1,0.0916,xenium_human_kidney_nondiseased_seed0
Non-Contiguous Random,175,0,11,>16,19,1,-8.332282992462581e-07,4.4608,27.2543,6.11,50,1,0.1172,1,0.1243,1,0.1087,xenium_human_kidney_nondiseased_seed0
Contiguous Random,176,0,11,>16,24,1,-2.4700215992545793e-06,4.6805,40.468,8.65,50,1,1.0,1,0.9429,1,0.1035,xenium_human_kidney_nondiseased_seed0
Non-Contiguous Random,176,0,11,>16,24,1,-5.062261339006113e-07,7.0365,45.5775,6.48,50,1,1.0,1,1.0,1,0.1845,xenium_human_kidney_nondiseased_seed0
Contiguous Random,177,0,17,>16,23,1,1.3757713264173077e-06,5.2638,35.9006,6.82,50,1,1.0,1,1.0,1,0.9545,xenium_human_kidney_nondiseased_seed0
Non-Contiguous Random,177,0,17,>16,23,1,2.8665060520793872e-06,5.5786,34.5155,6.19,50,1,1.0,1,1.0,1,0.3287,xenium_human_kidney_nondiseased_seed0
Contiguous Random,178,0,16,>16,33,1,-2.538056881551398e-06,7.1545,67.8237,9.48,50,1,0.875,1,0.4948,1,0.0773,xenium_human_kidney_nondiseased_seed0
Non-Contiguous Random,178,0,16,>16,33,1,1.8713350811161433e-06,7.4877,69.1726,9.24,50,1,0.9286,1,0.2659,1,0.0773,xenium_human_kidney_nondiseased_seed0
Contiguous Random,179,0,16,>16,28,1,3.112406708360993e-06,6.6775,47.1812,7.07,50,1,0.3333,1,0.6,1,0.3817,xenium_human_kidney_nondiseased_seed0
Non-Contiguous Random,179,0,16,>16,28,1,-3.2408992733934383e-06,5.6654,47.3106,8.35,50,1,1.0,1,0.7273,1,0.2108,xenium_human_kidney_nondiseased_seed0
Contiguous Random,180,0,11,>16,21,1,4.6074256139228e-06,3.9748,31.9776,8.05,50,1,1.0,1,1.0,1,0.6613,xenium_human_kidney_nondiseased_seed0
Non-Contiguous Random,180,0,11,>16,21,1,2.6440837430641295e-06,6.2591,32.0045,5.11,50,1,1.0,1,1.0,1,0.4032,xenium_human_kidney_nondiseased_seed0
Contiguous Random,181,0,15,>16,25,1,-1.9564819335737837e-06,7.3764,41.6871,5.65,50,1,0.7692,1,0.3684,1,0.1008,xenium_human_kidney_nondiseased_seed0
Non-Contiguous Random,181,0,15,>16,25,1,4.249420165969298e-06,7.5051,41.83,5.57,50,1,0.75,1,0.3737,1,0.1006,xenium_human_kidney_nondiseased_seed0
Contiguous Random,182,0,15,>16,28,1,9.801197544678786e-07,7.2113,46.2501,6.41,50,1,1.0,1,1.0,1,0.1931,xenium_human_kidney_nondiseased_seed0
Non-Contiguous Random,182,0,15,>16,28,1,9.801197544678786e-07,7.2223,47.2112,6.54,50,1,1.0,1,1.0,1,0.1931,xenium_human_kidney_nondiseased_seed0
Contiguous Random,183,0,16,>16,25,1,-3.616333006384309e-07,4.7392,42.146,8.89,50,1,1.0,1,1.0,1,1.0,xenium_human_kidney_nondiseased_seed0
Non-Contiguous Random,183,0,16,>16,25,1,-2.6538085933225375e-06,4.8102,43.3553,9.01,50,1,1.0,1,1.0,1,0.8966,xenium_human_kidney_nondiseased_seed0
Contiguous Random,184,0,16,>16,37,14,0.05213813646703924,7.7598,77.862,10.03,50,1,0.0636,1,0.083,1,0.0799,xenium_human_kidney_nondiseased_seed0
Non-Contiguous Random,184,0,16,>16,37,2,0.018392273483182286,8.4192,80.4375,9.55,50,1,0.1002,1,0.0877,1,0.0797,xenium_human_kidney_nondiseased_seed0
Contiguous Random,185,0,12,>16,25,1,-3.6087036137111284e-07,6.7022,42.3875,6.32,50,1,0.4048,1,0.2009,1,0.1155,xenium_human_kidney_nondiseased_seed0
Non-Contiguous Random,185,0,12,>16,25,1,-1.4979553222271846e-06,6.2253,42.952,6.9,50,1,0.1758,1,0.1826,1,0.1121,xenium_human_kidney_nondiseased_seed0
Contiguous Random,186,0,11,>16,20,7,0.07728507934372653,4.0332,30.0686,7.46,50,1,0.0865,1,0.1152,1,0.0912,xenium_human_kidney_nondiseased_seed0
Non-Contiguous Random,186,0,11,>16,20,5,0.1010269488158626,4.945,29.4075,5.95,50,1,0.1087,1,0.1111,1,0.1064,xenium_human_kidney_nondiseased_seed0
Contiguous Random,187,0,12,>16,31,1,-4.807744459878194e-06,8.132,55.4473,6.82,50,1,0.5,1,0.5,1,0.176,xenium_human_kidney_nondiseased_seed0
Contiguous Random,188,0,16,>16,38,3,0.02170880270861586,8.1751,81.2899,9.94,50,1,0.0702,1,0.0937,1,0.0812,xenium_human_kidney_nondiseased_seed0
Non-Contiguous Random,188,0,16,>16,38,3,0.02170880270861586,8.1858,81.1015,9.91,50,1,0.0702,1,0.0937,1,0.0812,xenium_human_kidney_nondiseased_seed0
Contiguous Random,189,0,12,>16,18,1,2.4215734213406392e-06,5.5263,26.1264,4.73,50,1,1.0,1,0.5316,1,0.133,xenium_human_kidney_nondiseased_seed0
Non-Contiguous Random,189,0,12,>16,18,1,-4.846134630143162e-06,5.1949,26.2929,5.06,50,1,0.6,1,0.4865,1,0.2294,xenium_human_kidney_nondiseased_seed0
Contiguous Random,190,0,10,>16,21,1,4.460268288042357e-07,4.5799,30.0377,6.56,50,1,0.6667,1,0.75,1,0.5256,xenium_human_kidney_nondiseased_seed0
Contiguous Random,191,0,16,>16,24,48,0.10708641961513243,4.3763,42.5451,9.72,50,1,0.0388,1,0.0724,1,0.0831,xenium_human_kidney_nondiseased_seed0
Non-Contiguous Random,191,0,16,>16,24,10,0.05452322092331663,6.2307,39.4495,6.33,50,1,0.1063,1,0.1096,1,0.0816,xenium_human_kidney_nondiseased_seed0
Contiguous Random,192,0,16,>16,41,2,0.010367172462995011,8.5359,92.3732,10.82,50,1,0.209,1,0.0879,1,0.0763,xenium_human_kidney_nondiseased_seed0
Contiguous Random,193,0,16,>16,23,10,0.13813561093988835,4.6972,38.5609,8.21,50,1,0.1143,1,0.1608,1,0.0795,xenium_human_kidney_nondiseased_seed0
Non-Contiguous Random,193,0,16,>16,23,1,-3.94147626670005e-06,5.7943,37.8671,6.54,50,1,0.5294,1,0.3083,1,0.0888,xenium_human_kidney_nondiseased_seed0
Contiguous Random,194,0,15,>16,21,1,-3.5346202016395267e-06,6.2386,31.1672,5.0,50,1,0.3158,1,0.3039,1,0.1082,xenium_human_kidney_nondiseased_seed0
Non-Contiguous Random,194,0,15,>16,21,4,0.06738078856203567,6.0583,32.113,5.3,50,1,0.1429,1,0.2773,1,0.1129,xenium_human_kidney_nondiseased_seed0
Contiguous Random,195,0,12,>16,27,1,1.6378434630759386e-07,6.9666,44.7216,6.42,50,1,1.0,1,1.0,1,0.5269,xenium_human_kidney_nondiseased_seed0
Non-Contiguous Random,195,0,12,>16,27,1,-4.281610608947162e-06,7.3663,46.3075,6.29,50,1,1.0,1,1.0,1,0.466,xenium_human_kidney_nondiseased_seed0
Contiguous Random,196,0,16,>16,39,4,0.020379191551829656,8.6585,85.1464,9.83,50,1,0.0686,1,0.0867,1,0.0795,xenium_human_kidney_nondiseased_seed0
Contiguous Random,197,0,17,>16,33,1,2.73136229700377e-06,8.3652,64.7408,7.74,50,1,1.0,1,0.8966,1,0.1553,xenium_human_kidney_nondiseased_seed0
Non-Contiguous Random,197,0,17,>16,33,1,2.73136229700377e-06,8.2913,69.5335,8.39,50,1,1.0,1,0.8966,1,0.1553,xenium_human_kidney_nondiseased_seed0
Contiguous Random,198,0,16,>16,35,1,-3.127567782090779e-06,7.6503,72.1345,9.43,50,1,0.0785,1,0.0909,1,0.0809,xenium_human_kidney_nondiseased_seed0
Non-Contiguous Random,198,0,16,>16,35,1,2.7863039373521303e-06,8.7812,71.4607,8.14,50,1,0.0787,1,0.0978,1,0.0813,xenium_human_kidney_nondiseased_seed0
Contiguous Random,199,0,16,>16,25,1,4.289855957129163e-06,4.8409,44.6049,9.21,50,1,0.8333,1,0.4043,1,0.0769,xenium_human_kidney_nondiseased_seed0
Non-Contiguous Random,199,0,16,>16,25,4,0.06937183807373049,5.9761,42.409,7.1,50,1,0.5094,1,0.1881,1,0.08,xenium_human_kidney_nondiseased_seed0
