cell_type,query,exact_top10,dag_set,section
B_Cells,0.0,0.001218026796589525,0.0012738853503184713,0.03132026176629445
CD4+_T_Cells,0.0,0.0048721071863581,0.005095541401273885,0.053088063507216156
CD8+_T_Cells,0.0,0.015834348355663823,0.022929936305732482,0.04358584653260146
DCIS_1,0.0,0.0,0.0,0.08116136811827214
DCIS_2,0.08421052631578947,0.15834348355663824,0.14140127388535031,0.07337369525077563
Endothelial,0.0,0.012180267965895249,0.016560509554140127,0.05609008579000917
IRF7+_DCs,0.0,0.001218026796589525,0.0012738853503184713,0.0031025083843090953
Invasive_Tumor,0.0,0.001218026796589525,0.0012738853503184713,0.21588182834461708
LAMP3+_DCs,0.0,0.00243605359317905,0.0025477707006369425,0.0018715536407370656
Macrophages_1,0.042105263157894736,0.025578562728380026,0.02802547770700637,0.0701769811462952
Macrophages_2,0.0,0.0,0.0,0.010199339303882532
Mast_Cells,0.0,0.0,0.0,0.0010488236845741274
Myoepi_ACTA2+,0.3684210526315789,0.35809987819732036,0.3490445859872611,0.044452539158177685
Myoepi_KRT15+,0.4,0.20828258221680876,0.19872611464968154,0.017961890646000025
Perivascular-Like,0.0,0.0,0.0,0.0053194829990077
Prolif_Invasive_Tumor,0.0,0.0,0.0,0.023708439576451083
Stromal,0.10526315789473684,0.20828258221680876,0.22929936305732485,0.2601459560624521
Stromal_&_T_Cell_Hybrid,0.0,0.001218026796589525,0.0012738853503184713,0.003812191476266439
T_Cell_&_Tumor_Hybrid,0.0,0.001218026796589525,0.0012738853503184713,0.0036991446120608444
