unit,dataset,target_cells,niche_cap,k_target,alpha,k_min,exact_build_s,build_s,peak_rss_exact_gb,peak_rss_gb,tiles_covs_s,niches_blocks_s,exact_s,dag_s,cells,n_genes,n_tiles,exact_mb,n_niches,n_blocks,n_nodes,dag_mb,block_logs_mb,block_logs_over_dag,niche_max,niche_median,block_fit_mean,hostname,status,n_queries,hit@c10,overlap1@c10,overlap2.5@c10,overlap5@c10,overlap10@c10,hit@c50,overlap1@c50,overlap2.5@c50,overlap5@c50,overlap10@c50,hit@c100,overlap1@c100,overlap2.5@c100,overlap5@c100,overlap10@c100,hit@0.5pct,overlap1@0.5pct,overlap2.5@0.5pct,overlap5@0.5pct,overlap10@0.5pct,hit@1pct,overlap1@1pct,overlap2.5@1pct,overlap5@1pct,overlap10@1pct,hit@2pct,overlap1@2pct,overlap2.5@2pct,overlap5@2pct,overlap10@2pct,hit@5pct,overlap1@5pct,overlap2.5@5pct,overlap5@5pct,overlap10@5pct,hit@10pct,overlap1@10pct,overlap2.5@10pct,overlap5@10pct,overlap10@10pct,hit@20pct,overlap1@20pct,overlap2.5@20pct,overlap5@20pct,overlap10@20pct,near1_median,near2.5_median,near5_median,near10_median,cfrac_for_overlap5_ge_0.95
tonsil_reactive_cells1000000,tonsil_reactive,1000000,1000,32,0.0,32,121.95458749402314,124.9997784709558,28.899375915527344,28.899375915527344,4.2606624639593065,105.48446106025948,12.209450049791483,3.045153055805713,1000000,377,8949,150.54678344726562,17,332,11143,10.336429595947266,150.54678344726562,14.564679423375786,968,572.0,0.1970500663017657,ROSALIND-CPU2.vuds.vanderbilt.edu,ok,100,0.44,0.38125,0.3512211122211122,0.3109481167514089,0.1586531004965972,0.74,0.6794166666666667,0.6534885114885115,0.6215547161773874,0.4388434252782908,0.84,0.77775,0.7835869685869686,0.7584099420034214,0.5986908143629946,0.73,0.6710833333333334,0.6397907092907092,0.6005391158464891,0.417229703829531,0.83,0.7694166666666666,0.7629242701742701,0.7351696037012643,0.572543878720397,0.95,0.9255,0.925400321900322,0.8944425425034216,0.748706555016647,1.0,0.9933333333333332,0.9913409090909092,0.9841723900469362,0.929917112351208,1.0,1.0,0.999090909090909,0.9977386363636364,0.9879329587457124,1.0,1.0,1.0,1.0,0.9986902593365994,1.0,3.0,10.0,52.0,0.05
tonsil_reactive_cells100000,tonsil_reactive,100000,1000,32,0.0,32,14.790029078722,15.07842063670978,2.7491493225097656,2.7491493225097656,0.4471364449709654,13.16212548688054,1.180764017160982,0.2883772873319685,100000,377,852,13.59804916381836,3,61,1947,1.5603418350219729,13.59804916381836,8.714788553770253,412,239.0,0.1968070819126909,ROSALIND-CPU2.vuds.vanderbilt.edu,ok,100,0.71,0.7241666666666667,0.6871746031746032,0.656198679009163,0.4868610769746122,1.0,1.0,0.985777777777778,0.9586916094658032,0.8834699713879491,1.0,1.0,0.9988888888888888,0.9986881720430107,0.9739746440656236,0.48,0.4933333333333333,0.4587063492063492,0.4193155742107355,0.2915989617716122,0.67,0.6925,0.6587579365079366,0.6131817510446542,0.4563000316849046,0.8,0.8133333333333332,0.7968134920634921,0.7446239634021892,0.6071244383771006,0.99,0.995,0.9799444444444444,0.9470093602633924,0.8569661070004864,1.0,1.0,0.9928888888888888,0.9907637201508168,0.9639018719028282,1.0,1.0,1.0,1.0,0.9954806272961102,1.0,2.0,4.0,11.0,0.1
tonsil_reactive_cells10000,tonsil_reactive,10000,1000,32,0.0,32,7.827056554146111,7.9077894520014524,1.7932701110839844,1.7932701110839844,0.1035472359508276,7.520955083891749,0.2025505639612674,0.0807191869243979,10000,377,134,3.060371398925781,1,17,629,1.0451984405517578,3.060371398925781,2.9280290518901064,134,134.0,0.2424950942445746,ROSALIND-CPU2.vuds.vanderbilt.edu,ok,100,0.88,0.9016666666666668,0.8937142857142857,0.8732943722943723,0.7534607685579553,1.0,1.0,1.0,1.0,0.995527537965467,1.0,1.0,1.0,1.0,1.0,0.4,0.3908333333333333,0.338595238095238,0.2700471195471195,0.1635572079559662,0.4,0.3908333333333333,0.338595238095238,0.2700471195471195,0.1635572079559662,0.59,0.5958333333333333,0.5887619047619047,0.5160536963036964,0.3764028330182254,0.83,0.8341666666666667,0.8176190476190476,0.7837028804528805,0.6282497060435712,0.96,0.9583333333333331,0.9525476190476192,0.9336986346986348,0.835034206298256,1.0,1.0,0.9951428571428572,0.9902014652014652,0.9759947192638504,1.0,2.0,3.0,8.0,0.2
tonsil_reactive_cells1000,tonsil_reactive,1000,1000,32,0.0,32,6.760075413156301,6.768045846838504,1.7994728088378906,1.7994728088378906,0.0561419981531798,6.683091049082577,0.0208388459868729,0.0079587837681174,1000,377,13,0.2898101806640625,1,16,208,0.2930870056152344,0.2898101806640625,0.9888196170816468,13,13.0,0.26235596356441,ROSALIND-CPU2.vuds.vanderbilt.edu,ok,100,1.0,1.0,1.0,1.0,1.0,1.0,1.0,1.0,1.0,1.0,1.0,1.0,1.0,1.0,1.0,1.0,0.9441666666666668,0.8275,0.6559285714285714,0.4453809523809524,1.0,0.9441666666666668,0.8275,0.6559285714285714,0.4453809523809524,1.0,0.9441666666666668,0.8275,0.6559285714285714,0.4453809523809524,1.0,0.9441666666666668,0.8275,0.6559285714285714,0.4453809523809524,1.0,0.9441666666666668,0.8275,0.6559285714285714,0.4453809523809524,1.0,0.9975,0.9925,0.9677857142857142,0.8811428571428571,1.0,1.0,2.0,2.0,0.2
tonsil_reactive_cells200000,tonsil_reactive,200000,1000,32,0.0,32,29.663784243166447,30.40398033382371,6.470478057861328,6.470478057861328,1.0502332909964025,25.47428228007629,3.139263961929828,0.7401655199937522,200000,377,2258,38.48330307006836,4,79,2481,2.2021303176879883,38.48330307006836,17.475488512628942,716,694.0,0.1922595379384907,ROSALIND-CPU2.vuds.vanderbilt.edu,ok,100,0.51,0.5065,0.4812612942612942,0.4066876800959618,0.2835107458961914,0.79,0.8136666666666666,0.7809620657120656,0.7598978289082778,0.6430129503157729,0.94,0.9296666666666666,0.8963775113775114,0.878696247079374,0.7808882414395396,0.52,0.5215,0.4982612942612943,0.4278765647407288,0.303447301441923,0.63,0.6526666666666666,0.6316875624375624,0.5841050855748998,0.4509242467823977,0.79,0.8136666666666666,0.7775529748029748,0.7366963180008845,0.6183214629573919,0.95,0.938,0.9052016872016873,0.8938913940376788,0.8039308013832895,0.98,0.9755,0.9568861416361416,0.9630959528947144,0.9077212182841504,1.0,1.0,0.994,0.99366341991342,0.9827365945789596,1.0,2.0,5.0,23.0,0.1
tonsil_reactive_cells20000,tonsil_reactive,20000,1000,32,0.0,32,8.333806546870619,8.420052765868604,1.7960968017578125,1.7960968017578125,0.1380434716120362,7.930446875747293,0.2653130488470197,0.0862303180620074,20000,377,182,3.4687728881835938,2,36,1141,1.2426872253417969,3.4687728881835938,2.791348311502534,102,91.0,0.2422751643455505,ROSALIND-CPU2.vuds.vanderbilt.edu,ok,100,0.91,0.9233333333333332,0.9208690476190476,0.8836883541295306,0.716824395161987,1.0,1.0,1.0,1.0,0.9945077900178392,1.0,1.0,1.0,1.0,1.0,0.42,0.4328333333333333,0.4061785714285714,0.3543829683388507,0.185209358419785,0.65,0.6373333333333333,0.5943571428571428,0.4962064128681775,0.2922159751368284,0.76,0.773,0.7328809523809524,0.6783467447585094,0.4479602650960892,0.88,0.9088333333333334,0.8931904761904762,0.8596364060775825,0.6859521579543231,1.0,0.9941666666666668,0.9883809523809524,0.969189627366098,0.8790052869382066,1.0,0.9966666666666668,0.9965714285714286,0.99578081232493,0.9785759192232736,1.0,2.0,3.0,9.5,0.1
tonsil_reactive_cells2000,tonsil_reactive,2000,1000,32,0.0,32,6.7024937202222645,6.712351816240698,1.7892112731933594,1.7892112731933594,0.0467586531303823,6.630527624860406,0.0252047721296548,0.0098461857996881,2000,377,16,0.3397216796875,1,16,256,0.3437538146972656,0.3397216796875,0.9882702828670668,16,16.0,0.2799872131679146,ROSALIND-CPU2.vuds.vanderbilt.edu,ok,100,1.0,1.0,1.0,1.0,1.0,1.0,1.0,1.0,1.0,1.0,1.0,1.0,1.0,1.0,1.0,1.0,0.9233333333333332,0.7895,0.5458333333333334,0.3011865079365079,1.0,0.9233333333333332,0.7895,0.5458333333333334,0.3011865079365079,1.0,0.9233333333333332,0.7895,0.5458333333333334,0.3011865079365079,1.0,0.9233333333333332,0.7895,0.5458333333333334,0.3011865079365079,1.0,0.9966666666666668,0.959,0.8216666666666668,0.5723730158730159,1.0,1.0,0.9935,0.9475,0.7735595238095238,1.0,1.0,2.0,3.5,
tonsil_reactive_cells500000,tonsil_reactive,500000,1000,32,0.0,32,88.66963125672191,90.88222781661898,21.41490173339844,21.41490173339844,4.597997662611306,75.3225571908988,8.749004221055657,2.2125671789981425,500000,377,6596,108.55069351196288,14,279,9167,8.175346374511719,108.55069351196288,13.277809714630738,930,438.5,0.1807429288692645,ROSALIND-CPU2.vuds.vanderbilt.edu,ok,100,0.39,0.384,0.3556929736929736,0.3395289676020402,0.2515505718973008,0.62,0.6158333333333333,0.5888451548451549,0.5889841835386227,0.4947777834065912,0.69,0.6873333333333334,0.6678121878121879,0.6844332242271592,0.6197079910164686,0.58,0.5721666666666667,0.5455759240759241,0.5243358910504508,0.4309567438612754,0.62,0.6203333333333333,0.6041143856143856,0.6162716264878303,0.547582475862266,0.73,0.7273333333333334,0.71450999000999,0.7241035748849047,0.6691772889661404,0.87,0.8648333333333333,0.8649385614385615,0.8596092496996772,0.8324456578341111,0.96,0.9493333333333334,0.9546969696969696,0.944409971346398,0.9275273052557194,1.0,0.9983333333333332,0.9965909090909092,0.9972937000887312,0.9859854829512648,1.0,2.0,4.0,19.0,0.2
tonsil_reactive_cells50000,tonsil_reactive,50000,1000,32,0.0,32,12.479749947786331,12.722373101860285,2.0739707946777344,2.0739707946777344,0.3209361787885427,11.295814818236977,0.8629948310554028,0.2426079930737614,50000,377,602,11.086669921875,3,57,1901,1.837251663208008,11.086669921875,6.034377403973427,240,227.0,0.2136291066601259,ROSALIND-CPU2.vuds.vanderbilt.edu,ok,100,0.73,0.7103333333333333,0.6979458874458875,0.6577589172775198,0.5081892695325544,1.0,1.0,0.9857575757575758,0.9700067570058496,0.8636696426632178,1.0,1.0,1.0,0.9972988505747128,0.9693638473315764,0.42,0.3903333333333333,0.3829177489177489,0.3366416519052635,0.2496914413657078,0.61,0.602,0.5896082251082251,0.5388588803815665,0.4010708246094261,0.76,0.7403333333333333,0.7309458874458875,0.7008576633590244,0.5455437356806487,0.94,0.9143333333333332,0.8989350649350649,0.8880280110089548,0.74711930896765,1.0,1.0,0.999090909090909,0.9865900215936512,0.8889555864624153,1.0,1.0,1.0,0.9993103448275862,0.982883560927158,1.0,2.0,3.0,12.0,0.1
tonsil_reactive_cells5000,tonsil_reactive,5000,1000,32,0.0,32,7.124579021241516,7.154265501070768,1.7945556640625,1.7945556640625,0.0761906080879271,6.974045986309648,0.0743395471945405,0.0296714999713003,5000,377,53,0.8988876342773438,1,19,592,0.5275754928588867,0.8988876342773438,1.7038085476759888,53,53.0,0.2189517816319717,ROSALIND-CPU2.vuds.vanderbilt.edu,ok,100,1.0,0.9925,0.9891666666666667,0.9775714285714284,0.9292160090735604,1.0,1.0,1.0,1.0,1.0,1.0,1.0,1.0,1.0,1.0,0.67,0.6225,0.5722619047619047,0.4875277777777778,0.2855766495137204,0.67,0.6225,0.5722619047619047,0.4875277777777778,0.2855766495137204,0.67,0.6225,0.5722619047619047,0.4875277777777778,0.2855766495137204,0.9,0.8866666666666667,0.864452380952381,0.8144166666666667,0.5782299485411613,0.94,0.9458333333333332,0.9336428571428572,0.9008650793650794,0.7570261047114595,1.0,0.9925,0.9891666666666667,0.9838809523809524,0.9476548709363356,1.0,1.5,3.0,5.5,0.2
tonsil_reactive_cellsfull,tonsil_reactive,full,1000,32,0.0,32,139.38955471292138,142.86749766208231,32.73451614379883,32.73451614379883,7.227710466831922,118.23957321280614,13.922167860902846,3.4779183487407863,1336000,377,10148,173.45709991455078,20,389,12973,12.206097602844238,173.45709991455078,14.210692520935782,825,580.5,0.2053226302854079,ROSALIND-CPU2.vuds.vanderbilt.edu,ok,100,0.49,0.532,0.487294733044733,0.3870404987930634,0.2122687756692129,0.85,0.8654999999999999,0.8077489177489177,0.7273570282576941,0.5120754904717941,0.97,0.9708333333333332,0.9172738095238095,0.8712199516793566,0.6837692248073952,0.86,0.8704999999999999,0.8127489177489177,0.7331475052672114,0.5159155737370711,0.97,0.9708333333333332,0.9172738095238095,0.8736625315590075,0.6871505586907254,1.0,1.0,0.9720833333333332,0.9541286911842368,0.8476297424135052,1.0,1.0,0.9991666666666668,0.9949776015894436,0.969681728132868,1.0,1.0,1.0,0.9992307692307691,0.9963202182762678,1.0,1.0,1.0,1.0,1.0,1.0,3.0,8.0,45.5,0.02
