query_idx,query_tile_id,Dataset,spindle_time_ms,bf_time_ms,speedup,exact_best_dist,spindle_best_dist,spindle_best_rank,recall_at_eps_0.1,overlap_at_eps_0.1,recall_at_eps_0.25,overlap_at_eps_0.25,recall_at_eps_0.5,overlap_at_eps_0.5,recall_at_eps_1.0,overlap_at_eps_1.0,true_best_niche,direction,seed,variant,correction,n_niches,n_tiles_index,n_tiles_query,build_time_s
0,0,cross_modal_brca_x2v_seed3,22.8507,1504.2045,65.83,116.0706,116.0706,1,1,1.0,1,1.0,1,1.0,1,0.8333,0,x2v,3,all_niche,global,2,156,165,8.67
1,4,cross_modal_brca_x2v_seed3,19.8472,1469.6278,74.05,123.6237,123.6237,1,1,1.0,1,1.0,1,1.0,1,1.0,0,x2v,3,all_niche,global,2,156,165,8.67
2,7,cross_modal_brca_x2v_seed3,20.072,1511.2414,75.29,119.9582,119.9582,1,1,1.0,1,1.0,1,1.0,1,1.0,0,x2v,3,all_niche,global,2,156,165,8.67
3,10,cross_modal_brca_x2v_seed3,20.3119,1504.9546,74.09,118.5487,118.5487,1,1,1.0,1,1.0,1,1.0,1,1.0,0,x2v,3,all_niche,global,2,156,165,8.67
4,11,cross_modal_brca_x2v_seed3,19.902,1495.5721,75.15,120.1825,120.1825,1,1,1.0,1,1.0,1,1.0,1,1.0,0,x2v,3,all_niche,global,2,156,165,8.67
5,12,cross_modal_brca_x2v_seed3,20.0855,1502.5805,74.81,120.3195,120.3195,1,1,1.0,1,1.0,1,1.0,1,1.0,0,x2v,3,all_niche,global,2,156,165,8.67
6,15,cross_modal_brca_x2v_seed3,19.8013,1503.1455,75.91,121.3007,121.3007,1,1,1.0,1,1.0,1,1.0,1,1.0,0,x2v,3,all_niche,global,2,156,165,8.67
7,20,cross_modal_brca_x2v_seed3,20.2778,1512.2788,74.58,117.9131,117.9131,1,1,1.0,1,1.0,1,1.0,1,1.0,0,x2v,3,all_niche,global,2,156,165,8.67
8,21,cross_modal_brca_x2v_seed3,19.7979,1495.1645,75.52,120.2341,120.2341,1,1,1.0,1,1.0,1,1.0,1,1.0,0,x2v,3,all_niche,global,2,156,165,8.67
9,22,cross_modal_brca_x2v_seed3,19.2164,1485.6332,77.31,124.154,124.154,1,1,1.0,1,1.0,1,1.0,1,1.0,0,x2v,3,all_niche,global,2,156,165,8.67
10,24,cross_modal_brca_x2v_seed3,19.396,1486.9596,76.66,122.6046,122.6046,1,1,1.0,1,1.0,1,1.0,1,1.0,0,x2v,3,all_niche,global,2,156,165,8.67
11,28,cross_modal_brca_x2v_seed3,20.296,1544.4225,76.09,115.112,115.112,1,1,1.0,1,1.0,1,1.0,1,0.8,0,x2v,3,all_niche,global,2,156,165,8.67
12,34,cross_modal_brca_x2v_seed3,20.4957,1555.0042,75.87,118.5086,118.5086,1,1,1.0,1,1.0,1,1.0,1,1.0,0,x2v,3,all_niche,global,2,156,165,8.67
13,41,cross_modal_brca_x2v_seed3,19.995,1513.9571,75.72,115.9483,115.9483,1,1,1.0,1,1.0,1,1.0,1,1.0,0,x2v,3,all_niche,global,2,156,165,8.67
14,42,cross_modal_brca_x2v_seed3,19.9731,1520.0791,76.11,117.7387,117.7387,1,1,1.0,1,1.0,1,1.0,1,1.0,0,x2v,3,all_niche,global,2,156,165,8.67
15,45,cross_modal_brca_x2v_seed3,18.9368,1490.7405,78.72,127.7477,127.7477,1,1,1.0,1,1.0,1,1.0,1,1.0,0,x2v,3,all_niche,global,2,156,165,8.67
16,47,cross_modal_brca_x2v_seed3,20.0546,1507.4474,75.17,117.848,117.848,1,1,1.0,1,1.0,1,1.0,1,1.0,0,x2v,3,all_niche,global,2,156,165,8.67
17,48,cross_modal_brca_x2v_seed3,20.2248,1510.5229,74.69,118.143,118.143,1,1,1.0,1,1.0,1,1.0,1,0.8333,0,x2v,3,all_niche,global,2,156,165,8.67
18,51,cross_modal_brca_x2v_seed3,20.244,1517.2228,74.95,115.2059,115.2059,1,1,1.0,1,1.0,1,1.0,1,1.0,0,x2v,3,all_niche,global,2,156,165,8.67
19,53,cross_modal_brca_x2v_seed3,20.4489,1495.4541,73.13,113.583,113.583,1,1,1.0,1,1.0,1,1.0,1,1.0,0,x2v,3,all_niche,global,2,156,165,8.67
20,55,cross_modal_brca_x2v_seed3,20.1996,1511.8304,74.84,117.4867,117.4867,1,1,1.0,1,1.0,1,1.0,1,1.0,0,x2v,3,all_niche,global,2,156,165,8.67
21,58,cross_modal_brca_x2v_seed3,20.1327,1514.5393,75.23,116.9357,116.9357,1,1,1.0,1,1.0,1,1.0,1,1.0,0,x2v,3,all_niche,global,2,156,165,8.67
22,60,cross_modal_brca_x2v_seed3,19.9869,1505.6468,75.33,118.8782,118.8782,1,1,1.0,1,1.0,1,1.0,1,1.0,0,x2v,3,all_niche,global,2,156,165,8.67
23,61,cross_modal_brca_x2v_seed3,19.8834,1508.9564,75.89,118.7249,118.7249,1,1,1.0,1,1.0,1,1.0,1,1.0,0,x2v,3,all_niche,global,2,156,165,8.67
24,71,cross_modal_brca_x2v_seed3,20.3243,1508.3892,74.22,115.1119,115.1119,1,1,1.0,1,1.0,1,1.0,1,1.0,0,x2v,3,all_niche,global,2,156,165,8.67
25,79,cross_modal_brca_x2v_seed3,19.7982,1522.7354,76.91,122.1068,122.1068,1,1,1.0,1,1.0,1,1.0,1,1.0,0,x2v,3,all_niche,global,2,156,165,8.67
26,83,cross_modal_brca_x2v_seed3,20.2002,1469.1095,72.73,118.0902,118.0902,1,1,1.0,1,1.0,1,1.0,1,1.0,0,x2v,3,all_niche,global,2,156,165,8.67
27,91,cross_modal_brca_x2v_seed3,20.0632,1496.7798,74.6,116.9872,116.9872,1,1,1.0,1,1.0,1,1.0,1,1.0,0,x2v,3,all_niche,global,2,156,165,8.67
28,94,cross_modal_brca_x2v_seed3,20.2254,1502.2636,74.28,116.1028,116.1028,1,1,1.0,1,1.0,1,1.0,1,1.0,0,x2v,3,all_niche,global,2,156,165,8.67
29,96,cross_modal_brca_x2v_seed3,20.2237,1512.5548,74.79,116.877,116.877,1,1,1.0,1,1.0,1,1.0,1,1.0,0,x2v,3,all_niche,global,2,156,165,8.67
30,97,cross_modal_brca_x2v_seed3,19.3563,1485.6129,76.75,121.1998,121.1998,1,1,1.0,1,1.0,1,1.0,1,1.0,0,x2v,3,all_niche,global,2,156,165,8.67
31,98,cross_modal_brca_x2v_seed3,19.4579,1482.7905,76.21,121.7333,121.7333,1,1,1.0,1,1.0,1,1.0,1,1.0,0,x2v,3,all_niche,global,2,156,165,8.67
32,106,cross_modal_brca_x2v_seed3,19.7576,1492.6254,75.55,119.0004,119.0004,1,1,1.0,1,1.0,1,1.0,1,1.0,0,x2v,3,all_niche,global,2,156,165,8.67
33,110,cross_modal_brca_x2v_seed3,19.873,1492.0248,75.08,117.8387,117.8387,1,1,1.0,1,1.0,1,1.0,1,1.0,0,x2v,3,all_niche,global,2,156,165,8.67
34,116,cross_modal_brca_x2v_seed3,19.7678,1497.1084,75.73,117.8568,117.8568,1,1,1.0,1,1.0,1,1.0,1,1.0,0,x2v,3,all_niche,global,2,156,165,8.67
35,119,cross_modal_brca_x2v_seed3,19.465,1487.2308,76.41,120.1396,120.1396,1,1,1.0,1,1.0,1,1.0,1,1.0,0,x2v,3,all_niche,global,2,156,165,8.67
36,122,cross_modal_brca_x2v_seed3,19.5587,1479.0361,75.62,120.809,120.809,1,1,1.0,1,1.0,1,1.0,1,1.0,0,x2v,3,all_niche,global,2,156,165,8.67
37,133,cross_modal_brca_x2v_seed3,19.8361,1510.3275,76.14,120.0157,120.0157,1,1,1.0,1,1.0,1,1.0,1,1.0,0,x2v,3,all_niche,global,2,156,165,8.67
38,135,cross_modal_brca_x2v_seed3,19.5926,1486.7148,75.88,121.2677,121.2677,1,1,1.0,1,1.0,1,1.0,1,1.0,0,x2v,3,all_niche,global,2,156,165,8.67
39,138,cross_modal_brca_x2v_seed3,19.3829,1487.8189,76.76,121.1718,121.1718,1,1,1.0,1,1.0,1,1.0,1,1.0,0,x2v,3,all_niche,global,2,156,165,8.67
40,140,cross_modal_brca_x2v_seed3,19.4655,1494.312,76.77,121.4935,121.4935,1,1,1.0,1,1.0,1,1.0,1,1.0,0,x2v,3,all_niche,global,2,156,165,8.67
41,141,cross_modal_brca_x2v_seed3,19.713,1499.3833,76.06,121.1555,121.1555,1,1,1.0,1,1.0,1,1.0,1,1.0,0,x2v,3,all_niche,global,2,156,165,8.67
42,144,cross_modal_brca_x2v_seed3,19.7557,1508.6522,76.37,119.0715,119.0715,1,1,1.0,1,1.0,1,1.0,1,1.0,0,x2v,3,all_niche,global,2,156,165,8.67
43,146,cross_modal_brca_x2v_seed3,19.7265,1507.6824,76.43,118.9658,118.9658,1,1,1.0,1,1.0,1,1.0,1,1.0,0,x2v,3,all_niche,global,2,156,165,8.67
44,147,cross_modal_brca_x2v_seed3,19.6734,1500.3432,76.26,119.6742,119.6742,1,1,1.0,1,1.0,1,1.0,1,1.0,0,x2v,3,all_niche,global,2,156,165,8.67
45,150,cross_modal_brca_x2v_seed3,19.3634,1487.7603,76.83,119.7895,119.7895,1,1,1.0,1,1.0,1,1.0,1,1.0,0,x2v,3,all_niche,global,2,156,165,8.67
46,151,cross_modal_brca_x2v_seed3,19.8212,1495.8755,75.47,118.5092,118.5092,1,1,1.0,1,1.0,1,1.0,1,1.0,0,x2v,3,all_niche,global,2,156,165,8.67
47,152,cross_modal_brca_x2v_seed3,19.4666,1491.3995,76.61,121.1988,121.1988,1,1,1.0,1,1.0,1,1.0,1,1.0,0,x2v,3,all_niche,global,2,156,165,8.67
48,153,cross_modal_brca_x2v_seed3,19.7375,1489.4947,75.47,118.6117,118.6117,1,1,1.0,1,1.0,1,1.0,1,1.0,0,x2v,3,all_niche,global,2,156,165,8.67
49,154,cross_modal_brca_x2v_seed3,19.7983,1484.513,74.98,119.1505,119.1505,1,1,1.0,1,1.0,1,1.0,1,1.0,0,x2v,3,all_niche,global,2,156,165,8.67
