query,family,size,niche,bound,n_tiles,max_gap,median_gap,share_within,dataset,stem,seed,n_genes
0,random,4,0,0.3050850459206279,839,0.09438147560827814,0.022107313737552925,1.0,skin_melanoma,xenium_human_skin_melanoma,4,382
0,random,4,1,0.2635069132534072,839,0.07221770151130391,0.015081213329138032,1.0,skin_melanoma,xenium_human_skin_melanoma,4,382
0,random,4,2,0.1275976121222264,839,0.03725453694460912,0.007776343001569819,1.0,skin_melanoma,xenium_human_skin_melanoma,4,382
0,random,4,3,0.15075162751002322,839,0.02892525985680372,0.0050454678984213075,1.0,skin_melanoma,xenium_human_skin_melanoma,4,382
1,program,4,0,0.8917527888266431,839,0.2570623942728465,0.07205754883722104,1.0,skin_melanoma,xenium_human_skin_melanoma,4,382
1,program,4,1,1.1098500260656456,839,0.273192931273317,0.08181779364178254,1.0,skin_melanoma,xenium_human_skin_melanoma,4,382
1,program,4,2,0.1895479362870307,839,0.05415646869624169,0.01305250924610668,1.0,skin_melanoma,xenium_human_skin_melanoma,4,382
1,program,4,3,0.14706665022345344,839,0.017153122013279898,0.0052584996850137955,1.0,skin_melanoma,xenium_human_skin_melanoma,4,382
2,random,8,0,0.40265155120537605,839,0.08981226399541109,0.022866394709091686,1.0,skin_melanoma,xenium_human_skin_melanoma,4,382
2,random,8,1,0.3938415417570886,839,0.07549157389650185,0.01666209322045553,1.0,skin_melanoma,xenium_human_skin_melanoma,4,382
2,random,8,2,0.2563888607060522,839,0.05432906044127872,0.014239402097380616,1.0,skin_melanoma,xenium_human_skin_melanoma,4,382
2,random,8,3,0.20141762492650453,839,0.018744565103787636,0.005791690629687096,1.0,skin_melanoma,xenium_human_skin_melanoma,4,382
3,program,8,0,1.1287318628402596,839,0.33377964184149467,0.0692103026564661,1.0,skin_melanoma,xenium_human_skin_melanoma,4,382
3,program,8,1,0.34282904100263606,839,0.08315531350366134,0.013426119570375539,1.0,skin_melanoma,xenium_human_skin_melanoma,4,382
3,program,8,2,0.21976341608546063,839,0.0424389647732486,0.00971152087649485,1.0,skin_melanoma,xenium_human_skin_melanoma,4,382
3,program,8,3,0.1297585762517966,839,0.010034446123428964,0.0009968566646827437,1.0,skin_melanoma,xenium_human_skin_melanoma,4,382
4,random,16,0,0.7437972992185935,839,0.11292962249923999,0.025715608967624703,1.0,skin_melanoma,xenium_human_skin_melanoma,4,382
4,random,16,1,0.5501534988267313,839,0.08499109754611123,0.021725928996804367,1.0,skin_melanoma,xenium_human_skin_melanoma,4,382
4,random,16,2,0.3567714153193805,839,0.054119491178140855,0.013694357308863925,1.0,skin_melanoma,xenium_human_skin_melanoma,4,382
4,random,16,3,0.2774371937536714,839,0.029813329292023738,0.008582907166007736,1.0,skin_melanoma,xenium_human_skin_melanoma,4,382
5,program,16,0,2.7213862353022273,839,0.4358336200386197,0.0892690960615905,1.0,skin_melanoma,xenium_human_skin_melanoma,4,382
5,program,16,1,4.476673701661913,839,0.7894024410133982,0.15089440469001425,1.0,skin_melanoma,xenium_human_skin_melanoma,4,382
5,program,16,2,1.2337046802817393,839,0.14827296637821163,0.03708920180385533,1.0,skin_melanoma,xenium_human_skin_melanoma,4,382
5,program,16,3,0.33187083423125147,839,0.01882131261019282,0.0027498947485500302,1.0,skin_melanoma,xenium_human_skin_melanoma,4,382
6,random,32,0,1.729482148697701,839,0.2820966011885595,0.052614928156703655,1.0,skin_melanoma,xenium_human_skin_melanoma,4,382
6,random,32,1,0.7367375863273868,839,0.07683190427891073,0.01730477805735342,1.0,skin_melanoma,xenium_human_skin_melanoma,4,382
6,random,32,2,0.4872832344967871,839,0.042616994291817534,0.010741106721381843,1.0,skin_melanoma,xenium_human_skin_melanoma,4,382
6,random,32,3,0.3866171574446882,839,0.029275143266954018,0.006580806323292165,1.0,skin_melanoma,xenium_human_skin_melanoma,4,382
7,program,32,0,9.534977811033446,839,1.624474054674244,0.4136016619225087,1.0,skin_melanoma,xenium_human_skin_melanoma,4,382
7,program,32,1,6.849868886833492,839,1.2094679136229658,0.1325141897427815,1.0,skin_melanoma,xenium_human_skin_melanoma,4,382
7,program,32,2,2.912034870687715,839,0.26279427644501574,0.04202354868222802,1.0,skin_melanoma,xenium_human_skin_melanoma,4,382
7,program,32,3,0.38348561671403436,839,0.014834678967760695,0.0044720653174037395,1.0,skin_melanoma,xenium_human_skin_melanoma,4,382
8,random,48,0,1.7732876793676884,839,0.1603449570510591,0.03285513585044608,1.0,skin_melanoma,xenium_human_skin_melanoma,4,382
8,random,48,1,1.9699044773954462,839,0.2521273725504951,0.048019965029766354,1.0,skin_melanoma,xenium_human_skin_melanoma,4,382
8,random,48,2,0.6696678529466564,839,0.03902490683680426,0.011979309897862223,1.0,skin_melanoma,xenium_human_skin_melanoma,4,382
8,random,48,3,0.5058001082099116,839,0.030854203984233664,0.008012193226480946,1.0,skin_melanoma,xenium_human_skin_melanoma,4,382
9,program,48,0,10.125013606496573,839,1.340317437336024,0.28680866064287613,1.0,skin_melanoma,xenium_human_skin_melanoma,4,382
9,program,48,1,7.276055390593573,839,0.9817454884920558,0.08562771481100828,1.0,skin_melanoma,xenium_human_skin_melanoma,4,382
9,program,48,2,3.4756458598056312,839,0.22940717942779898,0.046873699969331994,1.0,skin_melanoma,xenium_human_skin_melanoma,4,382
9,program,48,3,0.68793066475124,839,0.029704170858551038,0.0075608521672503315,1.0,skin_melanoma,xenium_human_skin_melanoma,4,382
10,random,64,0,2.2426308277631137,839,0.22763486883516748,0.044662579868809615,1.0,skin_melanoma,xenium_human_skin_melanoma,4,382
10,random,64,1,2.0074934380168075,839,0.13501561642828008,0.028909362662604465,1.0,skin_melanoma,xenium_human_skin_melanoma,4,382
10,random,64,2,1.1845544338029041,839,0.09213149433643508,0.020266408331163888,1.0,skin_melanoma,xenium_human_skin_melanoma,4,382
10,random,64,3,0.6041710163831892,839,0.028958856753831697,0.007428285645266541,1.0,skin_melanoma,xenium_human_skin_melanoma,4,382
11,signature,8,0,0.4741202720304005,839,0.12329142132283621,0.02707194745314201,1.0,skin_melanoma,xenium_human_skin_melanoma,4,382
11,signature,8,1,1.1594430541733665,839,0.24203176639319413,0.05587576427717256,1.0,skin_melanoma,xenium_human_skin_melanoma,4,382
11,signature,8,2,0.5797517251559591,839,0.16434343360710457,0.03344498006587848,1.0,skin_melanoma,xenium_human_skin_melanoma,4,382
11,signature,8,3,0.1467578287363941,839,0.014818653062043552,0.0041332291294109424,1.0,skin_melanoma,xenium_human_skin_melanoma,4,382
12,signature,4,0,0.312814549495155,839,0.09825300559226152,0.023437134295094975,1.0,skin_melanoma,xenium_human_skin_melanoma,4,382
12,signature,4,1,0.6533797066239881,839,0.20066332702187095,0.030207785428142064,1.0,skin_melanoma,xenium_human_skin_melanoma,4,382
12,signature,4,2,0.13362387457647706,839,0.03717586698311992,0.008451124642441687,1.0,skin_melanoma,xenium_human_skin_melanoma,4,382
12,signature,4,3,0.16627468691573738,839,0.02483034268161788,0.005904785271821034,1.0,skin_melanoma,xenium_human_skin_melanoma,4,382
13,signature,5,0,0.3043864860262206,839,0.08136694060497351,0.021884858904562154,1.0,skin_melanoma,xenium_human_skin_melanoma,4,382
13,signature,5,1,0.293973985596523,839,0.06809796310312943,0.016523118913812418,1.0,skin_melanoma,xenium_human_skin_melanoma,4,382
13,signature,5,2,0.24975796939172246,839,0.07067025797640447,0.018395763008422383,1.0,skin_melanoma,xenium_human_skin_melanoma,4,382
13,signature,5,3,0.12443756128293502,839,0.023489145737250805,0.002688612762163034,1.0,skin_melanoma,xenium_human_skin_melanoma,4,382
14,random,4,0,0.3127464371609781,839,0.11086087499753239,0.02226937395511097,1.0,skin_melanoma,xenium_human_skin_melanoma,4,382
14,random,4,1,0.2982904560273329,839,0.10994268315247657,0.01821814095963059,1.0,skin_melanoma,xenium_human_skin_melanoma,4,382
14,random,4,2,0.14218415317054098,839,0.04405103620948436,0.010168074316079356,1.0,skin_melanoma,xenium_human_skin_melanoma,4,382
14,random,4,3,0.1505439868684253,839,0.028418407718730165,0.005320420291741623,1.0,skin_melanoma,xenium_human_skin_melanoma,4,382
15,program,4,0,0.369479807700131,839,0.1129446780671135,0.02939790607459991,1.0,skin_melanoma,xenium_human_skin_melanoma,4,382
15,program,4,1,0.26325975003024776,839,0.077549049051723,0.01816918054397021,1.0,skin_melanoma,xenium_human_skin_melanoma,4,382
15,program,4,2,0.9857480947503988,839,0.24610893738798334,0.062034925156209786,1.0,skin_melanoma,xenium_human_skin_melanoma,4,382
15,program,4,3,0.13074531491170074,839,0.022192900959538964,0.0042133547925621295,1.0,skin_melanoma,xenium_human_skin_melanoma,4,382
16,random,8,0,0.3765024998184098,839,0.08700214865171407,0.020094289497395224,1.0,skin_melanoma,xenium_human_skin_melanoma,4,382
16,random,8,1,0.33477902501500645,839,0.0672369894650553,0.01718335772391999,1.0,skin_melanoma,xenium_human_skin_melanoma,4,382
16,random,8,2,0.22476789341824388,839,0.033123192030282134,0.009863468511208673,1.0,skin_melanoma,xenium_human_skin_melanoma,4,382
16,random,8,3,0.2049710648786737,839,0.031808967010587,0.00718030812511028,1.0,skin_melanoma,xenium_human_skin_melanoma,4,382
17,program,8,0,1.744687491068681,839,0.6358447998904935,0.11018113501900562,1.0,skin_melanoma,xenium_human_skin_melanoma,4,382
17,program,8,1,0.7007966883062563,839,0.17213086744171857,0.032127799879079044,1.0,skin_melanoma,xenium_human_skin_melanoma,4,382
17,program,8,2,0.3739768578415331,839,0.10195625256459295,0.018047821405353215,1.0,skin_melanoma,xenium_human_skin_melanoma,4,382
17,program,8,3,0.20447646711866943,839,0.018911251742306234,0.005717490883909493,1.0,skin_melanoma,xenium_human_skin_melanoma,4,382
18,random,16,0,0.6136893649342136,839,0.08275531706656292,0.023322515524869303,1.0,skin_melanoma,xenium_human_skin_melanoma,4,382
18,random,16,1,0.5558611167897233,839,0.07342940646358986,0.0198606225872362,1.0,skin_melanoma,xenium_human_skin_melanoma,4,382
18,random,16,2,0.3292979336883343,839,0.05659067902298176,0.01424609957343348,1.0,skin_melanoma,xenium_human_skin_melanoma,4,382
18,random,16,3,0.4410714130976364,839,0.057503875502188606,0.0072142158273988954,1.0,skin_melanoma,xenium_human_skin_melanoma,4,382
19,program,16,0,3.152157946555505,839,0.49463607508618423,0.09118170548150584,1.0,skin_melanoma,xenium_human_skin_melanoma,4,382
19,program,16,1,2.993825256832418,839,0.44584891531890847,0.09908341237119833,1.0,skin_melanoma,xenium_human_skin_melanoma,4,382
19,program,16,2,1.7830608908140761,839,0.3820804562543687,0.06575115918612218,1.0,skin_melanoma,xenium_human_skin_melanoma,4,382
19,program,16,3,0.2580645690564848,839,0.006861259053152047,0.0017607153616401305,1.0,skin_melanoma,xenium_human_skin_melanoma,4,382
