max_pts,seed,direction,arm,query,rank,index_tile,d,matched,focal_class,query_frac,hit_frac,section_frac
2000,0,v2x,global,23,1,52,0.3134853118818185,False,DCIS,0.9333333333333332,0.3283847980997624,0.12359065273870314
2000,0,v2x,global,23,2,25,0.3914818821932564,True,DCIS,0.9333333333333332,0.4920049200492005,0.12359065273870314
2000,0,v2x,global,23,3,54,0.4048891360170759,False,DCIS,0.9333333333333332,0.3866587957497048,0.12359065273870314
2000,0,v2x,global,23,4,60,0.4113818536649193,False,DCIS,0.9333333333333332,0.482273494653911,0.12359065273870314
2000,0,v2x,global,23,5,21,0.4144394237487934,False,DCIS,0.9333333333333332,0.5244988864142539,0.12359065273870314
2000,0,v2x,global,23,6,91,0.4191337913935666,False,DCIS,0.9333333333333332,0.0236753100338218,0.12359065273870314
2000,0,v2x,global,23,7,159,0.4224316419033191,False,DCIS,0.9333333333333332,0.0517241379310344,0.12359065273870314
2000,0,v2x,global,23,8,23,0.4225123419900353,False,DCIS,0.9333333333333332,0.3959810874704492,0.12359065273870314
2000,0,v2x,global,23,9,34,0.4311677937863314,False,DCIS,0.9333333333333332,0.3602015113350126,0.12359065273870314
2000,0,v2x,global,23,10,46,0.4470010873097658,False,DCIS,0.9333333333333332,0.4583333333333333,0.12359065273870314
