method,query_idx,Dataset,spindle_time_ms,bf_time_ms,speedup,exact_best_dist,spindle_best_dist,spindle_best_rank,recall_at_eps_0.1,overlap_at_eps_0.1,recall_at_eps_0.25,overlap_at_eps_0.25,recall_at_eps_0.5,overlap_at_eps_0.5,recall_at_eps_1.0,overlap_at_eps_1.0
spindle,0,xenium_human_lymph_node_5k,11279.8986,812748.4158,72.05,42.6331,42.6331,1,1,1.0,1,1.0,1,1.0,1,1.0
spindle,1,xenium_human_lymph_node_5k,11185.8974,814155.534,72.78,38.7821,38.7821,1,1,1.0,1,1.0,1,1.0,1,1.0
spindle,2,xenium_human_lymph_node_5k,11191.1618,804349.1107,71.87,39.8247,39.8247,1,1,1.0,1,1.0,1,0.9722,1,0.9415
spindle,3,xenium_human_lymph_node_5k,11134.4222,813083.9337,73.02,43.2912,43.2912,1,1,1.0,1,1.0,1,1.0,1,0.9924
spindle,4,xenium_human_lymph_node_5k,11125.7247,809531.3083,72.76,41.3591,41.3591,1,1,1.0,1,1.0,1,1.0,1,0.9048
spindle,5,xenium_human_lymph_node_5k,12106.9608,808120.2257,66.75,46.6609,46.6609,1,1,1.0,1,1.0,1,1.0,1,0.9457
spindle,6,xenium_human_lymph_node_5k,12077.6851,810762.8605,67.13,44.5374,44.5374,1,1,1.0,1,1.0,1,1.0,1,0.9718
spindle,7,xenium_human_lymph_node_5k,12773.1394,806362.8918,63.13,40.4254,40.4254,1,1,1.0,1,1.0,1,1.0,1,0.9474
spindle,8,xenium_human_lymph_node_5k,13160.58,805007.7664,61.17,44.8326,44.8326,1,1,1.0,1,1.0,1,1.0,1,1.0
spindle,9,xenium_human_lymph_node_5k,12819.4746,807404.0962,62.98,35.6259,35.6259,1,1,1.0,1,1.0,1,1.0,1,1.0
spindle,10,xenium_human_lymph_node_5k,14123.3813,803692.6022,56.91,34.8004,34.8004,1,1,1.0,1,1.0,1,1.0,1,1.0
spindle,11,xenium_human_lymph_node_5k,13343.7799,816526.3815,61.19,46.9975,46.9975,1,1,1.0,1,1.0,1,1.0,1,1.0
spindle,12,xenium_human_lymph_node_5k,13350.9785,808550.5627,60.56,39.2512,39.2512,1,1,1.0,1,1.0,1,1.0,1,1.0
spindle,13,xenium_human_lymph_node_5k,13446.707,795485.9171,59.16,62.248,62.248,1,1,1.0,1,1.0,1,1.0,1,0.9412
spindle,14,xenium_human_lymph_node_5k,13287.9853,808100.8471,60.81,44.1599,44.1599,1,1,1.0,1,1.0,1,0.9091,1,0.9388
spindle,15,xenium_human_lymph_node_5k,13304.4898,785719.8426,59.06,112.8884,112.8884,1,1,1.0,1,1.0,1,0.4,1,0.5
spindle,16,xenium_human_lymph_node_5k,13384.3082,810034.1143,60.52,40.0715,40.0715,1,1,1.0,1,1.0,1,1.0,1,0.9873
spindle,17,xenium_human_lymph_node_5k,13398.5432,809902.6932,60.45,38.6203,38.6203,1,1,1.0,1,1.0,1,1.0,1,1.0
spindle,18,xenium_human_lymph_node_5k,13226.5031,821059.166,62.08,43.9559,43.9559,1,1,1.0,1,1.0,1,1.0,1,1.0
spindle,19,xenium_human_lymph_node_5k,13794.6965,807817.1306,58.56,39.989,39.989,1,1,1.0,1,1.0,1,0.9783,1,0.9355
spindle,20,xenium_human_lymph_node_5k,13334.1984,807405.9149,60.55,40.4177,40.4177,1,1,1.0,1,1.0,1,1.0,1,0.9673
spindle,21,xenium_human_lymph_node_5k,13264.1929,812816.4647,61.28,44.4842,44.4842,1,1,1.0,1,1.0,1,1.0,1,0.9524
spindle,22,xenium_human_lymph_node_5k,13405.1715,738302.6206,55.08,51.4956,51.4956,1,1,1.0,1,1.0,1,1.0,1,0.9431
spindle,23,xenium_human_lymph_node_5k,13378.2428,811940.5061,60.69,38.1054,38.1054,1,1,1.0,1,1.0,1,1.0,1,1.0
spindle,24,xenium_human_lymph_node_5k,13136.3941,811226.2647,61.75,42.1961,42.1961,1,1,1.0,1,1.0,1,1.0,1,0.9757
spindle,25,xenium_human_lymph_node_5k,13314.9517,819984.3014,61.58,39.5315,39.5315,1,1,1.0,1,1.0,1,1.0,1,1.0
spindle,26,xenium_human_lymph_node_5k,13159.439,812296.5688,61.73,42.5465,42.5465,1,1,1.0,1,1.0,1,1.0,1,0.9888
spindle,27,xenium_human_lymph_node_5k,13291.8711,808600.7365,60.83,45.4232,45.4232,1,1,1.0,1,1.0,1,1.0,1,0.9836
spindle,28,xenium_human_lymph_node_5k,13310.3407,811058.0674,60.93,38.9209,38.9209,1,1,1.0,1,1.0,1,1.0,1,0.9667
spindle,29,xenium_human_lymph_node_5k,13231.3562,815247.5814,61.61,43.6034,43.6034,1,1,1.0,1,1.0,1,1.0,1,0.9956
spindle,30,xenium_human_lymph_node_5k,13265.4266,803056.2354,60.54,36.8124,36.8124,1,1,1.0,1,1.0,1,1.0,1,1.0
spindle,31,xenium_human_lymph_node_5k,14012.9345,814624.2089,58.13,39.9622,39.9622,1,1,1.0,1,1.0,1,1.0,1,1.0
spindle,32,xenium_human_lymph_node_5k,13268.575,816067.14,61.5,40.3941,40.3941,1,1,1.0,1,1.0,1,1.0,1,0.9766
spindle,33,xenium_human_lymph_node_5k,13436.9983,807880.9978,60.12,40.6126,40.6126,1,1,1.0,1,1.0,1,1.0,1,1.0
spindle,34,xenium_human_lymph_node_5k,13525.195,813508.7526,60.15,49.0447,49.0447,1,1,1.0,1,1.0,1,1.0,1,0.9342
spindle,35,xenium_human_lymph_node_5k,13279.3253,731215.7546,55.06,50.5771,50.5771,1,1,1.0,1,1.0,1,1.0,1,1.0
spindle,36,xenium_human_lymph_node_5k,13368.5815,814097.4241,60.9,46.073,46.073,1,1,1.0,1,1.0,1,1.0,1,0.9658
spindle,37,xenium_human_lymph_node_5k,13206.1829,811717.9629,61.46,40.7694,40.7694,1,1,1.0,1,1.0,1,1.0,1,0.9935
spindle,38,xenium_human_lymph_node_5k,13295.9648,807480.5065,60.73,49.1893,49.1893,1,1,1.0,1,1.0,1,1.0,1,1.0
spindle,39,xenium_human_lymph_node_5k,14059.2916,820961.5492,58.39,43.4411,43.4411,1,1,1.0,1,1.0,1,0.9767,1,0.9224
spindle,40,xenium_human_lymph_node_5k,13294.1014,811393.7559,61.03,41.4407,41.4407,1,1,1.0,1,1.0,1,1.0,1,0.9342
spindle,41,xenium_human_lymph_node_5k,13432.0688,808606.096,60.2,39.4395,39.4395,1,1,1.0,1,1.0,1,1.0,1,0.9825
spindle,42,xenium_human_lymph_node_5k,13312.8364,797613.1974,59.91,71.2755,71.2755,1,1,1.0,1,1.0,1,1.0,1,1.0
spindle,43,xenium_human_lymph_node_5k,13745.7014,814571.0022,59.26,38.0897,38.0897,1,1,1.0,1,1.0,1,1.0,1,0.9875
spindle,44,xenium_human_lymph_node_5k,13513.168,806858.844,59.71,49.3122,49.3122,1,1,1.0,1,1.0,1,1.0,1,0.9879
spindle,45,xenium_human_lymph_node_5k,13351.8722,811240.8238,60.76,40.0525,40.0525,1,1,1.0,1,1.0,1,1.0,1,0.9252
spindle,46,xenium_human_lymph_node_5k,13252.7745,814928.0646,61.49,44.7515,44.7515,1,1,1.0,1,1.0,1,1.0,1,0.9913
spindle,47,xenium_human_lymph_node_5k,13282.5952,816526.5694,61.47,44.1463,44.1463,1,1,1.0,1,1.0,1,1.0,1,0.9766
spindle,48,xenium_human_lymph_node_5k,14050.3655,812293.5626,57.81,37.242,37.242,1,1,1.0,1,1.0,1,1.0,1,1.0
spindle,49,xenium_human_lymph_node_5k,13548.7356,817806.6641,60.36,46.3686,46.3686,1,1,1.0,1,1.0,1,1.0,1,0.9872
spindle,50,xenium_human_lymph_node_5k,13603.0547,823463.3752,60.54,41.9885,41.9885,1,1,1.0,1,1.0,1,1.0,1,0.9894
spindle,51,xenium_human_lymph_node_5k,13762.2626,818015.0494,59.44,44.266,44.266,1,1,1.0,1,1.0,1,1.0,1,0.9717
spindle,52,xenium_human_lymph_node_5k,13515.0709,805743.4685,59.62,53.3373,53.3373,1,1,1.0,1,1.0,1,1.0,1,0.9286
spindle,53,xenium_human_lymph_node_5k,13482.9014,819618.7661,60.79,40.4751,40.4751,1,1,1.0,1,1.0,1,1.0,1,0.9884
spindle,54,xenium_human_lymph_node_5k,14251.8267,813099.0284,57.05,43.4184,43.4184,1,1,1.0,1,1.0,1,1.0,1,0.9661
spindle,55,xenium_human_lymph_node_5k,13617.4913,820838.795,60.28,40.3852,40.3852,1,1,1.0,1,1.0,1,1.0,1,0.9867
spindle,56,xenium_human_lymph_node_5k,14464.4158,828273.3995,57.26,42.359,42.359,1,1,1.0,1,1.0,1,1.0,1,0.9797
spindle,57,xenium_human_lymph_node_5k,13696.4422,818357.5387,59.75,39.8884,39.8884,1,1,1.0,1,1.0,1,1.0,1,0.987
spindle,58,xenium_human_lymph_node_5k,13759.2629,818720.6636,59.5,40.8245,40.8245,1,1,1.0,1,1.0,1,1.0,1,0.9924
spindle,59,xenium_human_lymph_node_5k,13557.8277,824440.1888,60.81,45.8127,45.8127,1,1,1.0,1,1.0,1,1.0,1,1.0
spindle,60,xenium_human_lymph_node_5k,13607.6053,813681.3269,59.8,37.5227,37.5227,1,1,1.0,1,1.0,1,1.0,1,1.0
spindle,61,xenium_human_lymph_node_5k,13680.4484,814072.8902,59.51,43.4242,43.4242,1,1,1.0,1,1.0,1,1.0,1,0.9926
spindle,62,xenium_human_lymph_node_5k,13688.0611,817652.6353,59.73,34.6775,34.6775,1,1,1.0,1,1.0,1,1.0,1,1.0
spindle,63,xenium_human_lymph_node_5k,13677.7607,824979.8555,60.32,41.0529,41.0529,1,1,1.0,1,1.0,1,1.0,1,1.0
spindle,64,xenium_human_lymph_node_5k,13477.5314,817293.7368,60.64,40.8857,40.8857,1,1,1.0,1,1.0,1,1.0,1,1.0
spindle,65,xenium_human_lymph_node_5k,13469.496,811937.1875,60.28,53.5285,53.5285,1,1,1.0,1,1.0,1,1.0,1,1.0
spindle,66,xenium_human_lymph_node_5k,13480.2859,829345.1634,61.52,38.36,38.36,1,1,1.0,1,1.0,1,1.0,1,1.0
spindle,67,xenium_human_lymph_node_5k,13278.4581,821112.1046,61.84,39.9691,39.9691,1,1,1.0,1,1.0,1,1.0,1,0.9588
spindle,68,xenium_human_lymph_node_5k,14310.0897,819491.0497,57.27,50.075,50.075,1,1,1.0,1,1.0,1,1.0,1,1.0
spindle,69,xenium_human_lymph_node_5k,13376.183,820472.4153,61.34,40.6889,40.6889,1,1,1.0,1,1.0,1,1.0,1,0.9845
spindle,70,xenium_human_lymph_node_5k,13818.364,826075.6968,59.78,40.9549,40.9549,1,1,1.0,1,1.0,1,1.0,1,1.0
spindle,71,xenium_human_lymph_node_5k,13190.1337,821820.0806,62.31,52.0098,52.0098,1,1,1.0,1,1.0,1,1.0,1,1.0
spindle,72,xenium_human_lymph_node_5k,13137.9313,817171.8019,62.2,46.1679,46.1679,1,1,1.0,1,1.0,1,0.9474,1,0.8839
spindle,73,xenium_human_lymph_node_5k,13218.13,825582.9274,62.46,45.0301,45.0301,1,1,1.0,1,1.0,1,1.0,1,0.9851
spindle,74,xenium_human_lymph_node_5k,13275.975,815594.7763,61.43,42.7135,42.7135,1,1,1.0,1,1.0,1,1.0,1,0.9783
spindle,75,xenium_human_lymph_node_5k,13296.7287,820521.4938,61.71,39.3947,39.3947,1,1,1.0,1,1.0,1,1.0,1,0.9692
spindle,76,xenium_human_lymph_node_5k,13552.7503,825232.0526,60.89,48.1878,48.1878,1,1,1.0,1,1.0,1,1.0,1,0.9818
spindle,77,xenium_human_lymph_node_5k,13506.5684,831598.6927,61.57,42.0369,42.0369,1,1,1.0,1,1.0,1,1.0,1,0.9736
spindle,78,xenium_human_lymph_node_5k,13464.5042,813517.1325,60.42,44.6918,44.6918,1,1,1.0,1,1.0,1,1.0,1,0.9667
spindle,79,xenium_human_lymph_node_5k,13434.3535,816466.505,60.77,58.1469,58.1469,1,1,1.0,1,1.0,1,1.0,1,0.9595
spindle,80,xenium_human_lymph_node_5k,14073.946,826275.471,58.71,51.9686,51.9686,1,1,1.0,1,1.0,1,1.0,1,1.0
spindle,81,xenium_human_lymph_node_5k,13476.16,822734.793,61.05,38.1863,38.1863,1,1,1.0,1,1.0,1,1.0,1,0.9896
spindle,82,xenium_human_lymph_node_5k,13446.4722,822599.2413,61.18,38.3783,38.3783,1,1,1.0,1,1.0,1,1.0,1,0.9935
spindle,83,xenium_human_lymph_node_5k,13358.7308,821223.9641,61.47,39.1131,39.1131,1,1,1.0,1,1.0,1,1.0,1,0.9767
spindle,84,xenium_human_lymph_node_5k,13429.1439,823912.9909,61.35,39.3335,39.3335,1,1,1.0,1,1.0,1,1.0,1,0.9808
spindle,85,xenium_human_lymph_node_5k,14160.0875,821054.7851,57.98,49.1183,49.1183,1,1,1.0,1,1.0,1,1.0,1,0.9924
spindle,86,xenium_human_lymph_node_5k,13556.5042,817845.2488,60.33,44.0384,44.0384,1,1,1.0,1,1.0,1,1.0,1,1.0
spindle,87,xenium_human_lymph_node_5k,13468.4144,820124.6391,60.89,36.3516,36.3516,1,1,1.0,1,1.0,1,1.0,1,1.0
spindle,88,xenium_human_lymph_node_5k,13284.0418,828568.7043,62.37,37.9209,37.9209,1,1,1.0,1,1.0,1,1.0,1,1.0
spindle,89,xenium_human_lymph_node_5k,13369.2308,814946.0913,60.96,40.2708,40.2708,1,1,1.0,1,1.0,1,1.0,1,1.0
spindle,90,xenium_human_lymph_node_5k,13351.7981,828005.7951,62.01,44.3607,44.3607,1,1,1.0,1,1.0,1,1.0,1,1.0
spindle,91,xenium_human_lymph_node_5k,14070.6941,823013.5904,58.49,42.2364,42.2364,1,1,1.0,1,1.0,1,1.0,1,0.9799
spindle,92,xenium_human_lymph_node_5k,14170.4911,817834.6824,57.71,41.6684,41.6684,1,1,1.0,1,1.0,1,1.0,1,1.0
spindle,93,xenium_human_lymph_node_5k,13755.8361,831727.8849,60.46,44.1314,44.1314,1,1,1.0,1,1.0,1,1.0,1,0.9824
spindle,94,xenium_human_lymph_node_5k,13803.0357,820136.1265,59.42,53.0288,53.0288,1,1,1.0,1,1.0,1,1.0,1,0.9759
spindle,95,xenium_human_lymph_node_5k,13788.4184,819122.0519,59.41,44.9732,44.9732,1,1,1.0,1,1.0,1,1.0,1,0.9898
spindle,96,xenium_human_lymph_node_5k,13866.847,823175.1476,59.36,38.1557,38.1557,1,1,1.0,1,1.0,1,1.0,1,1.0
spindle,97,xenium_human_lymph_node_5k,13660.1996,824004.3447,60.32,41.4088,41.4088,1,1,1.0,1,1.0,1,1.0,1,0.9888
spindle,98,xenium_human_lymph_node_5k,13573.3198,819545.2527,60.38,41.2479,41.2479,1,1,1.0,1,1.0,1,1.0,1,0.9921
spindle,99,xenium_human_lymph_node_5k,15198.7539,817033.6362,53.76,41.1766,41.1766,1,1,1.0,1,1.0,1,1.0,1,0.978
flat,0,xenium_human_lymph_node_5k,1753.618,812748.4158,463.47,42.6331,62.0187,3843,0,0.0,0,0.0,0,0.0,0,0.0
flat,1,xenium_human_lymph_node_5k,1577.7763,814155.534,516.01,38.7821,61.4896,5950,0,0.0,0,0.0,0,0.0,0,0.0
flat,2,xenium_human_lymph_node_5k,1443.2949,804349.1107,557.3,39.8247,60.7389,5339,0,0.0,0,0.0,0,0.0,0,0.0
flat,3,xenium_human_lymph_node_5k,1497.9464,813083.9337,542.8,43.2912,64.8915,5631,0,0.0,0,0.0,0,0.0,0,0.0
flat,4,xenium_human_lymph_node_5k,1784.495,809531.3083,453.65,41.3591,65.8301,4830,0,0.0,0,0.0,0,0.0,0,0.0
flat,5,xenium_human_lymph_node_5k,1798.6928,808120.2257,449.28,46.6609,66.9557,3927,0,0.0,0,0.0,0,0.0,0,0.0
flat,6,xenium_human_lymph_node_5k,1813.4806,810762.8605,447.08,44.5374,68.4767,6166,0,0.0,0,0.0,0,0.0,0,0.0
flat,7,xenium_human_lymph_node_5k,1598.1199,806362.8918,504.57,40.4254,70.7952,5987,0,0.0,0,0.0,0,0.0,0,0.0
flat,8,xenium_human_lymph_node_5k,1412.722,805007.7664,569.83,44.8326,76.6681,5664,0,0.0,0,0.0,0,0.0,0,0.0
flat,9,xenium_human_lymph_node_5k,1402.9689,807404.0962,575.5,35.6259,54.4537,4603,0,0.0,0,0.0,0,0.0,0,0.0
flat,10,xenium_human_lymph_node_5k,1406.7468,803692.6022,571.31,34.8004,58.92,5373,0,0.0,0,0.0,0,0.0,0,0.0
flat,11,xenium_human_lymph_node_5k,1349.7976,816526.3815,604.93,46.9975,66.8235,4887,0,0.0,0,0.0,0,0.0,0,0.0
flat,12,xenium_human_lymph_node_5k,1299.2309,808550.5627,622.33,39.2512,65.0892,5372,0,0.0,0,0.0,0,0.0,0,0.0
flat,13,xenium_human_lymph_node_5k,1297.1171,795485.9171,613.27,62.248,89.513,4315,0,0.0,0,0.0,0,0.0,0,0.0
flat,14,xenium_human_lymph_node_5k,1286.3137,808100.8471,628.23,44.1599,68.9001,5169,0,0.0,0,0.0,0,0.0,0,0.0
flat,15,xenium_human_lymph_node_5k,1314.5032,785719.8426,597.73,112.8884,127.8933,1344,0,0.0,0,0.0,0,0.0,0,0.0
flat,16,xenium_human_lymph_node_5k,1541.2903,810034.1143,525.56,40.0715,61.9877,5785,0,0.0,0,0.0,0,0.0,0,0.0
flat,17,xenium_human_lymph_node_5k,1625.233,809902.6932,498.33,38.6203,62.0917,5917,0,0.0,0,0.0,0,0.0,0,0.0
flat,18,xenium_human_lymph_node_5k,1615.686,821059.166,508.18,43.9559,61.3218,4281,0,0.0,0,0.0,0,0.0,0,0.0
flat,19,xenium_human_lymph_node_5k,1557.3149,807817.1306,518.72,39.989,57.7419,5089,0,0.0,0,0.0,0,0.0,0,0.0
flat,20,xenium_human_lymph_node_5k,1431.2802,807405.9149,564.11,40.4177,63.4121,6180,0,0.0,0,0.0,0,0.0,0,0.0
flat,21,xenium_human_lymph_node_5k,1418.2693,812816.4647,573.1,44.4842,67.5034,6187,0,0.0,0,0.0,0,0.0,0,0.0
flat,22,xenium_human_lymph_node_5k,1434.5224,738302.6206,514.67,51.4956,74.5896,4954,0,0.0,0,0.0,0,0.0,0,0.0
flat,23,xenium_human_lymph_node_5k,1399.8106,811940.5061,580.04,38.1054,65.7814,5541,0,0.0,0,0.0,0,0.0,0,0.0
flat,24,xenium_human_lymph_node_5k,1417.975,811226.2647,572.1,42.1961,62.5408,5704,0,0.0,0,0.0,0,0.0,0,0.0
flat,25,xenium_human_lymph_node_5k,1777.5882,819984.3014,461.29,39.5315,63.2748,6123,0,0.0,0,0.0,0,0.0,0,0.0
flat,26,xenium_human_lymph_node_5k,2212.0005,812296.5688,367.22,42.5465,65.8518,6138,0,0.0,0,0.0,0,0.0,0,0.0
flat,27,xenium_human_lymph_node_5k,2089.7067,808600.7365,386.94,45.4232,67.3076,5194,0,0.0,0,0.0,0,0.0,0,0.0
flat,28,xenium_human_lymph_node_5k,2100.0533,811058.0674,386.21,38.9209,65.6298,6170,0,0.0,0,0.0,0,0.0,0,0.0
flat,29,xenium_human_lymph_node_5k,2042.9174,815247.5814,399.06,43.6034,65.5954,5686,0,0.0,0,0.0,0,0.0,0,0.0
flat,30,xenium_human_lymph_node_5k,1703.642,803056.2354,471.38,36.8124,58.8668,5117,0,0.0,0,0.0,0,0.0,0,0.0
flat,31,xenium_human_lymph_node_5k,1697.0509,814624.2089,480.02,39.9622,62.5446,5787,0,0.0,0,0.0,0,0.0,0,0.0
flat,32,xenium_human_lymph_node_5k,1657.5281,816067.14,492.34,40.3941,63.8569,6130,0,0.0,0,0.0,0,0.0,0,0.0
flat,33,xenium_human_lymph_node_5k,1518.3837,807880.9978,532.07,40.6126,61.9585,5524,0,0.0,0,0.0,0,0.0,0,0.0
flat,34,xenium_human_lymph_node_5k,1493.6567,813508.7526,544.64,49.0447,72.981,6282,0,0.0,0,0.0,0,0.0,0,0.0
flat,35,xenium_human_lymph_node_5k,1448.4142,731215.7546,504.84,50.5771,68.4545,2966,0,0.0,0,0.0,0,0.0,0,0.0
flat,36,xenium_human_lymph_node_5k,1460.2319,814097.4241,557.51,46.073,65.987,4528,0,0.0,0,0.0,0,0.0,0,0.0
flat,37,xenium_human_lymph_node_5k,1473.6552,811717.9629,550.82,40.7694,64.9838,6101,0,0.0,0,0.0,0,0.0,0,0.0
flat,38,xenium_human_lymph_node_5k,1513.7837,807480.5065,533.42,49.1893,68.6034,3919,0,0.0,0,0.0,0,0.0,0,0.0
flat,39,xenium_human_lymph_node_5k,1595.5468,820961.5492,514.53,43.4411,63.8404,5452,0,0.0,0,0.0,0,0.0,0,0.0
flat,40,xenium_human_lymph_node_5k,1377.6564,811393.7559,588.97,41.4407,64.0966,5759,0,0.0,0,0.0,0,0.0,0,0.0
flat,41,xenium_human_lymph_node_5k,1364.1739,808606.096,592.74,39.4395,59.7141,5299,0,0.0,0,0.0,0,0.0,0,0.0
flat,42,xenium_human_lymph_node_5k,1326.1123,797613.1974,601.47,71.2755,95.9561,2547,0,0.0,0,0.0,0,0.0,0,0.0
flat,43,xenium_human_lymph_node_5k,1312.0635,814571.0022,620.83,38.0897,60.1148,5828,0,0.0,0,0.0,0,0.0,0,0.0
flat,44,xenium_human_lymph_node_5k,1332.6695,806858.844,605.45,49.3122,68.2589,4251,0,0.0,0,0.0,0,0.0,0,0.0
flat,45,xenium_human_lymph_node_5k,1315.5257,811240.8238,616.67,40.0525,62.0788,5578,0,0.0,0,0.0,0,0.0,0,0.0
flat,46,xenium_human_lymph_node_5k,1334.4846,814928.0646,610.67,44.7515,65.3783,5558,0,0.0,0,0.0,0,0.0,0,0.0
flat,47,xenium_human_lymph_node_5k,1363.682,816526.5694,598.77,44.1463,62.6085,4032,0,0.0,0,0.0,0,0.0,0,0.0
flat,48,xenium_human_lymph_node_5k,1242.7532,812293.5626,653.62,37.242,65.6368,6231,0,0.0,0,0.0,0,0.0,0,0.0
flat,49,xenium_human_lymph_node_5k,1189.0627,817806.6641,687.77,46.3686,61.7616,2646,0,0.0,0,0.0,0,0.0,0,0.0
flat,50,xenium_human_lymph_node_5k,1238.3669,823463.3752,664.96,41.9885,63.8074,5361,0,0.0,0,0.0,0,0.0,0,0.0
flat,51,xenium_human_lymph_node_5k,1197.5065,818015.0494,683.1,44.266,65.2517,4489,0,0.0,0,0.0,0,0.0,0,0.0
flat,52,xenium_human_lymph_node_5k,1186.3772,805743.4685,679.16,53.3373,78.2579,3629,0,0.0,0,0.0,0,0.0,0,0.0
flat,53,xenium_human_lymph_node_5k,1203.3692,819618.7661,681.1,40.4751,60.9025,4794,0,0.0,0,0.0,0,0.0,0,0.0
flat,54,xenium_human_lymph_node_5k,1232.6041,813099.0284,659.66,43.4184,61.4307,4979,0,0.0,0,0.0,0,0.0,0,0.0
flat,55,xenium_human_lymph_node_5k,1199.3164,820838.795,684.42,40.3852,61.7541,5944,0,0.0,0,0.0,0,0.0,0,0.0
flat,56,xenium_human_lymph_node_5k,1203.4116,828273.3995,688.27,42.359,67.0089,6080,0,0.0,0,0.0,0,0.0,0,0.0
flat,57,xenium_human_lymph_node_5k,1287.3539,818357.5387,635.69,39.8884,65.3692,6055,0,0.0,0,0.0,0,0.0,0,0.0
flat,58,xenium_human_lymph_node_5k,1341.7815,818720.6636,610.17,40.8245,62.2655,5887,0,0.0,0,0.0,0,0.0,0,0.0
flat,59,xenium_human_lymph_node_5k,1317.4706,824440.1888,625.78,45.8127,70.1261,6173,0,0.0,0,0.0,0,0.0,0,0.0
flat,60,xenium_human_lymph_node_5k,1336.3362,813681.3269,608.89,37.5227,63.4598,4779,0,0.0,0,0.0,0,0.0,0,0.0
flat,61,xenium_human_lymph_node_5k,1340.4033,814072.8902,607.33,43.4242,63.5737,5678,0,0.0,0,0.0,0,0.0,0,0.0
flat,62,xenium_human_lymph_node_5k,1309.0408,817652.6353,624.62,34.6775,57.027,3869,0,0.0,0,0.0,0,0.0,0,0.0
flat,63,xenium_human_lymph_node_5k,1348.3437,824979.8555,611.85,41.0529,63.9006,5536,0,0.0,0,0.0,0,0.0,0,0.0
flat,64,xenium_human_lymph_node_5k,1384.6874,817293.7368,590.24,40.8857,63.2422,5605,0,0.0,0,0.0,0,0.0,0,0.0
flat,65,xenium_human_lymph_node_5k,1323.1983,811937.1875,613.62,53.5285,73.9574,3066,0,0.0,0,0.0,0,0.0,0,0.0
flat,66,xenium_human_lymph_node_5k,1364.5854,829345.1634,607.76,38.36,66.171,6426,0,0.0,0,0.0,0,0.0,0,0.0
flat,67,xenium_human_lymph_node_5k,1226.58,821112.1046,669.43,39.9691,60.4766,5434,0,0.0,0,0.0,0,0.0,0,0.0
flat,68,xenium_human_lymph_node_5k,1203.4234,819491.0497,680.97,50.075,81.4098,5218,0,0.0,0,0.0,0,0.0,0,0.0
flat,69,xenium_human_lymph_node_5k,1194.8218,820472.4153,686.69,40.6889,59.8908,5355,0,0.0,0,0.0,0,0.0,0,0.0
flat,70,xenium_human_lymph_node_5k,1194.0074,826075.6968,691.85,40.9549,65.0611,6199,0,0.0,0,0.0,0,0.0,0,0.0
flat,71,xenium_human_lymph_node_5k,1211.3545,821820.0806,678.43,52.0098,73.2345,2886,0,0.0,0,0.0,0,0.0,0,0.0
flat,72,xenium_human_lymph_node_5k,1194.5429,817171.8019,684.09,46.1679,66.1173,5579,0,0.0,0,0.0,0,0.0,0,0.0
flat,73,xenium_human_lymph_node_5k,1206.5554,825582.9274,684.25,45.0301,67.4161,4671,0,0.0,0,0.0,0,0.0,0,0.0
flat,74,xenium_human_lymph_node_5k,1239.5626,815594.7763,657.97,42.7135,62.6456,4316,0,0.0,0,0.0,0,0.0,0,0.0
flat,75,xenium_human_lymph_node_5k,1330.5249,820521.4938,616.69,39.3947,60.6595,5758,0,0.0,0,0.0,0,0.0,0,0.0
flat,76,xenium_human_lymph_node_5k,1338.7819,825232.0526,616.41,48.1878,71.3438,5776,0,0.0,0,0.0,0,0.0,0,0.0
flat,77,xenium_human_lymph_node_5k,1342.2345,831598.6927,619.56,42.0369,63.5192,5924,0,0.0,0,0.0,0,0.0,0,0.0
flat,78,xenium_human_lymph_node_5k,1292.6155,813517.1325,629.36,44.6918,69.8686,6067,0,0.0,0,0.0,0,0.0,0,0.0
flat,79,xenium_human_lymph_node_5k,1326.4346,816466.505,615.53,58.1469,74.7199,4723,0,0.0,0,0.0,0,0.0,0,0.0
flat,80,xenium_human_lymph_node_5k,1302.096,826275.471,634.57,51.9686,69.0308,3616,0,0.0,0,0.0,0,0.0,0,0.0
flat,81,xenium_human_lymph_node_5k,1315.0187,822734.793,625.64,38.1863,62.5222,6095,0,0.0,0,0.0,0,0.0,0,0.0
flat,82,xenium_human_lymph_node_5k,1327.0709,822599.2413,619.86,38.3783,63.6944,6319,0,0.0,0,0.0,0,0.0,0,0.0
flat,83,xenium_human_lymph_node_5k,1349.7492,821223.9641,608.43,39.1131,59.2514,5792,0,0.0,0,0.0,0,0.0,0,0.0
flat,84,xenium_human_lymph_node_5k,1343.6955,823912.9909,613.17,39.3335,64.4972,5922,0,0.0,0,0.0,0,0.0,0,0.0
flat,85,xenium_human_lymph_node_5k,1192.8637,821054.7851,688.31,49.1183,69.7539,4735,0,0.0,0,0.0,0,0.0,0,0.0
flat,86,xenium_human_lymph_node_5k,1197.2983,817845.2488,683.08,44.0384,68.6835,5562,0,0.0,0,0.0,0,0.0,0,0.0
flat,87,xenium_human_lymph_node_5k,1216.7592,820124.6391,674.02,36.3516,61.4157,6167,0,0.0,0,0.0,0,0.0,0,0.0
flat,88,xenium_human_lymph_node_5k,1217.1767,828568.7043,680.73,37.9209,63.465,5952,0,0.0,0,0.0,0,0.0,0,0.0
flat,89,xenium_human_lymph_node_5k,1204.2827,814946.0913,676.71,40.2708,65.7037,5707,0,0.0,0,0.0,0,0.0,0,0.0
flat,90,xenium_human_lymph_node_5k,1226.5963,828005.7951,675.04,44.3607,64.6748,5071,0,0.0,0,0.0,0,0.0,0,0.0
flat,91,xenium_human_lymph_node_5k,1195.6727,823013.5904,688.33,42.2364,64.0273,5951,0,0.0,0,0.0,0,0.0,0,0.0
flat,92,xenium_human_lymph_node_5k,1293.754,817834.6824,632.14,41.6684,64.6929,5152,0,0.0,0,0.0,0,0.0,0,0.0
flat,93,xenium_human_lymph_node_5k,1353.228,831727.8849,614.63,44.1314,63.7039,5043,0,0.0,0,0.0,0,0.0,0,0.0
flat,94,xenium_human_lymph_node_5k,1298.881,820136.1265,631.42,53.0288,73.8593,3972,0,0.0,0,0.0,0,0.0,0,0.0
flat,95,xenium_human_lymph_node_5k,1328.9184,819122.0519,616.38,44.9732,65.6982,5627,0,0.0,0,0.0,0,0.0,0,0.0
flat,96,xenium_human_lymph_node_5k,1355.0028,823175.1476,607.51,38.1557,61.1651,5599,0,0.0,0,0.0,0,0.0,0,0.0
flat,97,xenium_human_lymph_node_5k,1320.0055,824004.3447,624.24,41.4088,63.0622,6020,0,0.0,0,0.0,0,0.0,0,0.0
flat,98,xenium_human_lymph_node_5k,1308.6097,819545.2527,626.27,41.2479,62.4155,5258,0,0.0,0,0.0,0,0.0,0,0.0
flat,99,xenium_human_lymph_node_5k,1313.8507,817033.6362,621.86,41.1766,62.6855,5911,0,0.0,0,0.0,0,0.0,0,0.0
hnsw,0,xenium_human_lymph_node_5k,113.1264,812748.4158,7184.43,42.6331,46.0299,26,0,0.0,0,0.0,0,0.0,1,0.0312
hnsw,1,xenium_human_lymph_node_5k,102.8067,814155.534,7919.28,38.7821,42.7241,160,0,0.0,0,0.0,0,0.0,0,0.0
hnsw,2,xenium_human_lymph_node_5k,101.6633,804349.1107,7911.89,39.8247,43.8368,262,0,0.0,0,0.0,0,0.0,0,0.0
hnsw,3,xenium_human_lymph_node_5k,103.2459,813083.9337,7875.22,43.2912,45.1898,18,0,0.0,0,0.0,0,0.0,1,0.0076
hnsw,4,xenium_human_lymph_node_5k,101.5041,809531.3083,7975.36,41.3591,46.5108,70,0,0.0,0,0.0,0,0.0,0,0.0
hnsw,5,xenium_human_lymph_node_5k,101.9846,808120.2257,7923.94,46.6609,50.0923,82,0,0.0,0,0.0,0,0.0,1,0.0109
hnsw,6,xenium_human_lymph_node_5k,102.7693,810762.8605,7889.16,44.5374,46.7655,30,0,0.0,0,0.0,0,0.0,1,0.0141
hnsw,7,xenium_human_lymph_node_5k,101.8977,806362.8918,7913.45,40.4254,43.8314,18,0,0.0,0,0.0,0,0.0,1,0.0526
hnsw,8,xenium_human_lymph_node_5k,101.8753,805007.7664,7901.9,44.8326,51.023,148,0,0.0,0,0.0,0,0.0,0,0.0
hnsw,9,xenium_human_lymph_node_5k,102.6725,807404.0962,7863.88,35.6259,39.4469,106,0,0.0,0,0.0,0,0.0,0,0.0
hnsw,10,xenium_human_lymph_node_5k,102.3828,803692.6022,7849.88,34.8004,40.5249,68,0,0.0,0,0.0,0,0.0,0,0.0
hnsw,11,xenium_human_lymph_node_5k,103.0289,816526.3815,7925.22,46.9975,49.3461,39,0,0.0,0,0.0,0,0.0,1,0.0079
hnsw,12,xenium_human_lymph_node_5k,106.7789,808550.5627,7572.19,39.2512,43.291,26,0,0.0,0,0.0,0,0.0,0,0.0
hnsw,13,xenium_human_lymph_node_5k,100.8785,795485.9171,7885.59,62.248,65.5202,11,0,0.0,0,0.0,0,0.0,1,0.1176
hnsw,14,xenium_human_lymph_node_5k,102.7624,808100.8471,7863.78,44.1599,47.2339,32,0,0.0,0,0.0,0,0.0,1,0.0408
hnsw,15,xenium_human_lymph_node_5k,99.3496,785719.8426,7908.64,112.8884,118.6745,73,0,0.0,0,0.0,0,0.0,0,0.0
hnsw,16,xenium_human_lymph_node_5k,103.0982,810034.1143,7856.92,40.0715,42.7832,64,0,0.0,0,0.0,0,0.0,1,0.0127
hnsw,17,xenium_human_lymph_node_5k,103.4354,809902.6932,7830.04,38.6203,40.5928,26,0,0.0,0,0.0,0,0.0,1,0.027
hnsw,18,xenium_human_lymph_node_5k,103.5377,821059.166,7930.05,43.9559,46.9977,112,0,0.0,0,0.0,0,0.0,0,0.0
hnsw,19,xenium_human_lymph_node_5k,102.2662,807817.1306,7899.16,39.989,42.0959,76,0,0.0,0,0.0,0,0.0,1,0.0161
hnsw,20,xenium_human_lymph_node_5k,102.4669,807405.9149,7879.68,40.4177,43.0817,56,0,0.0,0,0.0,0,0.0,1,0.0131
hnsw,21,xenium_human_lymph_node_5k,103.7311,812816.4647,7835.8,44.4842,47.6655,128,0,0.0,0,0.0,0,0.0,1,0.006
hnsw,22,xenium_human_lymph_node_5k,93.0602,738302.6206,7933.6,51.4956,54.7333,62,0,0.0,0,0.0,0,0.0,1,0.0244
hnsw,23,xenium_human_lymph_node_5k,103.0274,811940.5061,7880.82,38.1054,43.7647,42,0,0.0,0,0.0,0,0.0,0,0.0
hnsw,24,xenium_human_lymph_node_5k,103.1812,811226.2647,7862.16,42.1961,44.1542,54,0,0.0,0,0.0,0,0.0,1,0.0121
hnsw,25,xenium_human_lymph_node_5k,108.5208,819984.3014,7556.01,39.5315,43.5081,291,0,0.0,0,0.0,0,0.0,0,0.0
hnsw,26,xenium_human_lymph_node_5k,102.5556,812296.5688,7920.55,42.5465,45.8696,229,0,0.0,0,0.0,0,0.0,1,0.0074
hnsw,27,xenium_human_lymph_node_5k,102.6879,808600.7365,7874.36,45.4232,49.4183,157,0,0.0,0,0.0,0,0.0,0,0.0
hnsw,28,xenium_human_lymph_node_5k,102.2276,811058.0674,7933.85,38.9209,38.9209,1,1,0.25,1,0.1,1,0.0333,1,0.0167
hnsw,29,xenium_human_lymph_node_5k,102.7567,815247.5814,7933.76,43.6034,45.7931,62,0,0.0,0,0.0,0,0.0,1,0.0133
hnsw,30,xenium_human_lymph_node_5k,103.3425,803056.2354,7770.82,36.8124,41.0061,71,0,0.0,0,0.0,0,0.0,0,0.0
hnsw,31,xenium_human_lymph_node_5k,102.8186,814624.2089,7922.93,39.9622,43.4577,157,0,0.0,0,0.0,0,0.0,1,0.0063
hnsw,32,xenium_human_lymph_node_5k,103.2555,816067.14,7903.37,40.3941,42.9266,42,0,0.0,0,0.0,0,0.0,1,0.0156
hnsw,33,xenium_human_lymph_node_5k,103.4237,807880.9978,7811.37,40.6126,44.3421,75,0,0.0,0,0.0,0,0.0,0,0.0
hnsw,34,xenium_human_lymph_node_5k,104.0152,813508.7526,7821.05,49.0447,51.5028,46,0,0.0,0,0.0,0,0.0,1,0.0066
hnsw,35,xenium_human_lymph_node_5k,95.7886,731215.7546,7633.64,50.5771,54.2345,83,0,0.0,0,0.0,0,0.0,0,0.0
hnsw,36,xenium_human_lymph_node_5k,103.3297,814097.4241,7878.64,46.073,49.0123,66,0,0.0,0,0.0,0,0.0,1,0.0085
hnsw,37,xenium_human_lymph_node_5k,107.9191,811717.9629,7521.54,40.7694,43.8588,117,0,0.0,0,0.0,0,0.0,1,0.0065
hnsw,38,xenium_human_lymph_node_5k,102.6112,807480.5065,7869.32,49.1893,52.1349,42,0,0.0,0,0.0,0,0.0,1,0.0333
hnsw,39,xenium_human_lymph_node_5k,103.8137,820961.5492,7908.02,43.4411,46.5104,169,0,0.0,0,0.0,0,0.0,1,0.0122
hnsw,40,xenium_human_lymph_node_5k,103.2688,811393.7559,7857.1,41.4407,43.0743,10,0,0.0,0,0.0,1,0.0833,1,0.0132
hnsw,41,xenium_human_lymph_node_5k,107.9726,808606.096,7488.99,39.4395,42.3198,63,0,0.0,0,0.0,0,0.0,1,0.0175
hnsw,42,xenium_human_lymph_node_5k,100.891,797613.1974,7905.7,71.2755,73.5267,10,0,0.0,0,0.0,0,0.0,1,0.1034
hnsw,43,xenium_human_lymph_node_5k,103.1355,814571.0022,7898.07,38.0897,41.7639,92,0,0.0,0,0.0,0,0.0,0,0.0
hnsw,44,xenium_human_lymph_node_5k,102.6841,806858.844,7857.68,49.3122,53.5491,287,0,0.0,0,0.0,0,0.0,0,0.0
hnsw,45,xenium_human_lymph_node_5k,103.5165,811240.8238,7836.83,40.0525,42.2239,36,0,0.0,0,0.0,0,0.0,1,0.028
hnsw,46,xenium_human_lymph_node_5k,103.1044,814928.0646,7903.91,44.7515,48.4781,253,0,0.0,0,0.0,0,0.0,0,0.0
hnsw,47,xenium_human_lymph_node_5k,102.821,816526.5694,7941.24,44.1463,47.2363,92,0,0.0,0,0.0,0,0.0,1,0.0078
hnsw,48,xenium_human_lymph_node_5k,107.7018,812293.5626,7542.06,37.242,42.3034,100,0,0.0,0,0.0,0,0.0,0,0.0
hnsw,49,xenium_human_lymph_node_5k,108.0916,817806.6641,7565.86,46.3686,50.0454,91,0,0.0,0,0.0,0,0.0,0,0.0
hnsw,50,xenium_human_lymph_node_5k,104.3195,823463.3752,7893.66,41.9885,45.5857,97,0,0.0,0,0.0,0,0.0,0,0.0
hnsw,51,xenium_human_lymph_node_5k,103.7869,818015.0494,7881.68,44.266,48.4249,182,0,0.0,0,0.0,0,0.0,0,0.0
hnsw,52,xenium_human_lymph_node_5k,101.4731,805743.4685,7940.46,53.3373,57.9103,35,0,0.0,0,0.0,0,0.0,0,0.0
hnsw,53,xenium_human_lymph_node_5k,103.0769,819618.7661,7951.53,40.4751,43.6208,55,0,0.0,0,0.0,0,0.0,1,0.0116
hnsw,54,xenium_human_lymph_node_5k,107.4111,813099.0284,7569.97,43.4184,45.2486,30,0,0.0,0,0.0,0,0.0,1,0.0056
hnsw,55,xenium_human_lymph_node_5k,103.5414,820838.795,7927.64,40.3852,43.3544,129,0,0.0,0,0.0,0,0.0,1,0.0088
hnsw,56,xenium_human_lymph_node_5k,103.4688,828273.3995,8005.06,42.359,44.9685,83,0,0.0,0,0.0,0,0.0,1,0.0152
hnsw,57,xenium_human_lymph_node_5k,103.8322,818357.5387,7881.54,39.8884,42.5896,31,0,0.0,0,0.0,0,0.0,1,0.013
hnsw,58,xenium_human_lymph_node_5k,103.8048,818720.6636,7887.12,40.8245,43.8023,151,0,0.0,0,0.0,0,0.0,0,0.0
hnsw,59,xenium_human_lymph_node_5k,103.0947,824440.1888,7996.92,45.8127,48.9588,114,0,0.0,0,0.0,0,0.0,0,0.0
hnsw,60,xenium_human_lymph_node_5k,102.5182,813681.3269,7936.95,37.5227,42.3348,30,0,0.0,0,0.0,0,0.0,0,0.0
hnsw,61,xenium_human_lymph_node_5k,107.587,814072.8902,7566.65,43.4242,45.0033,6,0,0.0,0,0.0,1,0.0625,1,0.0148
hnsw,62,xenium_human_lymph_node_5k,107.5817,817652.6353,7600.3,34.6775,40.451,8,0,0.0,0,0.0,0,0.0,0,0.0
hnsw,63,xenium_human_lymph_node_5k,102.6042,824979.8555,8040.41,41.0529,44.0843,35,0,0.0,0,0.0,0,0.0,1,0.0169
hnsw,64,xenium_human_lymph_node_5k,103.4398,817293.7368,7901.16,40.8857,45.1209,197,0,0.0,0,0.0,0,0.0,0,0.0
hnsw,65,xenium_human_lymph_node_5k,102.5174,811937.1875,7919.99,53.5285,59.2233,118,0,0.0,0,0.0,0,0.0,0,0.0
hnsw,66,xenium_human_lymph_node_5k,103.8146,829345.1634,7988.71,38.36,42.1878,88,0,0.0,0,0.0,0,0.0,0,0.0
hnsw,67,xenium_human_lymph_node_5k,108.8613,821112.1046,7542.74,39.9691,43.2999,157,0,0.0,0,0.0,0,0.0,1,0.0103
hnsw,68,xenium_human_lymph_node_5k,103.3335,819491.0497,7930.55,50.075,56.4197,67,0,0.0,0,0.0,0,0.0,0,0.0
hnsw,69,xenium_human_lymph_node_5k,103.8125,820472.4153,7903.41,40.6889,43.0391,74,0,0.0,0,0.0,0,0.0,1,0.0233
hnsw,70,xenium_human_lymph_node_5k,103.8813,826075.6968,7952.11,40.9549,43.1076,48,0,0.0,0,0.0,0,0.0,1,0.0097
hnsw,71,xenium_human_lymph_node_5k,103.4029,821820.0806,7947.75,52.0098,58.1207,231,0,0.0,0,0.0,0,0.0,0,0.0
hnsw,72,xenium_human_lymph_node_5k,102.8738,817171.8019,7943.44,46.1679,47.0573,16,0,0.0,0,0.0,1,0.0175,1,0.0097
hnsw,73,xenium_human_lymph_node_5k,102.7011,825582.9274,8038.7,45.0301,48.8092,85,0,0.0,0,0.0,0,0.0,0,0.0
hnsw,74,xenium_human_lymph_node_5k,113.1526,815594.7763,7207.92,42.7135,45.7026,82,0,0.0,0,0.0,0,0.0,1,0.0072
hnsw,75,xenium_human_lymph_node_5k,103.8033,820521.4938,7904.58,39.3947,42.4812,159,0,0.0,0,0.0,0,0.0,1,0.0088
hnsw,76,xenium_human_lymph_node_5k,102.6888,825232.0526,8036.24,48.1878,51.5891,52,0,0.0,0,0.0,0,0.0,1,0.0182
hnsw,77,xenium_human_lymph_node_5k,103.6241,831598.6927,8025.15,42.0369,43.454,15,0,0.0,0,0.0,1,0.037,1,0.0176
hnsw,78,xenium_human_lymph_node_5k,102.6353,813517.1325,7926.29,44.6918,48.9526,134,0,0.0,0,0.0,0,0.0,0,0.0
hnsw,79,xenium_human_lymph_node_5k,102.9355,816466.505,7931.83,58.1469,60.2159,68,0,0.0,0,0.0,0,0.0,1,0.0116
hnsw,80,xenium_human_lymph_node_5k,103.8397,826275.471,7957.22,51.9686,56.2902,125,0,0.0,0,0.0,0,0.0,0,0.0
hnsw,81,xenium_human_lymph_node_5k,108.4478,822734.793,7586.46,38.1863,40.9002,32,0,0.0,0,0.0,0,0.0,1,0.0104
hnsw,82,xenium_human_lymph_node_5k,103.7589,822599.2413,7927.99,38.3783,41.0563,60,0,0.0,0,0.0,0,0.0,1,0.0065
hnsw,83,xenium_human_lymph_node_5k,103.4634,821223.9641,7937.33,39.1131,41.1421,71,0,0.0,0,0.0,0,0.0,1,0.0146
hnsw,84,xenium_human_lymph_node_5k,105.0223,823912.9909,7845.12,39.3335,43.4786,128,0,0.0,0,0.0,0,0.0,0,0.0
hnsw,85,xenium_human_lymph_node_5k,103.8498,821054.7851,7906.18,49.1183,53.9012,279,0,0.0,0,0.0,0,0.0,0,0.0
hnsw,86,xenium_human_lymph_node_5k,102.8168,817845.2488,7954.39,44.0384,49.2376,211,0,0.0,0,0.0,0,0.0,0,0.0
hnsw,87,xenium_human_lymph_node_5k,111.9024,820124.6391,7328.93,36.3516,40.0034,123,0,0.0,0,0.0,0,0.0,0,0.0
hnsw,88,xenium_human_lymph_node_5k,102.7669,828568.7043,8062.6,37.9209,41.0028,13,0,0.0,0,0.0,0,0.0,1,0.037
hnsw,89,xenium_human_lymph_node_5k,101.6926,814946.0913,8013.82,40.2708,42.5391,16,0,0.0,0,0.0,0,0.0,1,0.0217
hnsw,90,xenium_human_lymph_node_5k,103.2848,828005.7951,8016.73,44.3607,48.4619,201,0,0.0,0,0.0,0,0.0,0,0.0
hnsw,91,xenium_human_lymph_node_5k,103.4121,823013.5904,7958.58,42.2364,45.2575,202,0,0.0,0,0.0,0,0.0,1,0.01
hnsw,92,xenium_human_lymph_node_5k,103.4538,817834.6824,7905.31,41.6684,46.1034,97,0,0.0,0,0.0,0,0.0,0,0.0
hnsw,93,xenium_human_lymph_node_5k,104.8147,831727.8849,7935.22,44.1314,47.1854,156,0,0.0,0,0.0,0,0.0,1,0.0044
hnsw,94,xenium_human_lymph_node_5k,108.1302,820136.1265,7584.71,53.0288,58.3523,283,0,0.0,0,0.0,0,0.0,0,0.0
hnsw,95,xenium_human_lymph_node_5k,103.1584,819122.0519,7940.43,44.9732,47.9553,106,0,0.0,0,0.0,0,0.0,1,0.0051
hnsw,96,xenium_human_lymph_node_5k,103.1848,823175.1476,7977.68,38.1557,42.0729,42,0,0.0,0,0.0,0,0.0,0,0.0
hnsw,97,xenium_human_lymph_node_5k,103.2283,824004.3447,7982.35,41.4088,44.3522,87,0,0.0,0,0.0,0,0.0,1,0.0169
hnsw,98,xenium_human_lymph_node_5k,103.0725,819545.2527,7951.15,41.2479,44.285,75,0,0.0,0,0.0,0,0.0,1,0.0079
hnsw,99,xenium_human_lymph_node_5k,108.7452,817033.6362,7513.29,41.1766,43.4262,108,0,0.0,0,0.0,0,0.0,1,0.0157
pca_hnsw,0,xenium_human_lymph_node_5k,124.8398,812748.4158,6510.33,42.6331,45.1087,8,0,0.0,0,0.0,0,0.0,1,0.1562
pca_hnsw,1,xenium_human_lymph_node_5k,120.9178,814155.534,6733.13,38.7821,41.9455,67,0,0.0,0,0.0,0,0.0,1,0.0177
pca_hnsw,2,xenium_human_lymph_node_5k,118.3902,804349.1107,6794.05,39.8247,41.4825,31,0,0.0,0,0.0,1,0.0278,1,0.0691
pca_hnsw,3,xenium_human_lymph_node_5k,120.7467,813083.9337,6733.8,43.2912,47.7168,258,0,0.0,0,0.0,0,0.0,0,0.0
pca_hnsw,4,xenium_human_lymph_node_5k,118.0367,809531.3083,6858.3,41.3591,43.7119,5,0,0.0,0,0.0,0,0.0,1,0.3333
pca_hnsw,5,xenium_human_lymph_node_5k,117.6083,808120.2257,6871.29,46.6609,48.8094,20,0,0.0,0,0.0,0,0.0,1,0.0326
pca_hnsw,6,xenium_human_lymph_node_5k,118.5599,810762.8605,6838.42,44.5374,48.763,245,0,0.0,0,0.0,0,0.0,0,0.0
pca_hnsw,7,xenium_human_lymph_node_5k,113.8988,806362.8918,7079.65,40.4254,40.4254,1,1,1.0,1,0.3333,1,0.2,1,0.2632
pca_hnsw,8,xenium_human_lymph_node_5k,121.7906,805007.7664,6609.77,44.8326,46.0445,3,0,0.0,0,0.0,1,0.4,1,0.3
pca_hnsw,9,xenium_human_lymph_node_5k,117.9623,807404.0962,6844.6,35.6259,36.4081,4,0,0.0,0,0.0,1,0.1429,1,0.0789
pca_hnsw,10,xenium_human_lymph_node_5k,117.2024,803692.6022,6857.31,34.8004,37.9102,10,0,0.0,0,0.0,0,0.0,0,0.0
pca_hnsw,11,xenium_human_lymph_node_5k,122.0515,816526.3815,6690.02,46.9975,53.5083,632,0,0.0,0,0.0,0,0.0,0,0.0
pca_hnsw,12,xenium_human_lymph_node_5k,115.8058,808550.5627,6981.95,39.2512,43.7686,35,0,0.0,0,0.0,0,0.0,0,0.0
pca_hnsw,13,xenium_human_lymph_node_5k,112.9702,795485.9171,7041.56,62.248,62.248,1,1,1.0,1,1.0,1,0.4286,1,0.5294
pca_hnsw,14,xenium_human_lymph_node_5k,113.7458,808100.8471,7104.44,44.1599,44.1599,1,1,0.3333,1,0.3333,1,0.2727,1,0.1837
pca_hnsw,15,xenium_human_lymph_node_5k,115.3187,785719.8426,6813.46,112.8884,129.5574,1623,0,0.0,0,0.0,0,0.0,0,0.0
pca_hnsw,16,xenium_human_lymph_node_5k,117.5024,810034.1143,6893.76,40.0715,43.1669,98,0,0.0,0,0.0,0,0.0,1,0.0064
pca_hnsw,17,xenium_human_lymph_node_5k,116.8746,809902.6932,6929.67,38.6203,41.2764,49,0,0.0,0,0.0,0,0.0,1,0.009
pca_hnsw,18,xenium_human_lymph_node_5k,126.9377,821059.166,6468.21,43.9559,46.8343,96,0,0.0,0,0.0,0,0.0,1,0.0104
pca_hnsw,19,xenium_human_lymph_node_5k,115.8245,807817.1306,6974.49,39.989,41.9139,55,0,0.0,0,0.0,0,0.0,1,0.0419
pca_hnsw,20,xenium_human_lymph_node_5k,116.0059,807405.9149,6960.04,40.4177,42.512,21,0,0.0,0,0.0,0,0.0,1,0.0327
pca_hnsw,21,xenium_human_lymph_node_5k,116.1071,812816.4647,7000.57,44.4842,48.3167,212,0,0.0,0,0.0,0,0.0,0,0.0
pca_hnsw,22,xenium_human_lymph_node_5k,105.03,738302.6206,7029.45,51.4956,51.4956,1,1,1.0,1,0.75,1,0.4,1,0.3008
pca_hnsw,23,xenium_human_lymph_node_5k,114.8473,811940.5061,7069.74,38.1054,41.3412,5,0,0.0,0,0.0,0,0.0,1,0.2
pca_hnsw,24,xenium_human_lymph_node_5k,116.7609,811226.2647,6947.76,42.1961,45.1463,165,0,0.0,0,0.0,0,0.0,1,0.0081
pca_hnsw,25,xenium_human_lymph_node_5k,117.6728,819984.3014,6968.34,39.5315,41.9066,62,0,0.0,0,0.0,0,0.0,1,0.033
pca_hnsw,26,xenium_human_lymph_node_5k,116.292,812296.5688,6984.97,42.5465,45.1936,127,0,0.0,0,0.0,0,0.0,1,0.0149
pca_hnsw,27,xenium_human_lymph_node_5k,117.895,808600.7365,6858.65,45.4232,47.3844,34,0,0.0,0,0.0,0,0.0,1,0.0574
pca_hnsw,28,xenium_human_lymph_node_5k,114.9513,811058.0674,7055.67,38.9209,40.6496,30,0,0.0,0,0.0,1,0.0333,1,0.0583
pca_hnsw,29,xenium_human_lymph_node_5k,123.8817,815247.5814,6580.86,43.6034,48.0615,426,0,0.0,0,0.0,0,0.0,0,0.0
pca_hnsw,30,xenium_human_lymph_node_5k,114.612,803056.2354,7006.74,36.8124,39.3893,18,0,0.0,0,0.0,0,0.0,1,0.0909
pca_hnsw,31,xenium_human_lymph_node_5k,116.6538,814624.2089,6983.26,39.9622,43.3325,143,0,0.0,0,0.0,0,0.0,1,0.0063
pca_hnsw,32,xenium_human_lymph_node_5k,118.253,816067.14,6901.03,40.3941,44.465,215,0,0.0,0,0.0,0,0.0,0,0.0
pca_hnsw,33,xenium_human_lymph_node_5k,115.4456,807880.9978,6997.94,40.6126,43.4064,28,0,0.0,0,0.0,0,0.0,1,0.0164
pca_hnsw,34,xenium_human_lymph_node_5k,118.2022,813508.7526,6882.35,49.0447,54.7069,646,0,0.0,0,0.0,0,0.0,0,0.0
pca_hnsw,35,xenium_human_lymph_node_5k,106.8989,731215.7546,6840.25,50.5771,52.1185,7,0,0.0,0,0.0,1,0.125,1,0.0133
pca_hnsw,36,xenium_human_lymph_node_5k,117.7337,814097.4241,6914.74,46.073,49.5066,106,0,0.0,0,0.0,0,0.0,1,0.0085
pca_hnsw,37,xenium_human_lymph_node_5k,118.66,811717.9629,6840.71,40.7694,44.8068,207,0,0.0,0,0.0,0,0.0,0,0.0
pca_hnsw,38,xenium_human_lymph_node_5k,116.7765,807480.5065,6914.75,49.1893,49.9907,3,0,0.0,1,0.3333,1,0.25,1,0.15
pca_hnsw,39,xenium_human_lymph_node_5k,116.0804,820961.5492,7072.35,43.4411,45.0908,35,0,0.0,0,0.0,1,0.0233,1,0.0571
pca_hnsw,40,xenium_human_lymph_node_5k,115.1759,811393.7559,7044.82,41.4407,44.4509,43,0,0.0,0,0.0,0,0.0,1,0.0132
pca_hnsw,41,xenium_human_lymph_node_5k,114.6473,808606.096,7052.99,39.4395,42.3615,65,0,0.0,0,0.0,0,0.0,1,0.0263
pca_hnsw,42,xenium_human_lymph_node_5k,113.1375,797613.1974,7049.95,71.2755,72.5317,4,0,0.0,0,0.0,1,0.3333,1,0.4828
pca_hnsw,43,xenium_human_lymph_node_5k,115.3789,814571.0022,7059.97,38.0897,41.5573,75,0,0.0,0,0.0,0,0.0,1,0.0125
pca_hnsw,44,xenium_human_lymph_node_5k,117.0744,806858.844,6891.84,49.3122,52.6145,138,0,0.0,0,0.0,0,0.0,1,0.0061
pca_hnsw,45,xenium_human_lymph_node_5k,116.2529,811240.8238,6978.24,40.0525,41.9035,22,0,0.0,0,0.0,0,0.0,1,0.1028
pca_hnsw,46,xenium_human_lymph_node_5k,116.6069,814928.0646,6988.68,44.7515,48.1473,196,0,0.0,0,0.0,0,0.0,1,0.0087
pca_hnsw,47,xenium_human_lymph_node_5k,115.7484,816526.5694,7054.32,44.1463,46.1602,27,0,0.0,0,0.0,0,0.0,1,0.0859
pca_hnsw,48,xenium_human_lymph_node_5k,115.4327,812293.5626,7036.95,37.242,39.2363,5,0,0.0,0,0.0,0,0.0,1,0.1538
pca_hnsw,49,xenium_human_lymph_node_5k,115.8294,817806.6641,7060.44,46.3686,53.6133,559,0,0.0,0,0.0,0,0.0,0,0.0
pca_hnsw,50,xenium_human_lymph_node_5k,116.6217,823463.3752,7060.98,41.9885,45.2807,73,0,0.0,0,0.0,0,0.0,1,0.0106
pca_hnsw,51,xenium_human_lymph_node_5k,117.7078,818015.0494,6949.54,44.266,47.4027,71,0,0.0,0,0.0,0,0.0,1,0.0094
pca_hnsw,52,xenium_human_lymph_node_5k,112.7198,805743.4685,7148.2,53.3373,54.6478,3,0,0.0,0,0.0,1,0.1667,1,0.2857
pca_hnsw,53,xenium_human_lymph_node_5k,116.9189,819618.7661,7010.15,40.4751,41.5672,4,0,0.0,0,0.0,1,0.1429,1,0.0349
pca_hnsw,54,xenium_human_lymph_node_5k,114.722,813099.0284,7087.56,43.4184,45.9234,73,0,0.0,0,0.0,0,0.0,1,0.0113
pca_hnsw,55,xenium_human_lymph_node_5k,116.4408,820838.795,7049.41,40.3852,43.4442,141,0,0.0,0,0.0,0,0.0,1,0.0133
pca_hnsw,56,xenium_human_lymph_node_5k,116.4444,828273.3995,7113.04,42.359,46.545,318,0,0.0,0,0.0,0,0.0,0,0.0
pca_hnsw,57,xenium_human_lymph_node_5k,116.7466,818357.5387,7009.69,39.8884,41.9698,18,0,0.0,0,0.0,0,0.0,1,0.013
pca_hnsw,58,xenium_human_lymph_node_5k,118.1162,818720.6636,6931.49,40.8245,43.1727,75,0,0.0,0,0.0,0,0.0,1,0.0076
pca_hnsw,59,xenium_human_lymph_node_5k,116.7492,824440.1888,7061.64,45.8127,47.9464,33,0,0.0,0,0.0,0,0.0,1,0.0116
pca_hnsw,60,xenium_human_lymph_node_5k,113.4394,813681.3269,7172.83,37.5227,40.4817,3,0,0.0,0,0.0,0,0.0,1,0.2
pca_hnsw,61,xenium_human_lymph_node_5k,116.0082,814072.8902,7017.37,43.4242,46.2386,70,0,0.0,0,0.0,0,0.0,1,0.0074
pca_hnsw,62,xenium_human_lymph_node_5k,114.9369,817652.6353,7113.93,34.6775,41.7754,36,0,0.0,0,0.0,0,0.0,0,0.0
pca_hnsw,63,xenium_human_lymph_node_5k,117.9293,824979.8555,6995.55,41.0529,45.1082,101,0,0.0,0,0.0,0,0.0,0,0.0
pca_hnsw,64,xenium_human_lymph_node_5k,115.6941,817293.7368,7064.27,40.8857,44.0877,81,0,0.0,0,0.0,0,0.0,1,0.0177
pca_hnsw,65,xenium_human_lymph_node_5k,115.2564,811937.1875,7044.61,53.5285,57.5249,40,0,0.0,0,0.0,0,0.0,0,0.0
pca_hnsw,66,xenium_human_lymph_node_5k,116.6366,829345.1634,7110.5,38.36,42.676,130,0,0.0,0,0.0,0,0.0,0,0.0
pca_hnsw,67,xenium_human_lymph_node_5k,114.7474,821112.1046,7155.82,39.9691,41.6194,20,0,0.0,0,0.0,1,0.04,1,0.0464
pca_hnsw,68,xenium_human_lymph_node_5k,118.8027,819491.0497,6897.91,50.075,52.2571,9,0,0.0,0,0.0,0,0.0,1,0.0667
pca_hnsw,69,xenium_human_lymph_node_5k,115.4207,820472.4153,7108.54,40.6889,42.4038,22,0,0.0,0,0.0,0,0.0,1,0.031
pca_hnsw,70,xenium_human_lymph_node_5k,118.2315,826075.6968,6986.94,40.9549,43.9788,142,0,0.0,0,0.0,0,0.0,1,0.0048
pca_hnsw,71,xenium_human_lymph_node_5k,116.9709,821820.0806,7025.85,52.0098,54.703,23,0,0.0,0,0.0,0,0.0,1,0.0217
pca_hnsw,72,xenium_human_lymph_node_5k,116.2021,817171.8019,7032.33,46.1679,49.1906,196,0,0.0,0,0.0,0,0.0,1,0.0032
pca_hnsw,73,xenium_human_lymph_node_5k,114.526,825582.9274,7208.7,45.0301,47.4159,18,0,0.0,0,0.0,0,0.0,1,0.1045
pca_hnsw,74,xenium_human_lymph_node_5k,118.8526,815594.7763,6862.24,42.7135,44.9484,42,0,0.0,0,0.0,0,0.0,1,0.029
pca_hnsw,75,xenium_human_lymph_node_5k,115.5044,820521.4938,7103.81,39.3947,42.4923,162,0,0.0,0,0.0,0,0.0,1,0.0132
pca_hnsw,76,xenium_human_lymph_node_5k,116.1391,825232.0526,7105.55,48.1878,50.3222,11,0,0.0,0,0.0,0,0.0,1,0.0364
pca_hnsw,77,xenium_human_lymph_node_5k,117.5155,831598.6927,7076.5,42.0369,45.1249,140,0,0.0,0,0.0,0,0.0,1,0.0132
pca_hnsw,78,xenium_human_lymph_node_5k,117.114,813517.1325,6946.37,44.6918,48.0093,53,0,0.0,0,0.0,0,0.0,1,0.0167
pca_hnsw,79,xenium_human_lymph_node_5k,117.8388,816466.505,6928.67,58.1469,66.4455,1682,0,0.0,0,0.0,0,0.0,0,0.0
pca_hnsw,80,xenium_human_lymph_node_5k,117.5415,826275.471,7029.65,51.9686,59.1309,667,0,0.0,0,0.0,0,0.0,0,0.0
pca_hnsw,81,xenium_human_lymph_node_5k,115.163,822734.793,7144.09,38.1863,41.6093,88,0,0.0,0,0.0,0,0.0,1,0.0104
pca_hnsw,82,xenium_human_lymph_node_5k,116.1654,822599.2413,7081.27,38.3783,42.3864,207,0,0.0,0,0.0,0,0.0,0,0.0
pca_hnsw,83,xenium_human_lymph_node_5k,115.9189,821223.9641,7084.47,39.1131,41.8422,165,0,0.0,0,0.0,0,0.0,1,0.0146
pca_hnsw,84,xenium_human_lymph_node_5k,120.2309,823912.9909,6852.75,39.3335,42.979,60,0,0.0,0,0.0,0,0.0,0,0.0
pca_hnsw,85,xenium_human_lymph_node_5k,116.3095,821054.7851,7059.22,49.1183,52.1372,84,0,0.0,0,0.0,0,0.0,1,0.0227
pca_hnsw,86,xenium_human_lymph_node_5k,114.8038,817845.2488,7123.85,44.0384,46.2942,13,0,0.0,0,0.0,0,0.0,1,0.0323
pca_hnsw,87,xenium_human_lymph_node_5k,114.4736,820124.6391,7164.31,36.3516,38.4213,16,0,0.0,0,0.0,0,0.0,1,0.25
pca_hnsw,88,xenium_human_lymph_node_5k,115.6263,828568.7043,7165.92,37.9209,41.0621,14,0,0.0,0,0.0,0,0.0,1,0.0741
pca_hnsw,89,xenium_human_lymph_node_5k,112.9757,814946.0913,7213.46,40.2708,42.0937,10,0,0.0,0,0.0,0,0.0,1,0.1304
pca_hnsw,90,xenium_human_lymph_node_5k,116.8463,828005.7951,7086.28,44.3607,47.5601,90,0,0.0,0,0.0,0,0.0,1,0.0081
pca_hnsw,91,xenium_human_lymph_node_5k,124.1497,823013.5904,6629.21,42.2364,43.6779,27,0,0.0,0,0.0,1,0.0222,1,0.0167
pca_hnsw,92,xenium_human_lymph_node_5k,115.8891,817834.6824,7057.04,41.6684,43.1842,5,0,0.0,0,0.0,1,0.1111,1,0.0444
pca_hnsw,93,xenium_human_lymph_node_5k,116.9259,831727.8849,7113.29,44.1314,47.2848,168,0,0.0,0,0.0,0,0.0,1,0.0044
pca_hnsw,94,xenium_human_lymph_node_5k,116.4085,820136.1265,7045.33,53.0288,58.1767,249,0,0.0,0,0.0,0,0.0,0,0.0
pca_hnsw,95,xenium_human_lymph_node_5k,117.0356,819122.0519,6998.92,44.9732,47.1469,40,0,0.0,0,0.0,0,0.0,1,0.0102
pca_hnsw,96,xenium_human_lymph_node_5k,113.8768,823175.1476,7228.65,38.1557,40.8376,12,0,0.0,0,0.0,0,0.0,1,0.0312
pca_hnsw,97,xenium_human_lymph_node_5k,115.4958,824004.3447,7134.49,41.4088,44.7397,139,0,0.0,0,0.0,0,0.0,1,0.0056
pca_hnsw,98,xenium_human_lymph_node_5k,114.7343,819545.2527,7142.98,41.2479,43.184,17,0,0.0,0,0.0,0,0.0,1,0.0709
pca_hnsw,99,xenium_human_lymph_node_5k,123.8632,817033.6362,6596.26,41.1766,43.4661,109,0,0.0,0,0.0,0,0.0,1,0.0031
phi_knn,0,xenium_human_lymph_node_5k,81.4255,812748.4158,9981.5,42.6331,44.9117,6,0,0.0,0,0.0,0,0.0,1,0.1875
phi_knn,1,xenium_human_lymph_node_5k,71.2428,814155.534,11427.89,38.7821,38.7821,1,1,1.0,1,1.0,1,0.5,1,0.3097
phi_knn,2,xenium_human_lymph_node_5k,71.852,804349.1107,11194.53,39.8247,39.8247,1,1,0.75,1,0.7,1,0.5556,1,0.3085
phi_knn,3,xenium_human_lymph_node_5k,72.4429,813083.9337,11223.8,43.2912,48.2156,360,0,0.0,0,0.0,0,0.0,0,0.0
phi_knn,4,xenium_human_lymph_node_5k,68.9245,809531.3083,11745.19,41.3591,41.3591,1,1,1.0,1,1.0,1,0.5,1,0.1905
phi_knn,5,xenium_human_lymph_node_5k,70.683,808120.2257,11433.03,46.6609,47.963,5,0,0.0,0,0.0,1,0.1538,1,0.1304
phi_knn,6,xenium_human_lymph_node_5k,69.8333,810762.8605,11609.98,44.5374,44.5374,1,1,1.0,1,0.5,1,0.3,1,0.2394
phi_knn,7,xenium_human_lymph_node_5k,67.6793,806362.8918,11914.47,40.4254,41.0775,2,0,0.0,1,0.3333,1,0.6,1,0.3158
phi_knn,8,xenium_human_lymph_node_5k,69.459,805007.7664,11589.69,44.8326,46.5102,4,0,0.0,0,0.0,1,0.2,1,0.2
phi_knn,9,xenium_human_lymph_node_5k,70.6666,807404.0962,11425.54,35.6259,35.6259,1,1,1.0,1,1.0,1,0.8571,1,0.4211
phi_knn,10,xenium_human_lymph_node_5k,71.7773,803692.6022,11197.03,34.8004,36.22,2,0,0.0,0,0.0,1,0.5,1,0.4
phi_knn,11,xenium_human_lymph_node_5k,71.7317,816526.3815,11383.06,46.9975,56.7248,1264,0,0.0,0,0.0,0,0.0,0,0.0
phi_knn,12,xenium_human_lymph_node_5k,67.9336,808550.5627,11902.07,39.2512,41.5586,8,0,0.0,0,0.0,0,0.0,1,0.1333
phi_knn,13,xenium_human_lymph_node_5k,67.9805,795485.9171,11701.69,62.248,62.248,1,1,1.0,1,1.0,1,0.8571,1,0.6471
phi_knn,14,xenium_human_lymph_node_5k,67.97,808100.8471,11889.08,44.1599,44.2823,2,1,0.3333,1,0.3333,1,0.6364,1,0.4082
phi_knn,15,xenium_human_lymph_node_5k,72.6861,785719.8426,10809.76,112.8884,129.5574,1623,0,0.0,0,0.0,0,0.0,0,0.0
phi_knn,16,xenium_human_lymph_node_5k,69.76,810034.1143,11611.73,40.0715,41.2301,7,0,0.0,0,0.0,1,0.1818,1,0.2102
phi_knn,17,xenium_human_lymph_node_5k,68.7018,809902.6932,11788.66,38.6203,38.6203,1,1,0.5,1,0.6667,1,0.4737,1,0.4775
phi_knn,18,xenium_human_lymph_node_5k,71.7795,821059.166,11438.64,43.9559,44.5286,2,0,0.0,1,0.5,1,0.1875,1,0.0312
phi_knn,19,xenium_human_lymph_node_5k,68.7566,807817.1306,11748.95,39.989,39.989,1,1,1.0,1,0.6667,1,0.3261,1,0.1935
phi_knn,20,xenium_human_lymph_node_5k,70.2277,807405.9149,11496.98,40.4177,42.1478,7,0,0.0,0,0.0,1,0.1429,1,0.2288
phi_knn,21,xenium_human_lymph_node_5k,67.4863,812816.4647,12044.17,44.4842,44.5749,2,1,0.5,1,0.1667,1,0.1667,1,0.3631
phi_knn,22,xenium_human_lymph_node_5k,68.1374,738302.6206,10835.5,51.4956,51.4956,1,1,1.0,1,0.75,1,0.4,1,0.1951
phi_knn,23,xenium_human_lymph_node_5k,67.6172,811940.5061,12007.9,38.1054,40.7569,3,0,0.0,0,0.0,0,0.0,1,0.6
phi_knn,24,xenium_human_lymph_node_5k,72.6201,811226.2647,11170.82,42.1961,45.6882,237,0,0.0,0,0.0,0,0.0,1,0.004
phi_knn,25,xenium_human_lymph_node_5k,67.9041,819984.3014,12075.62,39.5315,39.9093,2,0,0.0,1,0.6667,1,0.6207,1,0.566
phi_knn,26,xenium_human_lymph_node_5k,70.8312,812296.5688,11468.07,42.5465,43.0937,3,0,0.0,1,0.1667,1,0.2558,1,0.2007
phi_knn,27,xenium_human_lymph_node_5k,71.2174,808600.7365,11353.97,45.4232,46.3931,12,0,0.0,0,0.0,1,0.08,1,0.0656
phi_knn,28,xenium_human_lymph_node_5k,67.6999,811058.0674,11980.2,38.9209,38.9209,1,1,0.75,1,0.7,1,0.6667,1,0.3667
phi_knn,29,xenium_human_lymph_node_5k,72.2637,815247.5814,11281.56,43.6034,43.9778,2,0,0.0,1,0.1429,1,0.1026,1,0.0756
phi_knn,30,xenium_human_lymph_node_5k,70.5959,803056.2354,11375.39,36.8124,36.8124,1,1,1.0,1,1.0,1,1.0,1,0.6818
phi_knn,31,xenium_human_lymph_node_5k,71.9552,814624.2089,11321.27,39.9622,43.1871,131,0,0.0,0,0.0,0,0.0,1,0.0125
phi_knn,32,xenium_human_lymph_node_5k,71.4245,816067.14,11425.59,40.3941,42.0417,7,0,0.0,0,0.0,1,0.1111,1,0.1797
phi_knn,33,xenium_human_lymph_node_5k,69.7573,807880.9978,11581.31,40.6126,40.6126,1,1,1.0,1,1.0,1,0.75,1,0.3607
phi_knn,34,xenium_human_lymph_node_5k,72.3064,813508.7526,11250.85,49.0447,52.4074,125,0,0.0,0,0.0,0,0.0,1,0.0066
phi_knn,35,xenium_human_lymph_node_5k,71.9224,731215.7546,10166.74,50.5771,60.6304,850,0,0.0,0,0.0,0,0.0,0,0.0
phi_knn,36,xenium_human_lymph_node_5k,68.6531,814097.4241,11858.13,46.073,46.6709,2,0,0.0,1,0.25,1,0.2222,1,0.1966
phi_knn,37,xenium_human_lymph_node_5k,73.4068,811717.9629,11057.8,40.7694,42.4244,24,0,0.0,0,0.0,1,0.0667,1,0.1104
phi_knn,38,xenium_human_lymph_node_5k,67.7569,807480.5065,11917.33,49.1893,49.7632,2,0,0.0,1,0.3333,1,0.1667,1,0.3667
phi_knn,39,xenium_human_lymph_node_5k,67.4628,820961.5492,12169.11,43.4411,43.9043,5,0,0.0,1,0.4,1,0.4419,1,0.3592
phi_knn,40,xenium_human_lymph_node_5k,69.0458,811393.7559,11751.53,41.4407,41.4407,1,1,0.5,1,0.2,1,0.4167,1,0.3684
phi_knn,41,xenium_human_lymph_node_5k,69.1841,808606.096,11687.74,39.4395,39.4395,1,1,1.0,1,0.75,1,0.5625,1,0.3596
phi_knn,42,xenium_human_lymph_node_5k,67.8049,797613.1974,11763.35,71.2755,72.3948,2,0,0.0,0,0.0,1,0.8889,1,0.7586
phi_knn,43,xenium_human_lymph_node_5k,69.357,814571.0022,11744.61,38.0897,39.4799,2,0,0.0,0,0.0,1,0.5,1,0.3
phi_knn,44,xenium_human_lymph_node_5k,71.7365,806858.844,11247.53,49.3122,59.0573,1280,0,0.0,0,0.0,0,0.0,0,0.0
phi_knn,45,xenium_human_lymph_node_5k,69.1642,811240.8238,11729.2,40.0525,40.0525,1,1,1.0,1,1.0,1,0.6471,1,0.4019
phi_knn,46,xenium_human_lymph_node_5k,71.8537,814928.0646,11341.5,44.7515,47.9274,160,0,0.0,0,0.0,0,0.0,1,0.0044
phi_knn,47,xenium_human_lymph_node_5k,69.3157,816526.5694,11779.83,44.1463,44.1463,1,1,1.0,1,0.3333,1,0.6316,1,0.2656
phi_knn,48,xenium_human_lymph_node_5k,69.0685,812293.5626,11760.7,37.242,37.242,1,1,0.5,1,0.5,1,0.3333,1,0.4231
phi_knn,49,xenium_human_lymph_node_5k,73.1421,817806.6641,11181.07,46.3686,48.8866,29,0,0.0,0,0.0,0,0.0,1,0.0256
phi_knn,50,xenium_human_lymph_node_5k,71.839,823463.3752,11462.63,41.9885,44.9408,47,0,0.0,0,0.0,0,0.0,1,0.0638
phi_knn,51,xenium_human_lymph_node_5k,68.9542,818015.0494,11863.16,44.266,45.3434,8,0,0.0,0,0.0,1,0.25,1,0.3208
phi_knn,52,xenium_human_lymph_node_5k,70.9038,805743.4685,11363.89,53.3373,53.3373,1,1,1.0,1,1.0,1,0.8333,1,0.5714
phi_knn,53,xenium_human_lymph_node_5k,69.8403,819618.7661,11735.61,40.4751,41.5672,4,0,0.0,0,0.0,1,0.2857,1,0.2209
phi_knn,54,xenium_human_lymph_node_5k,70.6287,813099.0284,11512.3,43.4184,44.0357,4,0,0.0,1,0.25,1,0.1538,1,0.1356
phi_knn,55,xenium_human_lymph_node_5k,71.4288,820838.795,11491.71,40.3852,41.7382,10,0,0.0,0,0.0,1,0.2963,1,0.1947
phi_knn,56,xenium_human_lymph_node_5k,72.717,828273.3995,11390.37,42.359,42.8703,5,0,0.0,1,0.1667,1,0.2,1,0.1117
phi_knn,57,xenium_human_lymph_node_5k,71.1341,818357.5387,11504.43,39.8884,40.4166,4,0,0.0,1,0.2,1,0.1667,1,0.1818
phi_knn,58,xenium_human_lymph_node_5k,70.3042,818720.6636,11645.4,40.8245,40.8245,1,1,1.0,1,0.25,1,0.3333,1,0.313
phi_knn,59,xenium_human_lymph_node_5k,76.018,824440.1888,10845.33,45.8127,51.9698,721,0,0.0,0,0.0,0,0.0,0,0.0
phi_knn,60,xenium_human_lymph_node_5k,68.9155,813681.3269,11806.94,37.5227,40.4817,3,0,0.0,0,0.0,0,0.0,1,0.6
phi_knn,61,xenium_human_lymph_node_5k,69.0503,814072.8902,11789.56,43.4242,44.8733,3,0,0.0,0,0.0,1,0.3125,1,0.3259
phi_knn,62,xenium_human_lymph_node_5k,69.9428,817652.6353,11690.31,34.6775,35.8067,2,0,0.0,0,0.0,1,0.5,1,0.5
phi_knn,63,xenium_human_lymph_node_5k,71.8247,824979.8555,11486.02,41.0529,43.1596,15,0,0.0,0,0.0,0,0.0,1,0.0847
phi_knn,64,xenium_human_lymph_node_5k,68.7408,817293.7368,11889.5,40.8857,41.7059,8,0,0.0,1,0.125,1,0.0714,1,0.2389
phi_knn,65,xenium_human_lymph_node_5k,68.9388,811937.1875,11777.65,53.5285,55.9771,8,0,0.0,0,0.0,0,0.0,1,0.1333
phi_knn,66,xenium_human_lymph_node_5k,70.0058,829345.1634,11846.81,38.36,40.2929,3,0,0.0,0,0.0,0,0.0,1,0.2879
phi_knn,67,xenium_human_lymph_node_5k,70.5347,821112.1046,11641.24,39.9691,40.3477,3,0,0.0,1,0.5,1,0.44,1,0.433
phi_knn,68,xenium_human_lymph_node_5k,70.3424,819491.0497,11650.03,50.075,52.2571,9,0,0.0,0,0.0,0,0.0,1,0.0667
phi_knn,69,xenium_human_lymph_node_5k,68.6894,820472.4153,11944.67,40.6889,40.6889,1,1,1.0,1,0.1429,1,0.25,1,0.2636
phi_knn,70,xenium_human_lymph_node_5k,69.5257,826075.6968,11881.59,40.9549,42.0296,9,0,0.0,0,0.0,1,0.2414,1,0.2415
phi_knn,71,xenium_human_lymph_node_5k,69.6304,821820.0806,11802.6,52.0098,53.282,6,0,0.0,0,0.0,1,0.1818,1,0.2391
phi_knn,72,xenium_human_lymph_node_5k,69.8799,817171.8019,11693.94,46.1679,48.3666,97,0,0.0,0,0.0,0,0.0,1,0.0258
phi_knn,73,xenium_human_lymph_node_5k,68.2264,825582.9274,12100.64,45.0301,46.7869,6,0,0.0,0,0.0,1,0.1667,1,0.2388
phi_knn,74,xenium_human_lymph_node_5k,71.872,815594.7763,11347.87,42.7135,42.7135,1,1,1.0,1,0.5,1,0.4783,1,0.442
phi_knn,75,xenium_human_lymph_node_5k,70.2693,820521.4938,11676.81,39.3947,40.3109,7,0,0.0,0,0.0,1,0.1429,1,0.1542
phi_knn,76,xenium_human_lymph_node_5k,71.6173,825232.0526,11522.8,48.1878,50.3222,11,0,0.0,0,0.0,0,0.0,1,0.0364
phi_knn,77,xenium_human_lymph_node_5k,72.1074,831598.6927,11532.77,42.0369,44.0058,42,0,0.0,0,0.0,0,0.0,1,0.0485
phi_knn,78,xenium_human_lymph_node_5k,70.8962,813517.1325,11474.76,44.6918,46.711,8,0,0.0,0,0.0,0,0.0,1,0.2167
phi_knn,79,xenium_human_lymph_node_5k,72.3842,816466.505,11279.62,58.1469,70.1316,2809,0,0.0,0,0.0,0,0.0,0,0.0
phi_knn,80,xenium_human_lymph_node_5k,71.4381,826275.471,11566.31,51.9686,63.27,1458,0,0.0,0,0.0,0,0.0,0,0.0
phi_knn,81,xenium_human_lymph_node_5k,72.5941,822734.793,11333.36,38.1863,40.0929,8,0,0.0,0,0.0,0,0.0,1,0.1146
phi_knn,82,xenium_human_lymph_node_5k,70.7969,822599.2413,11619.15,38.3783,40.1341,19,0,0.0,0,0.0,1,0.05,1,0.1364
phi_knn,83,xenium_human_lymph_node_5k,69.1765,821223.9641,11871.43,39.1131,39.1266,2,1,0.5,1,0.5,1,0.3725,1,0.277
phi_knn,84,xenium_human_lymph_node_5k,69.9035,823912.9909,11786.43,39.3335,39.3335,1,1,1.0,1,1.0,1,0.4,1,0.3654
phi_knn,85,xenium_human_lymph_node_5k,70.9126,821054.7851,11578.4,49.1183,50.9123,30,0,0.0,0,0.0,0,0.0,1,0.1136
phi_knn,86,xenium_human_lymph_node_5k,67.3625,817845.2488,12140.95,44.0384,45.266,3,0,0.0,0,0.0,1,0.3333,1,0.7097
phi_knn,87,xenium_human_lymph_node_5k,71.4209,820124.6391,11482.98,36.3516,37.7174,4,0,0.0,0,0.0,1,0.1,1,0.2321
phi_knn,88,xenium_human_lymph_node_5k,70.118,828568.7043,11816.77,37.9209,39.9683,3,0,0.0,0,0.0,0,0.0,1,0.4074
phi_knn,89,xenium_human_lymph_node_5k,70.315,814946.0913,11589.94,40.2708,40.9813,2,0,0.0,1,0.5,1,0.75,1,0.2826
phi_knn,90,xenium_human_lymph_node_5k,70.7409,828005.7951,11704.78,44.3607,46.9196,43,0,0.0,0,0.0,0,0.0,1,0.0323
phi_knn,91,xenium_human_lymph_node_5k,68.948,823013.5904,11936.74,42.2364,42.6378,3,0,0.0,1,0.4,1,0.2444,1,0.2475
phi_knn,92,xenium_human_lymph_node_5k,70.4837,817834.6824,11603.18,41.6684,43.4226,9,0,0.0,0,0.0,1,0.1111,1,0.1111
phi_knn,93,xenium_human_lymph_node_5k,70.4096,831727.8849,11812.7,44.1314,44.6341,5,0,0.0,1,0.1111,1,0.0882,1,0.0925
phi_knn,94,xenium_human_lymph_node_5k,71.6553,820136.1265,11445.57,53.0288,58.1767,249,0,0.0,0,0.0,0,0.0,0,0.0
phi_knn,95,xenium_human_lymph_node_5k,71.9772,819122.0519,11380.3,44.9732,48.6675,218,0,0.0,0,0.0,0,0.0,0,0.0
phi_knn,96,xenium_human_lymph_node_5k,69.5516,823175.1476,11835.46,38.1557,38.1557,1,1,1.0,1,1.0,1,0.3333,1,0.5938
phi_knn,97,xenium_human_lymph_node_5k,69.8782,824004.3447,11792.01,41.4088,42.3026,5,0,0.0,0,0.0,1,0.2353,1,0.1685
phi_knn,98,xenium_human_lymph_node_5k,67.95,819545.2527,12061.0,41.2479,43.184,17,0,0.0,0,0.0,0,0.0,1,0.2835
phi_knn,99,xenium_human_lymph_node_5k,71.8443,817033.6362,11372.29,41.1766,42.3442,32,0,0.0,0,0.0,1,0.0625,1,0.0377
