Dataset,mode,top_c,n_returned,best_rank,recall_at_eps_0.1,overlap_at_eps_0.1,recall_at_eps_0.25,overlap_at_eps_0.25,recall_at_eps_0.5,overlap_at_eps_0.5,recall_at_eps_1.0,overlap_at_eps_1.0,recall_at_1,recall_at_5,recall_at_10,recall_at_20,recall_at_50
xenium_human_skin_melanoma,stage1,10,10.0,9.82,0.28,0.7408,0.41,0.668,0.64,0.5827,0.92,0.354,0.25,0.392,0.492,,
xenium_human_skin_melanoma,stage1,20,20.0,9.82,0.28,0.8708,0.41,0.814,0.64,0.7472,0.92,0.5251,0.25,0.392,0.492,0.5625,
xenium_human_skin_melanoma,stage1,50,50.0,9.82,0.28,0.9625,0.41,0.9682,0.64,0.9277,0.92,0.7742,0.25,0.392,0.492,0.5625,0.67
xenium_human_skin_melanoma,stage1,100,100.0,9.82,0.28,0.99,0.41,0.9893,0.64,0.9813,0.92,0.9263,0.25,0.392,0.492,0.5625,0.67
xenium_human_skin_melanoma,stage1,200,200.0,9.82,0.28,1.0,0.41,1.0,0.64,0.9985,0.92,0.9906,0.25,0.392,0.492,0.5625,0.67
xenium_human_skin_melanoma,stage1,400,400.0,9.82,0.28,1.0,0.41,1.0,0.64,1.0,0.92,1.0,0.25,0.392,0.492,0.5625,0.67
xenium_human_skin_melanoma,stage1,1000,828.65,9.82,0.28,1.0,0.41,1.0,0.64,1.0,0.92,1.0,0.25,0.392,0.492,0.5625,0.67
xenium_human_skin_melanoma,stage1_2,10,10.0,1.47,0.82,0.7408,0.9,0.668,0.99,0.5827,1.0,0.354,0.76,0.58,0.492,,
xenium_human_skin_melanoma,stage1_2,20,20.0,1.16,0.94,0.8708,0.97,0.814,1.0,0.7472,1.0,0.5251,0.9,0.758,0.683,0.5625,
xenium_human_skin_melanoma,stage1_2,50,50.0,1.06,0.98,0.9625,1.0,0.9682,1.0,0.9277,1.0,0.7742,0.96,0.948,0.895,0.825,0.67
xenium_human_skin_melanoma,stage1_2,100,100.0,1.01,0.99,0.99,1.0,0.9893,1.0,0.9813,1.0,0.9263,0.99,0.982,0.973,0.954,0.8902
xenium_human_skin_melanoma,stage1_2,200,200.0,1.0,1.0,1.0,1.0,1.0,1.0,0.9985,1.0,0.9906,1.0,1.0,0.996,0.9955,0.988
xenium_human_skin_melanoma,stage1_2,400,400.0,1.0,1.0,1.0,1.0,1.0,1.0,1.0,1.0,1.0,1.0,1.0,1.0,1.0,1.0
xenium_human_skin_melanoma,stage1_2,1000,828.65,1.0,1.0,1.0,1.0,1.0,1.0,1.0,1.0,1.0,1.0,1.0,1.0,1.0,1.0
